/*******************************************************************************
 * Size: 30 px
 * Bpp: 4
 * Opts: --font /Users/weiting/Library/Fonts/NotoSansCJKtc-Bold.otf --size 30 --bpp 4 --format lvgl --lv-include lvgl.h --no-compress -o /Users/weiting/Documents/workspace/beyblade-scoreboard/src/ui/fonts/font_tc_30.c -r 0x20-0x7F --symbols 一上下中二亮令保值停備儲先共出分利制動勝取史名回始存定家對尚局已平序度式得復必快恢戰手指撤效數新方普未束極標步歷比消清準無爆玩用界的目知確稱第紀結者聆聽致與號裂設語說請賽返通速重銷錄開限除雙震音頁順須預首？
 ******************************************************************************/

#ifdef LV_LVGL_H_INCLUDE_SIMPLE
#include "lvgl.h"
#else
#include "lvgl.h"
#endif

#ifndef FONT_TC_30
#define FONT_TC_30 1
#endif

#if FONT_TC_30

/*-----------------
 *    BITMAPS
 *----------------*/

/*Store the image of the glyphs*/
static LV_ATTRIBUTE_LARGE_CONST const uint8_t glyph_bitmap[] = {
    /* U+0020 " " */

    /* U+0021 "!" */
    0xa, 0xff, 0xfb, 0x0, 0x9f, 0xff, 0xb0, 0x9,
    0xff, 0xfa, 0x0, 0x8f, 0xff, 0xa0, 0x7, 0xff,
    0xf9, 0x0, 0x7f, 0xff, 0x80, 0x6, 0xff, 0xf7,
    0x0, 0x5f, 0xff, 0x60, 0x4, 0xff, 0xf5, 0x0,
    0x3f, 0xff, 0x40, 0x2, 0xff, 0xf4, 0x0, 0x1f,
    0xff, 0x30, 0x0, 0xff, 0xf2, 0x0, 0xf, 0xff,
    0x10, 0x0, 0xef, 0xf0, 0x0, 0x1, 0x11, 0x0,
    0x0, 0x0, 0x0, 0x0, 0x6, 0xa7, 0x0, 0xa,
    0xff, 0xfb, 0x1, 0xff, 0xff, 0xf2, 0x1f, 0xff,
    0xff, 0x30, 0xdf, 0xff, 0xe0, 0x2, 0xbf, 0xc3,
    0x0,

    /* U+0022 "\"" */
    0x27, 0x77, 0x70, 0x0, 0x67, 0x77, 0x45, 0xff,
    0xff, 0x10, 0xd, 0xff, 0xf9, 0x5f, 0xff, 0xf0,
    0x0, 0xdf, 0xff, 0x84, 0xff, 0xff, 0x0, 0xc,
    0xff, 0xf7, 0x3f, 0xff, 0xf0, 0x0, 0xbf, 0xff,
    0x71, 0xff, 0xfd, 0x0, 0x9, 0xff, 0xf5, 0xf,
    0xff, 0xb0, 0x0, 0x7f, 0xff, 0x30, 0xdf, 0xf8,
    0x0, 0x5, 0xff, 0xf1, 0xb, 0xff, 0x60, 0x0,
    0x3f, 0xfe, 0x0, 0x9f, 0xf4, 0x0, 0x1, 0xff,
    0xc0, 0x7, 0xff, 0x20, 0x0, 0xf, 0xfa, 0x0,

    /* U+0023 "#" */
    0x0, 0x0, 0x6f, 0xf2, 0x0, 0xf, 0xf9, 0x0,
    0x0, 0x0, 0x8f, 0xf0, 0x0, 0x2f, 0xf7, 0x0,
    0x0, 0x0, 0xbf, 0xe0, 0x0, 0x4f, 0xf5, 0x0,
    0x0, 0x0, 0xdf, 0xc0, 0x0, 0x6f, 0xf3, 0x0,
    0x0, 0x0, 0xff, 0xa0, 0x0, 0x9f, 0xf0, 0x0,
    0x2f, 0xff, 0xff, 0xff, 0xff, 0xff, 0xff, 0xfa,
    0x2f, 0xff, 0xff, 0xff, 0xff, 0xff, 0xff, 0xfa,
    0x1c, 0xce, 0xff, 0xdc, 0xcd, 0xff, 0xec, 0xc8,
    0x0, 0x7, 0xff, 0x20, 0x1, 0xff, 0x80, 0x0,
    0x0, 0x9, 0xff, 0x0, 0x2, 0xff, 0x70, 0x0,
    0x0, 0xa, 0xfe, 0x0, 0x4, 0xff, 0x50, 0x0,
    0x0, 0xc, 0xfd, 0x0, 0x6, 0xff, 0x40, 0x0,
    0x0, 0xd, 0xfb, 0x0, 0x7, 0xff, 0x20, 0x0,
    0xdf, 0xff, 0xff, 0xff, 0xff, 0xff, 0xff, 0xf0,
    0xdf, 0xff, 0xff, 0xff, 0xff, 0xff, 0xff, 0xf0,
    0xbd, 0xef, 0xfe, 0xdd, 0xdf, 0xff, 0xdd, 0xd0,
    0x0, 0x5f, 0xf4, 0x0, 0xf, 0xfa, 0x0, 0x0,
    0x0, 0x7f, 0xf2, 0x0, 0x1f, 0xf8, 0x0, 0x0,
    0x0, 0x9f, 0xf0, 0x0, 0x3f, 0xf6, 0x0, 0x0,
    0x0, 0xbf, 0xe0, 0x0, 0x5f, 0xf4, 0x0, 0x0,
    0x0, 0xdf, 0xc0, 0x0, 0x7f, 0xf2, 0x0, 0x0,
    0x0, 0xff, 0xa0, 0x0, 0x9f, 0xf0, 0x0, 0x0,

    /* U+0024 "$" */
    0x0, 0x0, 0x0, 0x8d, 0xd4, 0x0, 0x0, 0x0,
    0x0, 0x0, 0x9, 0xff, 0x50, 0x0, 0x0, 0x0,
    0x0, 0x0, 0x9f, 0xf5, 0x0, 0x0, 0x0, 0x0,
    0x0, 0x1c, 0xff, 0x93, 0x0, 0x0, 0x0, 0x2,
    0xbf, 0xff, 0xff, 0xfd, 0x40, 0x0, 0x3, 0xef,
    0xff, 0xff, 0xff, 0xff, 0x70, 0x0, 0xdf, 0xff,
    0xff, 0xff, 0xff, 0xfe, 0x10, 0x5f, 0xff, 0xf7,
    0x11, 0x49, 0xff, 0x30, 0x8, 0xff, 0xfb, 0x0,
    0x0, 0x5, 0x50, 0x0, 0xaf, 0xff, 0x90, 0x0,
    0x0, 0x0, 0x0, 0x8, 0xff, 0xfd, 0x0, 0x0,
    0x0, 0x0, 0x0, 0x5f, 0xff, 0xfc, 0x10, 0x0,
    0x0, 0x0, 0x0, 0xcf, 0xff, 0xff, 0x70, 0x0,
    0x0, 0x0, 0x2, 0xdf, 0xff, 0xff, 0xe5, 0x0,
    0x0, 0x0, 0x1, 0xbf, 0xff, 0xff, 0xfb, 0x10,
    0x0, 0x0, 0x0, 0x5d, 0xff, 0xff, 0xfd, 0x10,
    0x0, 0x0, 0x0, 0x7, 0xff, 0xff, 0xfb, 0x0,
    0x0, 0x0, 0x0, 0x1, 0xdf, 0xff, 0xf3, 0x0,
    0x0, 0x0, 0x0, 0x1, 0xff, 0xff, 0x70, 0x0,
    0x0, 0x0, 0x0, 0xa, 0xff, 0xf9, 0x0, 0x92,
    0x0, 0x0, 0x0, 0xcf, 0xff, 0x70, 0x7f, 0xf8,
    0x10, 0x0, 0x6f, 0xff, 0xf4, 0x2f, 0xff, 0xff,
    0xed, 0xff, 0xff, 0xfc, 0x2, 0xcf, 0xff, 0xff,
    0xff, 0xff, 0xfe, 0x30, 0x0, 0x6e, 0xff, 0xff,
    0xff, 0xfc, 0x20, 0x0, 0x0, 0x2, 0x7d, 0xff,
    0xa2, 0x0, 0x0, 0x0, 0x0, 0x0, 0x9f, 0xf5,
    0x0, 0x0, 0x0, 0x0, 0x0, 0x9, 0xff, 0x50,
    0x0, 0x0, 0x0, 0x0, 0x0, 0x9f, 0xf5, 0x0,
    0x0, 0x0,

    /* U+0025 "%" */
    0x0, 0x2, 0x9d, 0xfc, 0x80, 0x0, 0x0, 0x0,
    0x0, 0x2f, 0xf8, 0x0, 0x0, 0x0, 0x0, 0x4f,
    0xff, 0xff, 0xfd, 0x20, 0x0, 0x0, 0x0, 0xaf,
    0xe0, 0x0, 0x0, 0x0, 0x0, 0xef, 0xfb, 0x8d,
    0xff, 0xb0, 0x0, 0x0, 0x3, 0xff, 0x60, 0x0,
    0x0, 0x0, 0x8, 0xff, 0xb0, 0x1, 0xef, 0xf4,
    0x0, 0x0, 0xc, 0xfd, 0x0, 0x0, 0x0, 0x0,
    0xc, 0xff, 0x40, 0x0, 0x9f, 0xf8, 0x0, 0x0,
    0x4f, 0xf4, 0x0, 0x0, 0x0, 0x0, 0xe, 0xff,
    0x20, 0x0, 0x6f, 0xfa, 0x0, 0x0, 0xdf, 0xc0,
    0x0, 0x0, 0x0, 0x0, 0xf, 0xff, 0x10, 0x0,
    0x5f, 0xfc, 0x0, 0x6, 0xff, 0x30, 0x0, 0x0,
    0x0, 0x0, 0xe, 0xff, 0x20, 0x0, 0x6f, 0xfa,
    0x0, 0xe, 0xfa, 0x0, 0x0, 0x0, 0x0, 0x0,
    0xc, 0xff, 0x40, 0x0, 0x9f, 0xf7, 0x0, 0x8f,
    0xf2, 0x0, 0x8c, 0xfc, 0x80, 0x0, 0x7, 0xff,
    0xb0, 0x1, 0xef, 0xf3, 0x1, 0xff, 0x90, 0x2d,
    0xff, 0xff, 0xfd, 0x20, 0x0, 0xef, 0xfb, 0x8d,
    0xff, 0xb0, 0x9, 0xff, 0x10, 0xbf, 0xfd, 0x8d,
    0xff, 0xc0, 0x0, 0x4e, 0xff, 0xff, 0xfd, 0x20,
    0x2f, 0xf7, 0x3, 0xff, 0xe1, 0x0, 0xdf, 0xf4,
    0x0, 0x2, 0x9d, 0xfc, 0x80, 0x0, 0xbf, 0xe0,
    0x9, 0xff, 0x80, 0x0, 0x8f, 0xf9, 0x0, 0x0,
    0x0, 0x0, 0x0, 0x4, 0xff, 0x60, 0xb, 0xff,
    0x50, 0x0, 0x5f, 0xfb, 0x0, 0x0, 0x0, 0x0,
    0x0, 0xc, 0xfd, 0x0, 0xd, 0xff, 0x40, 0x0,
    0x3f, 0xfd, 0x0, 0x0, 0x0, 0x0, 0x0, 0x5f,
    0xf4, 0x0, 0xd, 0xff, 0x40, 0x0, 0x3f, 0xfd,
    0x0, 0x0, 0x0, 0x0, 0x0, 0xdf, 0xb0, 0x0,
    0xb, 0xff, 0x50, 0x0, 0x5f, 0xfb, 0x0, 0x0,
    0x0, 0x0, 0x7, 0xff, 0x30, 0x0, 0x9, 0xff,
    0x80, 0x0, 0x8f, 0xf9, 0x0, 0x0, 0x0, 0x0,
    0x1e, 0xfa, 0x0, 0x0, 0x3, 0xff, 0xe1, 0x1,
    0xef, 0xf3, 0x0, 0x0, 0x0, 0x0, 0x8f, 0xf1,
    0x0, 0x0, 0x0, 0xbf, 0xfd, 0x9d, 0xff, 0xb0,
    0x0, 0x0, 0x0, 0x2, 0xff, 0x80, 0x0, 0x0,
    0x0, 0x1d, 0xff, 0xff, 0xfd, 0x20, 0x0, 0x0,
    0x0, 0xa, 0xfe, 0x10, 0x0, 0x0, 0x0, 0x0,
    0x8c, 0xfc, 0x80, 0x0,

    /* U+0026 "&" */
    0x0, 0x0, 0x0, 0x3a, 0xdf, 0xda, 0x20, 0x0,
    0x0, 0x0, 0x0, 0x0, 0x0, 0x8, 0xff, 0xff,
    0xff, 0xf5, 0x0, 0x0, 0x0, 0x0, 0x0, 0x0,
    0x5f, 0xff, 0xff, 0xff, 0xff, 0x20, 0x0, 0x0,
    0x0, 0x0, 0x0, 0xef, 0xff, 0x30, 0x4f, 0xff,
    0x60, 0x0, 0x0, 0x0, 0x0, 0x2, 0xff, 0xf8,
    0x0, 0xe, 0xff, 0x90, 0x0, 0x0, 0x0, 0x0,
    0x4, 0xff, 0xf5, 0x0, 0xe, 0xff, 0x70, 0x0,
    0x0, 0x0, 0x0, 0x2, 0xff, 0xf7, 0x0, 0x7f,
    0xff, 0x30, 0x0, 0x0, 0x0, 0x0, 0x0, 0xff,
    0xfb, 0x7, 0xff, 0xf9, 0x0, 0x0, 0x0, 0x0,
    0x0, 0x0, 0x8f, 0xff, 0xcf, 0xff, 0xb0, 0x0,
    0x0, 0x0, 0x0, 0x0, 0x0, 0x2f, 0xff, 0xff,
    0xf9, 0x0, 0x0, 0x2, 0x44, 0x41, 0x0, 0x1,
    0xaf, 0xff, 0xff, 0x40, 0x0, 0x0, 0xe, 0xff,
    0xf1, 0x0, 0x1d, 0xff, 0xff, 0xff, 0x90, 0x0,
    0x0, 0x4f, 0xff, 0xb0, 0x0, 0xdf, 0xff, 0xff,
    0xff, 0xf9, 0x0, 0x0, 0xbf, 0xff, 0x40, 0x7,
    0xff, 0xff, 0x35, 0xff, 0xff, 0xa0, 0x4, 0xff,
    0xfd, 0x0, 0xd, 0xff, 0xf6, 0x0, 0x7f, 0xff,
    0xfd, 0x3e, 0xff, 0xf3, 0x0, 0xf, 0xff, 0xf2,
    0x0, 0x7, 0xff, 0xff, 0xff, 0xff, 0x90, 0x0,
    0xf, 0xff, 0xf4, 0x0, 0x0, 0x5f, 0xff, 0xff,
    0xfe, 0x0, 0x0, 0xc, 0xff, 0xfd, 0x0, 0x0,
    0x7, 0xff, 0xff, 0xff, 0xa3, 0x0, 0x7, 0xff,
    0xff, 0xe9, 0x68, 0xbf, 0xff, 0xff, 0xff, 0xff,
    0xd5, 0x0, 0xbf, 0xff, 0xff, 0xff, 0xff, 0xff,
    0xee, 0xff, 0xff, 0xf3, 0x0, 0x19, 0xff, 0xff,
    0xff, 0xff, 0xf7, 0x0, 0x7e, 0xff, 0xf0, 0x0,
    0x0, 0x39, 0xbe, 0xfe, 0xb7, 0x10, 0x0, 0x0,
    0x5a, 0x90,

    /* U+0027 "'" */
    0x27, 0x77, 0x70, 0x5f, 0xff, 0xf1, 0x5f, 0xff,
    0xf0, 0x4f, 0xff, 0xf0, 0x3f, 0xff, 0xf0, 0x1f,
    0xff, 0xd0, 0xf, 0xff, 0xb0, 0xd, 0xff, 0x80,
    0xb, 0xff, 0x60, 0x9, 0xff, 0x40, 0x7, 0xff,
    0x20,

    /* U+0028 "(" */
    0x0, 0x0, 0x17, 0x10, 0x0, 0x0, 0x9f, 0xf7,
    0x0, 0x2, 0xff, 0xf4, 0x0, 0xa, 0xff, 0xc0,
    0x0, 0x1f, 0xff, 0x50, 0x0, 0x8f, 0xfe, 0x0,
    0x0, 0xef, 0xf9, 0x0, 0x3, 0xff, 0xf4, 0x0,
    0x7, 0xff, 0xf0, 0x0, 0xb, 0xff, 0xc0, 0x0,
    0xe, 0xff, 0x90, 0x0, 0x2f, 0xff, 0x60, 0x0,
    0x3f, 0xff, 0x40, 0x0, 0x4f, 0xff, 0x40, 0x0,
    0x5f, 0xff, 0x30, 0x0, 0x6f, 0xff, 0x20, 0x0,
    0x6f, 0xff, 0x20, 0x0, 0x5f, 0xff, 0x30, 0x0,
    0x4f, 0xff, 0x40, 0x0, 0x2f, 0xff, 0x60, 0x0,
    0xf, 0xff, 0x80, 0x0, 0xc, 0xff, 0xb0, 0x0,
    0x9, 0xff, 0xe0, 0x0, 0x5, 0xff, 0xf2, 0x0,
    0x0, 0xff, 0xf8, 0x0, 0x0, 0xaf, 0xfd, 0x0,
    0x0, 0x3f, 0xff, 0x20, 0x0, 0xd, 0xff, 0xa0,
    0x0, 0x4, 0xff, 0xf2, 0x0, 0x0, 0xcf, 0xf9,
    0x0, 0x0, 0x3c, 0x50,

    /* U+0029 ")" */
    0x0, 0x54, 0x0, 0x0, 0x3e, 0xfe, 0x0, 0x0,
    0xe, 0xff, 0x70, 0x0, 0x7, 0xff, 0xf1, 0x0,
    0x0, 0xef, 0xf7, 0x0, 0x0, 0x9f, 0xfd, 0x0,
    0x0, 0x4f, 0xff, 0x30, 0x0, 0xe, 0xff, 0x90,
    0x0, 0xa, 0xff, 0xd0, 0x0, 0x7, 0xff, 0xf1,
    0x0, 0x4, 0xff, 0xf4, 0x0, 0x1, 0xff, 0xf7,
    0x0, 0x0, 0xff, 0xf9, 0x0, 0x0, 0xef, 0xfa,
    0x0, 0x0, 0xdf, 0xfb, 0x0, 0x0, 0xcf, 0xfc,
    0x0, 0x0, 0xdf, 0xfb, 0x0, 0x0, 0xef, 0xfa,
    0x0, 0x0, 0xff, 0xf9, 0x0, 0x0, 0xff, 0xf8,
    0x0, 0x3, 0xff, 0xf5, 0x0, 0x6, 0xff, 0xf2,
    0x0, 0x9, 0xff, 0xe0, 0x0, 0xd, 0xff, 0xa0,
    0x0, 0x2f, 0xff, 0x50, 0x0, 0x7f, 0xfe, 0x0,
    0x0, 0xdf, 0xf9, 0x0, 0x4, 0xff, 0xf2, 0x0,
    0xc, 0xff, 0xa0, 0x0, 0x3f, 0xff, 0x20, 0x0,
    0x3, 0xa8, 0x0, 0x0,

    /* U+002A "*" */
    0x0, 0x0, 0xa, 0xfd, 0x0, 0x0, 0x0, 0x0,
    0x0, 0xbf, 0xe0, 0x0, 0x0, 0x0, 0x0, 0xd,
    0xff, 0x0, 0x0, 0x0, 0xca, 0x63, 0xff, 0xf4,
    0x69, 0xd2, 0x4f, 0xff, 0xff, 0xff, 0xff, 0xff,
    0x72, 0xbf, 0xff, 0xff, 0xff, 0xff, 0xc4, 0x0,
    0x29, 0xff, 0xff, 0xfa, 0x30, 0x0, 0x0, 0x5f,
    0xff, 0xff, 0x80, 0x0, 0x0, 0xe, 0xff, 0xdf,
    0xff, 0x20, 0x0, 0x8, 0xff, 0xc0, 0x9f, 0xfb,
    0x0, 0x0, 0x7f, 0xd1, 0x0, 0xaf, 0xa0, 0x0,
    0x0, 0x31, 0x0, 0x0, 0x50, 0x0,

    /* U+002B "+" */
    0x0, 0x0, 0x0, 0x8a, 0xa5, 0x0, 0x0, 0x0,
    0x0, 0x0, 0x0, 0xcf, 0xf7, 0x0, 0x0, 0x0,
    0x0, 0x0, 0x0, 0xcf, 0xf7, 0x0, 0x0, 0x0,
    0x0, 0x0, 0x0, 0xcf, 0xf7, 0x0, 0x0, 0x0,
    0x0, 0x0, 0x0, 0xcf, 0xf7, 0x0, 0x0, 0x0,
    0x0, 0x0, 0x0, 0xcf, 0xf7, 0x0, 0x0, 0x0,
    0x11, 0x11, 0x11, 0xdf, 0xf8, 0x11, 0x11, 0x10,
    0xdf, 0xff, 0xff, 0xff, 0xff, 0xff, 0xff, 0xf8,
    0xdf, 0xff, 0xff, 0xff, 0xff, 0xff, 0xff, 0xf8,
    0xdf, 0xff, 0xff, 0xff, 0xff, 0xff, 0xff, 0xf8,
    0x0, 0x0, 0x0, 0xcf, 0xf7, 0x0, 0x0, 0x0,
    0x0, 0x0, 0x0, 0xcf, 0xf7, 0x0, 0x0, 0x0,
    0x0, 0x0, 0x0, 0xcf, 0xf7, 0x0, 0x0, 0x0,
    0x0, 0x0, 0x0, 0xcf, 0xf7, 0x0, 0x0, 0x0,
    0x0, 0x0, 0x0, 0xcf, 0xf7, 0x0, 0x0, 0x0,
    0x0, 0x0, 0x0, 0xcf, 0xf7, 0x0, 0x0, 0x0,

    /* U+002C "," */
    0x0, 0x0, 0x0, 0x0, 0x1, 0xbf, 0xfb, 0x0,
    0x9, 0xff, 0xff, 0x90, 0xc, 0xff, 0xff, 0xf0,
    0x9, 0xff, 0xff, 0xf1, 0x0, 0x9e, 0xff, 0xf2,
    0x0, 0x0, 0xef, 0xf0, 0x0, 0x3, 0xff, 0xc0,
    0x0, 0x1d, 0xff, 0x50, 0x5, 0xef, 0xfc, 0x0,
    0x3f, 0xff, 0xb0, 0x0, 0xd, 0xe8, 0x0, 0x0,
    0x3, 0x0, 0x0, 0x0,

    /* U+002D "-" */
    0x12, 0x22, 0x22, 0x22, 0x18, 0xff, 0xff, 0xff,
    0xfa, 0x8f, 0xff, 0xff, 0xff, 0xa8, 0xff, 0xff,
    0xff, 0xfa,

    /* U+002E "." */
    0x4, 0x99, 0x20, 0x5f, 0xff, 0xf2, 0xcf, 0xff,
    0xf8, 0xcf, 0xff, 0xf8, 0x8f, 0xff, 0xf4, 0x9,
    0xee, 0x60,

    /* U+002F "/" */
    0x0, 0x0, 0x0, 0x3, 0xff, 0xa0, 0x0, 0x0,
    0x0, 0x7f, 0xf6, 0x0, 0x0, 0x0, 0xc, 0xff,
    0x20, 0x0, 0x0, 0x0, 0xff, 0xe0, 0x0, 0x0,
    0x0, 0x4f, 0xfa, 0x0, 0x0, 0x0, 0x8, 0xff,
    0x60, 0x0, 0x0, 0x0, 0xcf, 0xf2, 0x0, 0x0,
    0x0, 0xf, 0xfd, 0x0, 0x0, 0x0, 0x4, 0xff,
    0x90, 0x0, 0x0, 0x0, 0x8f, 0xf5, 0x0, 0x0,
    0x0, 0xd, 0xff, 0x10, 0x0, 0x0, 0x1, 0xff,
    0xd0, 0x0, 0x0, 0x0, 0x5f, 0xf9, 0x0, 0x0,
    0x0, 0x9, 0xff, 0x50, 0x0, 0x0, 0x0, 0xdf,
    0xf1, 0x0, 0x0, 0x0, 0x1f, 0xfd, 0x0, 0x0,
    0x0, 0x5, 0xff, 0x80, 0x0, 0x0, 0x0, 0x9f,
    0xf4, 0x0, 0x0, 0x0, 0xd, 0xff, 0x10, 0x0,
    0x0, 0x2, 0xff, 0xc0, 0x0, 0x0, 0x0, 0x6f,
    0xf8, 0x0, 0x0, 0x0, 0xa, 0xff, 0x40, 0x0,
    0x0, 0x0, 0xef, 0xf0, 0x0, 0x0, 0x0, 0x2f,
    0xfc, 0x0, 0x0, 0x0, 0x6, 0xff, 0x80, 0x0,
    0x0, 0x0, 0xaf, 0xf4, 0x0, 0x0, 0x0, 0xe,
    0xff, 0x0, 0x0, 0x0, 0x3, 0xff, 0xb0, 0x0,
    0x0, 0x0, 0x7f, 0xf7, 0x0, 0x0, 0x0, 0x0,

    /* U+0030 "0" */
    0x0, 0x0, 0x29, 0xdf, 0xec, 0x70, 0x0, 0x0,
    0x0, 0x7, 0xff, 0xff, 0xff, 0xfe, 0x30, 0x0,
    0x0, 0x6f, 0xff, 0xff, 0xff, 0xff, 0xe2, 0x0,
    0x1, 0xff, 0xff, 0xc7, 0x8e, 0xff, 0xfc, 0x0,
    0x9, 0xff, 0xfb, 0x0, 0x2, 0xff, 0xff, 0x40,
    0xe, 0xff, 0xf3, 0x0, 0x0, 0x8f, 0xff, 0x90,
    0x3f, 0xff, 0xe0, 0x0, 0x0, 0x3f, 0xff, 0xe0,
    0x6f, 0xff, 0xb0, 0x0, 0x0, 0xf, 0xff, 0xf1,
    0x8f, 0xff, 0x90, 0x0, 0x0, 0xe, 0xff, 0xf3,
    0x9f, 0xff, 0x80, 0x0, 0x0, 0xd, 0xff, 0xf4,
    0xaf, 0xff, 0x70, 0x0, 0x0, 0xd, 0xff, 0xf5,
    0xaf, 0xff, 0x70, 0x0, 0x0, 0xd, 0xff, 0xf5,
    0x9f, 0xff, 0x80, 0x0, 0x0, 0xd, 0xff, 0xf4,
    0x8f, 0xff, 0x90, 0x0, 0x0, 0xf, 0xff, 0xf3,
    0x5f, 0xff, 0xb0, 0x0, 0x0, 0x1f, 0xff, 0xf0,
    0x2f, 0xff, 0xf0, 0x0, 0x0, 0x4f, 0xff, 0xd0,
    0xe, 0xff, 0xf4, 0x0, 0x0, 0x9f, 0xff, 0x80,
    0x8, 0xff, 0xfc, 0x0, 0x2, 0xff, 0xff, 0x30,
    0x1, 0xef, 0xff, 0xd8, 0x9e, 0xff, 0xfb, 0x0,
    0x0, 0x5f, 0xff, 0xff, 0xff, 0xff, 0xe1, 0x0,
    0x0, 0x6, 0xff, 0xff, 0xff, 0xfd, 0x20, 0x0,
    0x0, 0x0, 0x29, 0xdf, 0xec, 0x70, 0x0, 0x0,

    /* U+0031 "1" */
    0x0, 0x0, 0x19, 0xff, 0xfa, 0x0, 0x0, 0x3,
    0x7b, 0xff, 0xff, 0xfa, 0x0, 0x0, 0xc, 0xff,
    0xff, 0xff, 0xfa, 0x0, 0x0, 0xc, 0xff, 0xff,
    0xff, 0xfa, 0x0, 0x0, 0x7, 0x99, 0x9e, 0xff,
    0xfa, 0x0, 0x0, 0x0, 0x0, 0xb, 0xff, 0xfa,
    0x0, 0x0, 0x0, 0x0, 0xb, 0xff, 0xfa, 0x0,
    0x0, 0x0, 0x0, 0xb, 0xff, 0xfa, 0x0, 0x0,
    0x0, 0x0, 0xb, 0xff, 0xfa, 0x0, 0x0, 0x0,
    0x0, 0xb, 0xff, 0xfa, 0x0, 0x0, 0x0, 0x0,
    0xb, 0xff, 0xfa, 0x0, 0x0, 0x0, 0x0, 0xb,
    0xff, 0xfa, 0x0, 0x0, 0x0, 0x0, 0xb, 0xff,
    0xfa, 0x0, 0x0, 0x0, 0x0, 0xb, 0xff, 0xfa,
    0x0, 0x0, 0x0, 0x0, 0xb, 0xff, 0xfa, 0x0,
    0x0, 0x0, 0x0, 0xb, 0xff, 0xfa, 0x0, 0x0,
    0x0, 0x0, 0xb, 0xff, 0xfa, 0x0, 0x0, 0x0,
    0x0, 0xb, 0xff, 0xfa, 0x0, 0x0, 0x48, 0x88,
    0x8e, 0xff, 0xfd, 0x88, 0x87, 0x8f, 0xff, 0xff,
    0xff, 0xff, 0xff, 0xfc, 0x8f, 0xff, 0xff, 0xff,
    0xff, 0xff, 0xfc, 0x8f, 0xff, 0xff, 0xff, 0xff,
    0xff, 0xfc,

    /* U+0032 "2" */
    0x0, 0x3, 0x9d, 0xee, 0xc9, 0x30, 0x0, 0x0,
    0x1, 0xaf, 0xff, 0xff, 0xff, 0xf9, 0x0, 0x0,
    0x2e, 0xff, 0xff, 0xff, 0xff, 0xff, 0xa0, 0x0,
    0xaf, 0xff, 0xfa, 0x79, 0xef, 0xff, 0xf5, 0x0,
    0xa, 0xfc, 0x10, 0x0, 0x1d, 0xff, 0xfc, 0x0,
    0x0, 0x60, 0x0, 0x0, 0x5, 0xff, 0xff, 0x0,
    0x0, 0x0, 0x0, 0x0, 0x2, 0xff, 0xff, 0x10,
    0x0, 0x0, 0x0, 0x0, 0x3, 0xff, 0xff, 0x0,
    0x0, 0x0, 0x0, 0x0, 0x6, 0xff, 0xfd, 0x0,
    0x0, 0x0, 0x0, 0x0, 0xc, 0xff, 0xf8, 0x0,
    0x0, 0x0, 0x0, 0x0, 0x4f, 0xff, 0xf1, 0x0,
    0x0, 0x0, 0x0, 0x0, 0xef, 0xff, 0x80, 0x0,
    0x0, 0x0, 0x0, 0xa, 0xff, 0xfe, 0x10, 0x0,
    0x0, 0x0, 0x0, 0x8f, 0xff, 0xf4, 0x0, 0x0,
    0x0, 0x0, 0x6, 0xff, 0xff, 0x70, 0x0, 0x0,
    0x0, 0x0, 0x6f, 0xff, 0xfa, 0x0, 0x0, 0x0,
    0x0, 0x6, 0xff, 0xff, 0xb0, 0x0, 0x0, 0x0,
    0x0, 0x7f, 0xff, 0xfb, 0x0, 0x0, 0x0, 0x0,
    0x9, 0xff, 0xff, 0xf8, 0x89, 0xaa, 0xaa, 0xa1,
    0x9f, 0xff, 0xff, 0xff, 0xff, 0xff, 0xff, 0xf2,
    0xbf, 0xff, 0xff, 0xff, 0xff, 0xff, 0xff, 0xf2,
    0xbf, 0xff, 0xff, 0xff, 0xff, 0xff, 0xff, 0xf2,

    /* U+0033 "3" */
    0x0, 0x0, 0x39, 0xde, 0xfd, 0xb6, 0x0, 0x0,
    0x0, 0x2, 0xbf, 0xff, 0xff, 0xff, 0xfe, 0x50,
    0x0, 0x4, 0xff, 0xff, 0xff, 0xff, 0xff, 0xff,
    0x40, 0x0, 0xc, 0xff, 0xfb, 0x88, 0xcf, 0xff,
    0xfe, 0x0, 0x0, 0x1d, 0xa1, 0x0, 0x0, 0x9f,
    0xff, 0xf2, 0x0, 0x0, 0x0, 0x0, 0x0, 0x3,
    0xff, 0xff, 0x40, 0x0, 0x0, 0x0, 0x0, 0x0,
    0x4f, 0xff, 0xf2, 0x0, 0x0, 0x0, 0x0, 0x0,
    0xc, 0xff, 0xfc, 0x0, 0x0, 0x0, 0x1, 0x34,
    0x8e, 0xff, 0xff, 0x30, 0x0, 0x0, 0x0, 0x8f,
    0xff, 0xff, 0xfc, 0x20, 0x0, 0x0, 0x0, 0x8,
    0xff, 0xff, 0xfe, 0x40, 0x0, 0x0, 0x0, 0x0,
    0x8f, 0xff, 0xff, 0xff, 0xc1, 0x0, 0x0, 0x0,
    0x0, 0x1, 0x48, 0xff, 0xff, 0xd0, 0x0, 0x0,
    0x0, 0x0, 0x0, 0x3, 0xff, 0xff, 0x80, 0x0,
    0x0, 0x0, 0x0, 0x0, 0x9, 0xff, 0xfc, 0x0,
    0x0, 0x0, 0x0, 0x0, 0x0, 0x7f, 0xff, 0xf0,
    0x0, 0x54, 0x0, 0x0, 0x0, 0xa, 0xff, 0xfe,
    0x0, 0x2f, 0xf9, 0x10, 0x0, 0x6, 0xff, 0xff,
    0xb0, 0xd, 0xff, 0xff, 0xb9, 0xad, 0xff, 0xff,
    0xf4, 0x0, 0x9f, 0xff, 0xff, 0xff, 0xff, 0xff,
    0xf6, 0x0, 0x0, 0x6e, 0xff, 0xff, 0xff, 0xff,
    0xe6, 0x0, 0x0, 0x0, 0x5, 0xad, 0xef, 0xda,
    0x60, 0x0, 0x0,

    /* U+0034 "4" */
    0x0, 0x0, 0x0, 0x0, 0x6f, 0xff, 0xff, 0x30,
    0x0, 0x0, 0x0, 0x0, 0x1e, 0xff, 0xff, 0xf3,
    0x0, 0x0, 0x0, 0x0, 0xa, 0xff, 0xff, 0xff,
    0x30, 0x0, 0x0, 0x0, 0x4, 0xff, 0xff, 0xff,
    0xf3, 0x0, 0x0, 0x0, 0x0, 0xdf, 0xfd, 0xbf,
    0xff, 0x30, 0x0, 0x0, 0x0, 0x8f, 0xff, 0x5c,
    0xff, 0xf3, 0x0, 0x0, 0x0, 0x2f, 0xff, 0xd0,
    0xdf, 0xff, 0x30, 0x0, 0x0, 0xb, 0xff, 0xf5,
    0xd, 0xff, 0xf3, 0x0, 0x0, 0x5, 0xff, 0xfc,
    0x0, 0xef, 0xff, 0x30, 0x0, 0x1, 0xef, 0xff,
    0x20, 0xe, 0xff, 0xf3, 0x0, 0x0, 0x9f, 0xff,
    0x70, 0x0, 0xef, 0xff, 0x30, 0x0, 0x3f, 0xff,
    0xd0, 0x0, 0xe, 0xff, 0xf3, 0x0, 0xd, 0xff,
    0xf3, 0x0, 0x0, 0xef, 0xff, 0x30, 0x5, 0xff,
    0xff, 0xff, 0xff, 0xff, 0xff, 0xff, 0xfd, 0x5f,
    0xff, 0xff, 0xff, 0xff, 0xff, 0xff, 0xff, 0xd5,
    0xff, 0xff, 0xff, 0xff, 0xff, 0xff, 0xff, 0xfd,
    0x14, 0x44, 0x44, 0x44, 0x44, 0xef, 0xff, 0x74,
    0x40, 0x0, 0x0, 0x0, 0x0, 0xe, 0xff, 0xf3,
    0x0, 0x0, 0x0, 0x0, 0x0, 0x0, 0xef, 0xff,
    0x30, 0x0, 0x0, 0x0, 0x0, 0x0, 0xe, 0xff,
    0xf3, 0x0, 0x0, 0x0, 0x0, 0x0, 0x0, 0xef,
    0xff, 0x30, 0x0, 0x0, 0x0, 0x0, 0x0, 0xe,
    0xff, 0xf3, 0x0,

    /* U+0035 "5" */
    0x0, 0xe, 0xff, 0xff, 0xff, 0xff, 0xff, 0xf0,
    0x0, 0x0, 0xef, 0xff, 0xff, 0xff, 0xff, 0xff,
    0x0, 0x0, 0xf, 0xff, 0xff, 0xff, 0xff, 0xff,
    0xf0, 0x0, 0x0, 0xff, 0xff, 0xaa, 0xaa, 0xaa,
    0xaa, 0x0, 0x0, 0x1f, 0xff, 0xd0, 0x0, 0x0,
    0x0, 0x0, 0x0, 0x2, 0xff, 0xfc, 0x0, 0x0,
    0x0, 0x0, 0x0, 0x0, 0x3f, 0xff, 0xa0, 0x0,
    0x0, 0x0, 0x0, 0x0, 0x4, 0xff, 0xfc, 0xbe,
    0xfc, 0xa3, 0x0, 0x0, 0x0, 0x5f, 0xff, 0xff,
    0xff, 0xff, 0xf9, 0x0, 0x0, 0x6, 0xff, 0xff,
    0xff, 0xff, 0xff, 0xf8, 0x0, 0x0, 0x8, 0xfb,
    0x42, 0x37, 0xff, 0xff, 0xf3, 0x0, 0x0, 0x1,
    0x0, 0x0, 0x3, 0xff, 0xff, 0xa0, 0x0, 0x0,
    0x0, 0x0, 0x0, 0xa, 0xff, 0xfe, 0x0, 0x0,
    0x0, 0x0, 0x0, 0x0, 0x7f, 0xff, 0xf0, 0x0,
    0x0, 0x0, 0x0, 0x0, 0x6, 0xff, 0xff, 0x0,
    0x0, 0x0, 0x0, 0x0, 0x0, 0x9f, 0xff, 0xe0,
    0x0, 0x65, 0x0, 0x0, 0x0, 0xe, 0xff, 0xfb,
    0x0, 0x3f, 0xf9, 0x10, 0x0, 0x1a, 0xff, 0xff,
    0x50, 0xd, 0xff, 0xff, 0xb9, 0xbe, 0xff, 0xff,
    0xa0, 0x0, 0x9f, 0xff, 0xff, 0xff, 0xff, 0xff,
    0xe1, 0x0, 0x0, 0x5e, 0xff, 0xff, 0xff, 0xff,
    0xa1, 0x0, 0x0, 0x0, 0x5, 0xad, 0xef, 0xea,
    0x40, 0x0, 0x0,

    /* U+0036 "6" */
    0x0, 0x0, 0x2, 0x8d, 0xff, 0xda, 0x40, 0x0,
    0x0, 0x0, 0x8f, 0xff, 0xff, 0xff, 0xfc, 0x20,
    0x0, 0xa, 0xff, 0xff, 0xff, 0xff, 0xff, 0xd0,
    0x0, 0x7f, 0xff, 0xfe, 0xa8, 0xbf, 0xfe, 0x30,
    0x1, 0xff, 0xff, 0xa0, 0x0, 0x1, 0xa3, 0x0,
    0x8, 0xff, 0xfb, 0x0, 0x0, 0x0, 0x0, 0x0,
    0xd, 0xff, 0xf3, 0x0, 0x0, 0x0, 0x0, 0x0,
    0x1f, 0xff, 0xe0, 0x0, 0x0, 0x0, 0x0, 0x0,
    0x4f, 0xff, 0xb0, 0x5c, 0xff, 0xda, 0x20, 0x0,
    0x6f, 0xff, 0x9a, 0xff, 0xff, 0xff, 0xf7, 0x0,
    0x7f, 0xff, 0xff, 0xff, 0xff, 0xff, 0xff, 0x30,
    0x7f, 0xff, 0xff, 0x81, 0x4, 0xdf, 0xff, 0xc0,
    0x6f, 0xff, 0xf4, 0x0, 0x0, 0x2f, 0xff, 0xf1,
    0x5f, 0xff, 0xb0, 0x0, 0x0, 0xb, 0xff, 0xf3,
    0x3f, 0xff, 0xd0, 0x0, 0x0, 0x9, 0xff, 0xf6,
    0xf, 0xff, 0xf1, 0x0, 0x0, 0xb, 0xff, 0xf5,
    0xa, 0xff, 0xf7, 0x0, 0x0, 0xd, 0xff, 0xf3,
    0x4, 0xff, 0xfe, 0x20, 0x0, 0x6f, 0xff, 0xe0,
    0x0, 0xbf, 0xff, 0xe7, 0x59, 0xff, 0xff, 0x60,
    0x0, 0x1e, 0xff, 0xff, 0xff, 0xff, 0xfb, 0x0,
    0x0, 0x1, 0xcf, 0xff, 0xff, 0xff, 0x90, 0x0,
    0x0, 0x0, 0x5, 0xbe, 0xfe, 0xb4, 0x0, 0x0,

    /* U+0037 "7" */
    0x7f, 0xff, 0xff, 0xff, 0xff, 0xff, 0xff, 0xf4,
    0x7f, 0xff, 0xff, 0xff, 0xff, 0xff, 0xff, 0xf4,
    0x7f, 0xff, 0xff, 0xff, 0xff, 0xff, 0xff, 0xf3,
    0x5a, 0xaa, 0xaa, 0xaa, 0xaa, 0xef, 0xff, 0xa0,
    0x0, 0x0, 0x0, 0x0, 0x2, 0xff, 0xfd, 0x0,
    0x0, 0x0, 0x0, 0x0, 0xb, 0xff, 0xf3, 0x0,
    0x0, 0x0, 0x0, 0x0, 0x5f, 0xff, 0x80, 0x0,
    0x0, 0x0, 0x0, 0x0, 0xef, 0xfe, 0x0, 0x0,
    0x0, 0x0, 0x0, 0x6, 0xff, 0xf7, 0x0, 0x0,
    0x0, 0x0, 0x0, 0xc, 0xff, 0xf1, 0x0, 0x0,
    0x0, 0x0, 0x0, 0x3f, 0xff, 0xa0, 0x0, 0x0,
    0x0, 0x0, 0x0, 0xaf, 0xff, 0x50, 0x0, 0x0,
    0x0, 0x0, 0x0, 0xff, 0xff, 0x20, 0x0, 0x0,
    0x0, 0x0, 0x3, 0xff, 0xff, 0x0, 0x0, 0x0,
    0x0, 0x0, 0x6, 0xff, 0xfc, 0x0, 0x0, 0x0,
    0x0, 0x0, 0xa, 0xff, 0xf9, 0x0, 0x0, 0x0,
    0x0, 0x0, 0xd, 0xff, 0xf6, 0x0, 0x0, 0x0,
    0x0, 0x0, 0xf, 0xff, 0xf4, 0x0, 0x0, 0x0,
    0x0, 0x0, 0x1f, 0xff, 0xf3, 0x0, 0x0, 0x0,
    0x0, 0x0, 0x3f, 0xff, 0xf2, 0x0, 0x0, 0x0,
    0x0, 0x0, 0x4f, 0xff, 0xf1, 0x0, 0x0, 0x0,
    0x0, 0x0, 0x6f, 0xff, 0xf0, 0x0, 0x0, 0x0,

    /* U+0038 "8" */
    0x0, 0x0, 0x39, 0xce, 0xec, 0x92, 0x0, 0x0,
    0x0, 0xa, 0xff, 0xff, 0xff, 0xff, 0x80, 0x0,
    0x0, 0x9f, 0xff, 0xff, 0xff, 0xff, 0xf5, 0x0,
    0x3, 0xff, 0xff, 0x61, 0x28, 0xff, 0xff, 0x0,
    0x7, 0xff, 0xf8, 0x0, 0x0, 0x9f, 0xff, 0x30,
    0xa, 0xff, 0xf3, 0x0, 0x0, 0x4f, 0xff, 0x50,
    0x9, 0xff, 0xf5, 0x0, 0x0, 0x4f, 0xff, 0x40,
    0x5, 0xff, 0xfc, 0x0, 0x0, 0x7f, 0xff, 0x0,
    0x0, 0xdf, 0xff, 0xb1, 0x0, 0xdf, 0xf7, 0x0,
    0x0, 0x2e, 0xff, 0xff, 0x8a, 0xff, 0xa0, 0x0,
    0x0, 0x2, 0xef, 0xff, 0xff, 0xfc, 0x0, 0x0,
    0x0, 0x2c, 0xff, 0xff, 0xff, 0xff, 0xc1, 0x0,
    0x2, 0xef, 0xfb, 0x6, 0xdf, 0xff, 0xfd, 0x10,
    0xc, 0xff, 0xd0, 0x0, 0x7, 0xff, 0xff, 0x90,
    0x4f, 0xff, 0x70, 0x0, 0x0, 0x6f, 0xff, 0xf0,
    0x7f, 0xff, 0x40, 0x0, 0x0, 0xf, 0xff, 0xf2,
    0x8f, 0xff, 0x50, 0x0, 0x0, 0xe, 0xff, 0xf4,
    0x6f, 0xff, 0xc0, 0x0, 0x0, 0x3f, 0xff, 0xf2,
    0x1f, 0xff, 0xfd, 0x52, 0x26, 0xef, 0xff, 0xc0,
    0x4, 0xff, 0xff, 0xff, 0xff, 0xff, 0xfe, 0x10,
    0x0, 0x5e, 0xff, 0xff, 0xff, 0xff, 0xb2, 0x0,
    0x0, 0x0, 0x6a, 0xcf, 0xec, 0x94, 0x0, 0x0,

    /* U+0039 "9" */
    0x0, 0x0, 0x7b, 0xef, 0xd9, 0x30, 0x0, 0x0,
    0x0, 0x4e, 0xff, 0xff, 0xff, 0xf9, 0x0, 0x0,
    0x3, 0xff, 0xff, 0xff, 0xff, 0xff, 0xb0, 0x0,
    0xd, 0xff, 0xfd, 0x65, 0x9f, 0xff, 0xf7, 0x0,
    0x6f, 0xff, 0xe0, 0x0, 0x4, 0xff, 0xff, 0x0,
    0xaf, 0xff, 0x70, 0x0, 0x0, 0x9f, 0xff, 0x60,
    0xcf, 0xff, 0x40, 0x0, 0x0, 0x4f, 0xff, 0xa0,
    0xaf, 0xff, 0x50, 0x0, 0x0, 0xf, 0xff, 0xe0,
    0x8f, 0xff, 0xa0, 0x0, 0x0, 0x6f, 0xff, 0xf0,
    0x4f, 0xff, 0xf9, 0x20, 0x3a, 0xff, 0xff, 0xf1,
    0xb, 0xff, 0xff, 0xff, 0xff, 0xff, 0xff, 0xf2,
    0x1, 0xdf, 0xff, 0xff, 0xff, 0x5f, 0xff, 0xf1,
    0x0, 0x6, 0xcf, 0xff, 0xa2, 0xf, 0xff, 0xf0,
    0x0, 0x0, 0x0, 0x10, 0x0, 0x3f, 0xff, 0xe0,
    0x0, 0x0, 0x0, 0x0, 0x0, 0x6f, 0xff, 0xb0,
    0x0, 0x0, 0x0, 0x0, 0x0, 0xcf, 0xff, 0x70,
    0x0, 0x0, 0x0, 0x0, 0x4, 0xff, 0xff, 0x20,
    0x0, 0xbc, 0x10, 0x0, 0x3e, 0xff, 0xfb, 0x0,
    0x9, 0xff, 0xfc, 0x9c, 0xff, 0xff, 0xf2, 0x0,
    0x3f, 0xff, 0xff, 0xff, 0xff, 0xff, 0x50, 0x0,
    0x4, 0xef, 0xff, 0xff, 0xff, 0xe4, 0x0, 0x0,
    0x0, 0x6, 0xbe, 0xfe, 0xc7, 0x0, 0x0, 0x0,

    /* U+003A ":" */
    0x9, 0xee, 0x60, 0x8f, 0xff, 0xf4, 0xcf, 0xff,
    0xf8, 0xcf, 0xff, 0xf7, 0x4f, 0xff, 0xf1, 0x3,
    0x98, 0x20, 0x0, 0x0, 0x0, 0x0, 0x0, 0x0,
    0x0, 0x0, 0x0, 0x0, 0x0, 0x0, 0x0, 0x0,
    0x0, 0x4, 0x99, 0x20, 0x5f, 0xff, 0xf2, 0xcf,
    0xff, 0xf8, 0xcf, 0xff, 0xf8, 0x8f, 0xff, 0xf4,
    0x9, 0xee, 0x60,

    /* U+003B ";" */
    0x0, 0x9e, 0xe6, 0x0, 0x8, 0xff, 0xff, 0x40,
    0xc, 0xff, 0xff, 0x80, 0xc, 0xff, 0xff, 0x70,
    0x4, 0xff, 0xff, 0x10, 0x0, 0x39, 0x82, 0x0,
    0x0, 0x0, 0x0, 0x0, 0x0, 0x0, 0x0, 0x0,
    0x0, 0x0, 0x0, 0x0, 0x0, 0x0, 0x0, 0x0,
    0x0, 0x0, 0x0, 0x0, 0x0, 0x0, 0x0, 0x0,
    0x1, 0xbf, 0xfb, 0x0, 0x9, 0xff, 0xff, 0x90,
    0xc, 0xff, 0xff, 0xf0, 0x9, 0xff, 0xff, 0xf1,
    0x0, 0x9e, 0xff, 0xf2, 0x0, 0x0, 0xef, 0xf0,
    0x0, 0x3, 0xff, 0xc0, 0x0, 0x1d, 0xff, 0x50,
    0x5, 0xef, 0xfc, 0x0, 0x3f, 0xff, 0xb0, 0x0,
    0xd, 0xe8, 0x0, 0x0, 0x3, 0x0, 0x0, 0x0,

    /* U+003C "<" */
    0x0, 0x0, 0x0, 0x0, 0x0, 0x0, 0x0, 0x24,
    0x0, 0x0, 0x0, 0x0, 0x0, 0x1, 0x6c, 0xf8,
    0x0, 0x0, 0x0, 0x0, 0x4, 0xaf, 0xff, 0xf8,
    0x0, 0x0, 0x0, 0x28, 0xef, 0xff, 0xff, 0xf8,
    0x0, 0x0, 0x5b, 0xff, 0xff, 0xff, 0xfb, 0x61,
    0x3, 0x9f, 0xff, 0xff, 0xff, 0xb6, 0x10, 0x0,
    0xbf, 0xff, 0xff, 0xfc, 0x61, 0x0, 0x0, 0x0,
    0xdf, 0xff, 0xe7, 0x10, 0x0, 0x0, 0x0, 0x0,
    0xdf, 0xff, 0xfc, 0x71, 0x0, 0x0, 0x0, 0x0,
    0x7e, 0xff, 0xff, 0xff, 0xb6, 0x10, 0x0, 0x0,
    0x0, 0x4a, 0xff, 0xff, 0xff, 0xfb, 0x50, 0x0,
    0x0, 0x0, 0x16, 0xcf, 0xff, 0xff, 0xff, 0xb3,
    0x0, 0x0, 0x0, 0x2, 0x9e, 0xff, 0xff, 0xf8,
    0x0, 0x0, 0x0, 0x0, 0x0, 0x5b, 0xff, 0xf8,
    0x0, 0x0, 0x0, 0x0, 0x0, 0x0, 0x17, 0xd8,
    0x0, 0x0, 0x0, 0x0, 0x0, 0x0, 0x0, 0x1,

    /* U+003D "=" */
    0xdf, 0xff, 0xff, 0xff, 0xff, 0xff, 0xff, 0xf8,
    0xdf, 0xff, 0xff, 0xff, 0xff, 0xff, 0xff, 0xf8,
    0xdf, 0xff, 0xff, 0xff, 0xff, 0xff, 0xff, 0xf8,
    0x11, 0x11, 0x11, 0x11, 0x11, 0x11, 0x11, 0x10,
    0x0, 0x0, 0x0, 0x0, 0x0, 0x0, 0x0, 0x0,
    0x0, 0x0, 0x0, 0x0, 0x0, 0x0, 0x0, 0x0,
    0x0, 0x0, 0x0, 0x0, 0x0, 0x0, 0x0, 0x0,
    0x11, 0x11, 0x11, 0x11, 0x11, 0x11, 0x11, 0x10,
    0xdf, 0xff, 0xff, 0xff, 0xff, 0xff, 0xff, 0xf8,
    0xdf, 0xff, 0xff, 0xff, 0xff, 0xff, 0xff, 0xf8,
    0xdf, 0xff, 0xff, 0xff, 0xff, 0xff, 0xff, 0xf8,

    /* U+003E ">" */
    0x51, 0x0, 0x0, 0x0, 0x0, 0x0, 0x0, 0x0,
    0xdf, 0xa4, 0x0, 0x0, 0x0, 0x0, 0x0, 0x0,
    0xdf, 0xff, 0xe8, 0x20, 0x0, 0x0, 0x0, 0x0,
    0xdf, 0xff, 0xff, 0xfc, 0x60, 0x0, 0x0, 0x0,
    0x27, 0xdf, 0xff, 0xff, 0xff, 0x93, 0x0, 0x0,
    0x0, 0x2, 0x7d, 0xff, 0xff, 0xff, 0xd7, 0x10,
    0x0, 0x0, 0x0, 0x28, 0xdf, 0xff, 0xff, 0xf6,
    0x0, 0x0, 0x0, 0x0, 0x3, 0x9f, 0xff, 0xf8,
    0x0, 0x0, 0x0, 0x0, 0x38, 0xef, 0xff, 0xf8,
    0x0, 0x0, 0x2, 0x7d, 0xff, 0xff, 0xff, 0xc4,
    0x0, 0x27, 0xdf, 0xff, 0xff, 0xfe, 0x82, 0x0,
    0x6c, 0xff, 0xff, 0xff, 0xfb, 0x40, 0x0, 0x0,
    0xdf, 0xff, 0xff, 0xd7, 0x10, 0x0, 0x0, 0x0,
    0xdf, 0xff, 0x93, 0x0, 0x0, 0x0, 0x0, 0x0,
    0xdc, 0x50, 0x0, 0x0, 0x0, 0x0, 0x0, 0x0,
    0x10, 0x0, 0x0, 0x0, 0x0, 0x0, 0x0, 0x0,

    /* U+003F "?" */
    0x0, 0x0, 0x25, 0x76, 0x40, 0x0, 0x0, 0x4,
    0xdf, 0xff, 0xff, 0xe7, 0x0, 0x9, 0xff, 0xff,
    0xff, 0xff, 0xf9, 0x6, 0xff, 0xff, 0xff, 0xff,
    0xff, 0xf5, 0x8, 0xff, 0x72, 0x15, 0xff, 0xff,
    0xa0, 0x6, 0x20, 0x0, 0x8, 0xff, 0xfd, 0x0,
    0x0, 0x0, 0x0, 0x5f, 0xff, 0xe0, 0x0, 0x0,
    0x0, 0x9, 0xff, 0xfb, 0x0, 0x0, 0x0, 0x2,
    0xff, 0xff, 0x50, 0x0, 0x0, 0x1, 0xdf, 0xff,
    0xa0, 0x0, 0x0, 0x0, 0xbf, 0xff, 0xd0, 0x0,
    0x0, 0x0, 0x6f, 0xff, 0xf2, 0x0, 0x0, 0x0,
    0x1e, 0xff, 0xf5, 0x0, 0x0, 0x0, 0x7, 0xff,
    0xfa, 0x0, 0x0, 0x0, 0x0, 0xaf, 0xff, 0x40,
    0x0, 0x0, 0x0, 0xb, 0xff, 0xf2, 0x0, 0x0,
    0x0, 0x0, 0x1, 0x11, 0x0, 0x0, 0x0, 0x0,
    0x0, 0x0, 0x0, 0x0, 0x0, 0x0, 0x0, 0x18,
    0xa5, 0x0, 0x0, 0x0, 0x0, 0xe, 0xff, 0xf6,
    0x0, 0x0, 0x0, 0x6, 0xff, 0xff, 0xd0, 0x0,
    0x0, 0x0, 0x6f, 0xff, 0xfe, 0x0, 0x0, 0x0,
    0x2, 0xff, 0xff, 0x90, 0x0, 0x0, 0x0, 0x5,
    0xdf, 0xa0, 0x0, 0x0,

    /* U+0040 "@" */
    0x0, 0x0, 0x0, 0x0, 0x0, 0x15, 0xac, 0xef,
    0xed, 0xb6, 0x20, 0x0, 0x0, 0x0, 0x0, 0x0,
    0x0, 0x0, 0x2a, 0xff, 0xff, 0xff, 0xff, 0xff,
    0xfa, 0x20, 0x0, 0x0, 0x0, 0x0, 0x0, 0x9,
    0xff, 0xff, 0xfd, 0xba, 0xcd, 0xff, 0xff, 0xf5,
    0x0, 0x0, 0x0, 0x0, 0x2, 0xdf, 0xff, 0xd6,
    0x10, 0x0, 0x0, 0x16, 0xdf, 0xff, 0x70, 0x0,
    0x0, 0x0, 0x2e, 0xff, 0xf6, 0x0, 0x0, 0x0,
    0x0, 0x0, 0x8, 0xff, 0xf4, 0x0, 0x0, 0x1,
    0xdf, 0xfe, 0x20, 0x0, 0x0, 0x0, 0x0, 0x0,
    0x0, 0x7f, 0xfe, 0x0, 0x0, 0xb, 0xff, 0xe1,
    0x0, 0x0, 0x0, 0x0, 0x0, 0x0, 0x0, 0xb,
    0xff, 0x60, 0x0, 0x4f, 0xff, 0x30, 0x0, 0x0,
    0x6b, 0xc9, 0x14, 0x99, 0x20, 0x3, 0xff, 0xc0,
    0x0, 0xcf, 0xf8, 0x0, 0x0, 0x3e, 0xff, 0xff,
    0xcc, 0xff, 0x10, 0x0, 0xdf, 0xf1, 0x4, 0xff,
    0xf1, 0x0, 0x2, 0xff, 0xff, 0xff, 0xff, 0xfe,
    0x0, 0x0, 0x9f, 0xf4, 0x8, 0xff, 0x90, 0x0,
    0xc, 0xff, 0xe4, 0x5, 0xff, 0xfb, 0x0, 0x0,
    0x6f, 0xf6, 0xd, 0xff, 0x40, 0x0, 0x4f, 0xff,
    0x40, 0x0, 0xbf, 0xf8, 0x0, 0x0, 0x5f, 0xf7,
    0x1f, 0xff, 0x0, 0x0, 0xcf, 0xfa, 0x0, 0x0,
    0xef, 0xf5, 0x0, 0x0, 0x5f, 0xf6, 0x2f, 0xfd,
    0x0, 0x1, 0xff, 0xf4, 0x0, 0x0, 0xff, 0xf2,
    0x0, 0x0, 0x8f, 0xf5, 0x4f, 0xfc, 0x0, 0x3,
    0xff, 0xf1, 0x0, 0x3, 0xff, 0xf0, 0x0, 0x0,
    0xbf, 0xf2, 0x5f, 0xfb, 0x0, 0x4, 0xff, 0xf0,
    0x0, 0x6, 0xff, 0xc0, 0x0, 0x2, 0xff, 0xe0,
    0x4f, 0xfc, 0x0, 0x3, 0xff, 0xf2, 0x0, 0xc,
    0xff, 0xb0, 0x0, 0xa, 0xff, 0x70, 0x2f, 0xfe,
    0x0, 0x0, 0xff, 0xfb, 0x12, 0xbf, 0xff, 0xe1,
    0x0, 0x9f, 0xfe, 0x0, 0xf, 0xff, 0x20, 0x0,
    0x9f, 0xff, 0xff, 0xfe, 0xdf, 0xfe, 0xcf, 0xff,
    0xf3, 0x0, 0xc, 0xff, 0x60, 0x0, 0x1c, 0xff,
    0xff, 0xd1, 0x4f, 0xff, 0xff, 0xfe, 0x30, 0x0,
    0x7, 0xff, 0xe0, 0x0, 0x0, 0x6a, 0xa6, 0x0,
    0x4, 0xbf, 0xfc, 0x70, 0x0, 0x0, 0x1, 0xff,
    0xf8, 0x0, 0x0, 0x0, 0x0, 0x0, 0x0, 0x0,
    0x0, 0x0, 0x0, 0x0, 0x0, 0x7f, 0xff, 0x60,
    0x0, 0x0, 0x0, 0x0, 0x0, 0x0, 0x0, 0x0,
    0x0, 0x0, 0x0, 0xc, 0xff, 0xf8, 0x0, 0x0,
    0x0, 0x0, 0x0, 0x0, 0x0, 0x0, 0x0, 0x0,
    0x0, 0x1, 0xdf, 0xff, 0xe7, 0x20, 0x0, 0x0,
    0x17, 0xd2, 0x0, 0x0, 0x0, 0x0, 0x0, 0x0,
    0xa, 0xff, 0xff, 0xfe, 0xcb, 0xcf, 0xff, 0xf9,
    0x0, 0x0, 0x0, 0x0, 0x0, 0x0, 0x0, 0x4c,
    0xff, 0xff, 0xff, 0xff, 0xff, 0xe7, 0x0, 0x0,
    0x0, 0x0, 0x0, 0x0, 0x0, 0x0, 0x37, 0xbd,
    0xef, 0xdc, 0xa5, 0x0, 0x0, 0x0, 0x0, 0x0,

    /* U+0041 "A" */
    0x0, 0x0, 0x0, 0x2, 0xff, 0xff, 0xf6, 0x0,
    0x0, 0x0, 0x0, 0x0, 0x0, 0x0, 0x8f, 0xff,
    0xff, 0xb0, 0x0, 0x0, 0x0, 0x0, 0x0, 0x0,
    0xd, 0xff, 0xff, 0xff, 0x10, 0x0, 0x0, 0x0,
    0x0, 0x0, 0x2, 0xff, 0xfd, 0xff, 0xf5, 0x0,
    0x0, 0x0, 0x0, 0x0, 0x0, 0x7f, 0xff, 0x4f,
    0xff, 0xa0, 0x0, 0x0, 0x0, 0x0, 0x0, 0xc,
    0xff, 0xe0, 0xdf, 0xff, 0x0, 0x0, 0x0, 0x0,
    0x0, 0x1, 0xff, 0xfa, 0x9, 0xff, 0xf5, 0x0,
    0x0, 0x0, 0x0, 0x0, 0x7f, 0xff, 0x50, 0x5f,
    0xff, 0xa0, 0x0, 0x0, 0x0, 0x0, 0xc, 0xff,
    0xf1, 0x0, 0xff, 0xff, 0x0, 0x0, 0x0, 0x0,
    0x1, 0xff, 0xfd, 0x0, 0xc, 0xff, 0xf4, 0x0,
    0x0, 0x0, 0x0, 0x6f, 0xff, 0x90, 0x0, 0x8f,
    0xff, 0x90, 0x0, 0x0, 0x0, 0xb, 0xff, 0xf4,
    0x0, 0x3, 0xff, 0xfe, 0x0, 0x0, 0x0, 0x1,
    0xff, 0xff, 0x0, 0x0, 0xe, 0xff, 0xf4, 0x0,
    0x0, 0x0, 0x6f, 0xff, 0xff, 0xff, 0xff, 0xff,
    0xff, 0x90, 0x0, 0x0, 0xb, 0xff, 0xff, 0xff,
    0xff, 0xff, 0xff, 0xfe, 0x0, 0x0, 0x0, 0xff,
    0xff, 0xff, 0xff, 0xff, 0xff, 0xff, 0xf3, 0x0,
    0x0, 0x5f, 0xff, 0xe6, 0x66, 0x66, 0x66, 0xef,
    0xff, 0x90, 0x0, 0xa, 0xff, 0xfa, 0x0, 0x0,
    0x0, 0x9, 0xff, 0xfe, 0x0, 0x0, 0xff, 0xff,
    0x50, 0x0, 0x0, 0x0, 0x4f, 0xff, 0xf3, 0x0,
    0x5f, 0xff, 0xf1, 0x0, 0x0, 0x0, 0x0, 0xff,
    0xff, 0x80, 0xa, 0xff, 0xfc, 0x0, 0x0, 0x0,
    0x0, 0xb, 0xff, 0xfd, 0x0, 0xff, 0xff, 0x80,
    0x0, 0x0, 0x0, 0x0, 0x7f, 0xff, 0xf2,

    /* U+0042 "B" */
    0x4f, 0xff, 0xff, 0xff, 0xfd, 0xca, 0x40, 0x0,
    0x0, 0x4f, 0xff, 0xff, 0xff, 0xff, 0xff, 0xfe,
    0x30, 0x0, 0x4f, 0xff, 0xff, 0xff, 0xff, 0xff,
    0xff, 0xe3, 0x0, 0x4f, 0xff, 0xf7, 0x56, 0x68,
    0xef, 0xff, 0xfb, 0x0, 0x4f, 0xff, 0xf2, 0x0,
    0x0, 0xb, 0xff, 0xff, 0x0, 0x4f, 0xff, 0xf2,
    0x0, 0x0, 0x5, 0xff, 0xff, 0x10, 0x4f, 0xff,
    0xf2, 0x0, 0x0, 0x4, 0xff, 0xff, 0x0, 0x4f,
    0xff, 0xf2, 0x0, 0x0, 0xa, 0xff, 0xfa, 0x0,
    0x4f, 0xff, 0xf2, 0x0, 0x13, 0xaf, 0xff, 0xf3,
    0x0, 0x4f, 0xff, 0xff, 0xff, 0xff, 0xff, 0xfe,
    0x50, 0x0, 0x4f, 0xff, 0xff, 0xff, 0xff, 0xff,
    0xf8, 0x10, 0x0, 0x4f, 0xff, 0xff, 0xff, 0xff,
    0xff, 0xff, 0xf6, 0x0, 0x4f, 0xff, 0xf5, 0x33,
    0x35, 0x7d, 0xff, 0xff, 0x40, 0x4f, 0xff, 0xf2,
    0x0, 0x0, 0x0, 0xbf, 0xff, 0xd0, 0x4f, 0xff,
    0xf2, 0x0, 0x0, 0x0, 0x4f, 0xff, 0xf1, 0x4f,
    0xff, 0xf2, 0x0, 0x0, 0x0, 0x2f, 0xff, 0xf3,
    0x4f, 0xff, 0xf2, 0x0, 0x0, 0x0, 0x5f, 0xff,
    0xf2, 0x4f, 0xff, 0xf2, 0x0, 0x0, 0x2, 0xef,
    0xff, 0xe0, 0x4f, 0xff, 0xf7, 0x55, 0x67, 0xaf,
    0xff, 0xff, 0x70, 0x4f, 0xff, 0xff, 0xff, 0xff,
    0xff, 0xff, 0xfc, 0x0, 0x4f, 0xff, 0xff, 0xff,
    0xff, 0xff, 0xfe, 0x80, 0x0, 0x4f, 0xff, 0xff,
    0xff, 0xfe, 0xca, 0x60, 0x0, 0x0,

    /* U+0043 "C" */
    0x0, 0x0, 0x0, 0x16, 0xbd, 0xfe, 0xd9, 0x30,
    0x0, 0x0, 0x0, 0x7, 0xff, 0xff, 0xff, 0xff,
    0xfa, 0x10, 0x0, 0x1, 0xbf, 0xff, 0xff, 0xff,
    0xff, 0xff, 0xe2, 0x0, 0xc, 0xff, 0xff, 0xff,
    0xdd, 0xff, 0xff, 0xc0, 0x0, 0x8f, 0xff, 0xff,
    0x61, 0x0, 0x16, 0xfe, 0x10, 0x1, 0xff, 0xff,
    0xe3, 0x0, 0x0, 0x0, 0x12, 0x0, 0x9, 0xff,
    0xff, 0x60, 0x0, 0x0, 0x0, 0x0, 0x0, 0xd,
    0xff, 0xfd, 0x0, 0x0, 0x0, 0x0, 0x0, 0x0,
    0x1f, 0xff, 0xf8, 0x0, 0x0, 0x0, 0x0, 0x0,
    0x0, 0x3f, 0xff, 0xf6, 0x0, 0x0, 0x0, 0x0,
    0x0, 0x0, 0x5f, 0xff, 0xf3, 0x0, 0x0, 0x0,
    0x0, 0x0, 0x0, 0x5f, 0xff, 0xf4, 0x0, 0x0,
    0x0, 0x0, 0x0, 0x0, 0x4f, 0xff, 0xf6, 0x0,
    0x0, 0x0, 0x0, 0x0, 0x0, 0x2f, 0xff, 0xf8,
    0x0, 0x0, 0x0, 0x0, 0x0, 0x0, 0xe, 0xff,
    0xfd, 0x0, 0x0, 0x0, 0x0, 0x0, 0x0, 0xa,
    0xff, 0xff, 0x50, 0x0, 0x0, 0x0, 0x0, 0x0,
    0x3, 0xff, 0xff, 0xe2, 0x0, 0x0, 0x0, 0x2a,
    0x0, 0x0, 0xbf, 0xff, 0xff, 0x61, 0x0, 0x6,
    0xff, 0xb0, 0x0, 0x1e, 0xff, 0xff, 0xff, 0xed,
    0xff, 0xff, 0xf9, 0x0, 0x2, 0xdf, 0xff, 0xff,
    0xff, 0xff, 0xff, 0xe2, 0x0, 0x0, 0x19, 0xff,
    0xff, 0xff, 0xff, 0xfb, 0x20, 0x0, 0x0, 0x0,
    0x27, 0xce, 0xfe, 0xd9, 0x30, 0x0,

    /* U+0044 "D" */
    0x4f, 0xff, 0xff, 0xff, 0xec, 0x84, 0x0, 0x0,
    0x0, 0x4f, 0xff, 0xff, 0xff, 0xff, 0xff, 0xd5,
    0x0, 0x0, 0x4f, 0xff, 0xff, 0xff, 0xff, 0xff,
    0xff, 0x90, 0x0, 0x4f, 0xff, 0xf9, 0x8a, 0xdf,
    0xff, 0xff, 0xf8, 0x0, 0x4f, 0xff, 0xf2, 0x0,
    0x1, 0xaf, 0xff, 0xff, 0x40, 0x4f, 0xff, 0xf2,
    0x0, 0x0, 0x5, 0xff, 0xff, 0xb0, 0x4f, 0xff,
    0xf2, 0x0, 0x0, 0x0, 0xaf, 0xff, 0xf2, 0x4f,
    0xff, 0xf2, 0x0, 0x0, 0x0, 0x3f, 0xff, 0xf6,
    0x4f, 0xff, 0xf2, 0x0, 0x0, 0x0, 0xf, 0xff,
    0xf9, 0x4f, 0xff, 0xf2, 0x0, 0x0, 0x0, 0xd,
    0xff, 0xfb, 0x4f, 0xff, 0xf2, 0x0, 0x0, 0x0,
    0xc, 0xff, 0xfc, 0x4f, 0xff, 0xf2, 0x0, 0x0,
    0x0, 0xc, 0xff, 0xfb, 0x4f, 0xff, 0xf2, 0x0,
    0x0, 0x0, 0xd, 0xff, 0xfa, 0x4f, 0xff, 0xf2,
    0x0, 0x0, 0x0, 0xf, 0xff, 0xf9, 0x4f, 0xff,
    0xf2, 0x0, 0x0, 0x0, 0x4f, 0xff, 0xf5, 0x4f,
    0xff, 0xf2, 0x0, 0x0, 0x0, 0xbf, 0xff, 0xf1,
    0x4f, 0xff, 0xf2, 0x0, 0x0, 0x7, 0xff, 0xff,
    0xa0, 0x4f, 0xff, 0xf2, 0x0, 0x1, 0xbf, 0xff,
    0xff, 0x30, 0x4f, 0xff, 0xf9, 0x9b, 0xdf, 0xff,
    0xff, 0xf7, 0x0, 0x4f, 0xff, 0xff, 0xff, 0xff,
    0xff, 0xff, 0x80, 0x0, 0x4f, 0xff, 0xff, 0xff,
    0xff, 0xff, 0xd4, 0x0, 0x0, 0x4f, 0xff, 0xff,
    0xff, 0xec, 0x84, 0x0, 0x0, 0x0,

    /* U+0045 "E" */
    0x4f, 0xff, 0xff, 0xff, 0xff, 0xff, 0xff, 0x54,
    0xff, 0xff, 0xff, 0xff, 0xff, 0xff, 0xf5, 0x4f,
    0xff, 0xff, 0xff, 0xff, 0xff, 0xff, 0x54, 0xff,
    0xff, 0xba, 0xaa, 0xaa, 0xaa, 0xa3, 0x4f, 0xff,
    0xf2, 0x0, 0x0, 0x0, 0x0, 0x4, 0xff, 0xff,
    0x20, 0x0, 0x0, 0x0, 0x0, 0x4f, 0xff, 0xf2,
    0x0, 0x0, 0x0, 0x0, 0x4, 0xff, 0xff, 0x20,
    0x0, 0x0, 0x0, 0x0, 0x4f, 0xff, 0xf2, 0x0,
    0x0, 0x0, 0x0, 0x4, 0xff, 0xff, 0xff, 0xff,
    0xff, 0xfe, 0x0, 0x4f, 0xff, 0xff, 0xff, 0xff,
    0xff, 0xe0, 0x4, 0xff, 0xff, 0xff, 0xff, 0xff,
    0xfe, 0x0, 0x4f, 0xff, 0xfb, 0xaa, 0xaa, 0xaa,
    0xa0, 0x4, 0xff, 0xff, 0x20, 0x0, 0x0, 0x0,
    0x0, 0x4f, 0xff, 0xf2, 0x0, 0x0, 0x0, 0x0,
    0x4, 0xff, 0xff, 0x20, 0x0, 0x0, 0x0, 0x0,
    0x4f, 0xff, 0xf2, 0x0, 0x0, 0x0, 0x0, 0x4,
    0xff, 0xff, 0x20, 0x0, 0x0, 0x0, 0x0, 0x4f,
    0xff, 0xfb, 0xaa, 0xaa, 0xaa, 0xaa, 0x74, 0xff,
    0xff, 0xff, 0xff, 0xff, 0xff, 0xfa, 0x4f, 0xff,
    0xff, 0xff, 0xff, 0xff, 0xff, 0xa4, 0xff, 0xff,
    0xff, 0xff, 0xff, 0xff, 0xfa,

    /* U+0046 "F" */
    0x4f, 0xff, 0xff, 0xff, 0xff, 0xff, 0xff, 0x64,
    0xff, 0xff, 0xff, 0xff, 0xff, 0xff, 0xf6, 0x4f,
    0xff, 0xff, 0xff, 0xff, 0xff, 0xff, 0x64, 0xff,
    0xff, 0xba, 0xaa, 0xaa, 0xaa, 0xa4, 0x4f, 0xff,
    0xf2, 0x0, 0x0, 0x0, 0x0, 0x4, 0xff, 0xff,
    0x20, 0x0, 0x0, 0x0, 0x0, 0x4f, 0xff, 0xf2,
    0x0, 0x0, 0x0, 0x0, 0x4, 0xff, 0xff, 0x20,
    0x0, 0x0, 0x0, 0x0, 0x4f, 0xff, 0xf2, 0x0,
    0x0, 0x0, 0x0, 0x4, 0xff, 0xff, 0xba, 0xaa,
    0xaa, 0xaa, 0x0, 0x4f, 0xff, 0xff, 0xff, 0xff,
    0xff, 0xf0, 0x4, 0xff, 0xff, 0xff, 0xff, 0xff,
    0xff, 0x0, 0x4f, 0xff, 0xff, 0xff, 0xff, 0xff,
    0xf0, 0x4, 0xff, 0xff, 0x20, 0x0, 0x0, 0x0,
    0x0, 0x4f, 0xff, 0xf2, 0x0, 0x0, 0x0, 0x0,
    0x4, 0xff, 0xff, 0x20, 0x0, 0x0, 0x0, 0x0,
    0x4f, 0xff, 0xf2, 0x0, 0x0, 0x0, 0x0, 0x4,
    0xff, 0xff, 0x20, 0x0, 0x0, 0x0, 0x0, 0x4f,
    0xff, 0xf2, 0x0, 0x0, 0x0, 0x0, 0x4, 0xff,
    0xff, 0x20, 0x0, 0x0, 0x0, 0x0, 0x4f, 0xff,
    0xf2, 0x0, 0x0, 0x0, 0x0, 0x4, 0xff, 0xff,
    0x20, 0x0, 0x0, 0x0, 0x0,

    /* U+0047 "G" */
    0x0, 0x0, 0x0, 0x5, 0xad, 0xef, 0xdb, 0x61,
    0x0, 0x0, 0x0, 0x0, 0x6e, 0xff, 0xff, 0xff,
    0xff, 0xf7, 0x0, 0x0, 0x0, 0xbf, 0xff, 0xff,
    0xff, 0xff, 0xff, 0xfb, 0x0, 0x0, 0xbf, 0xff,
    0xff, 0xfe, 0xcf, 0xff, 0xff, 0x70, 0x0, 0x8f,
    0xff, 0xff, 0x82, 0x0, 0x2, 0x9f, 0x90, 0x0,
    0x1f, 0xff, 0xfe, 0x40, 0x0, 0x0, 0x0, 0x20,
    0x0, 0x8, 0xff, 0xff, 0x60, 0x0, 0x0, 0x0,
    0x0, 0x0, 0x0, 0xdf, 0xff, 0xd0, 0x0, 0x0,
    0x0, 0x0, 0x0, 0x0, 0x1f, 0xff, 0xf8, 0x0,
    0x0, 0x0, 0x0, 0x0, 0x0, 0x3, 0xff, 0xff,
    0x60, 0x0, 0x3, 0x99, 0x99, 0x99, 0x94, 0x5f,
    0xff, 0xf4, 0x0, 0x0, 0x6f, 0xff, 0xff, 0xff,
    0x75, 0xff, 0xff, 0x40, 0x0, 0x6, 0xff, 0xff,
    0xff, 0xf7, 0x4f, 0xff, 0xf6, 0x0, 0x0, 0x6f,
    0xff, 0xff, 0xff, 0x72, 0xff, 0xff, 0x80, 0x0,
    0x0, 0x0, 0x7, 0xff, 0xf7, 0xe, 0xff, 0xfd,
    0x0, 0x0, 0x0, 0x0, 0x7f, 0xff, 0x70, 0xaf,
    0xff, 0xf6, 0x0, 0x0, 0x0, 0x7, 0xff, 0xf7,
    0x3, 0xff, 0xff, 0xe4, 0x0, 0x0, 0x0, 0x7f,
    0xff, 0x70, 0xa, 0xff, 0xff, 0xf8, 0x20, 0x0,
    0x2b, 0xff, 0xf7, 0x0, 0xd, 0xff, 0xff, 0xff,
    0xfd, 0xef, 0xff, 0xff, 0x70, 0x0, 0x1c, 0xff,
    0xff, 0xff, 0xff, 0xff, 0xff, 0xf4, 0x0, 0x0,
    0x8, 0xff, 0xff, 0xff, 0xff, 0xff, 0xb2, 0x0,
    0x0, 0x0, 0x1, 0x6a, 0xdf, 0xfe, 0xc8, 0x30,
    0x0,

    /* U+0048 "H" */
    0x4f, 0xff, 0xf2, 0x0, 0x0, 0x0, 0x6, 0xff,
    0xff, 0x4f, 0xff, 0xf2, 0x0, 0x0, 0x0, 0x6,
    0xff, 0xff, 0x4f, 0xff, 0xf2, 0x0, 0x0, 0x0,
    0x6, 0xff, 0xff, 0x4f, 0xff, 0xf2, 0x0, 0x0,
    0x0, 0x6, 0xff, 0xff, 0x4f, 0xff, 0xf2, 0x0,
    0x0, 0x0, 0x6, 0xff, 0xff, 0x4f, 0xff, 0xf2,
    0x0, 0x0, 0x0, 0x6, 0xff, 0xff, 0x4f, 0xff,
    0xf2, 0x0, 0x0, 0x0, 0x6, 0xff, 0xff, 0x4f,
    0xff, 0xf2, 0x0, 0x0, 0x0, 0x6, 0xff, 0xff,
    0x4f, 0xff, 0xf2, 0x0, 0x0, 0x0, 0x6, 0xff,
    0xff, 0x4f, 0xff, 0xff, 0xff, 0xff, 0xff, 0xff,
    0xff, 0xff, 0x4f, 0xff, 0xff, 0xff, 0xff, 0xff,
    0xff, 0xff, 0xff, 0x4f, 0xff, 0xff, 0xff, 0xff,
    0xff, 0xff, 0xff, 0xff, 0x4f, 0xff, 0xfd, 0xcc,
    0xcc, 0xcc, 0xce, 0xff, 0xff, 0x4f, 0xff, 0xf2,
    0x0, 0x0, 0x0, 0x6, 0xff, 0xff, 0x4f, 0xff,
    0xf2, 0x0, 0x0, 0x0, 0x6, 0xff, 0xff, 0x4f,
    0xff, 0xf2, 0x0, 0x0, 0x0, 0x6, 0xff, 0xff,
    0x4f, 0xff, 0xf2, 0x0, 0x0, 0x0, 0x6, 0xff,
    0xff, 0x4f, 0xff, 0xf2, 0x0, 0x0, 0x0, 0x6,
    0xff, 0xff, 0x4f, 0xff, 0xf2, 0x0, 0x0, 0x0,
    0x6, 0xff, 0xff, 0x4f, 0xff, 0xf2, 0x0, 0x0,
    0x0, 0x6, 0xff, 0xff, 0x4f, 0xff, 0xf2, 0x0,
    0x0, 0x0, 0x6, 0xff, 0xff, 0x4f, 0xff, 0xf2,
    0x0, 0x0, 0x0, 0x6, 0xff, 0xff,

    /* U+0049 "I" */
    0x4f, 0xff, 0xf2, 0x4f, 0xff, 0xf2, 0x4f, 0xff,
    0xf2, 0x4f, 0xff, 0xf2, 0x4f, 0xff, 0xf2, 0x4f,
    0xff, 0xf2, 0x4f, 0xff, 0xf2, 0x4f, 0xff, 0xf2,
    0x4f, 0xff, 0xf2, 0x4f, 0xff, 0xf2, 0x4f, 0xff,
    0xf2, 0x4f, 0xff, 0xf2, 0x4f, 0xff, 0xf2, 0x4f,
    0xff, 0xf2, 0x4f, 0xff, 0xf2, 0x4f, 0xff, 0xf2,
    0x4f, 0xff, 0xf2, 0x4f, 0xff, 0xf2, 0x4f, 0xff,
    0xf2, 0x4f, 0xff, 0xf2, 0x4f, 0xff, 0xf2, 0x4f,
    0xff, 0xf2,

    /* U+004A "J" */
    0x0, 0x0, 0x0, 0x0, 0x0, 0xff, 0xff, 0x60,
    0x0, 0x0, 0x0, 0x0, 0xf, 0xff, 0xf6, 0x0,
    0x0, 0x0, 0x0, 0x0, 0xff, 0xff, 0x60, 0x0,
    0x0, 0x0, 0x0, 0xf, 0xff, 0xf6, 0x0, 0x0,
    0x0, 0x0, 0x0, 0xff, 0xff, 0x60, 0x0, 0x0,
    0x0, 0x0, 0xf, 0xff, 0xf6, 0x0, 0x0, 0x0,
    0x0, 0x0, 0xff, 0xff, 0x60, 0x0, 0x0, 0x0,
    0x0, 0xf, 0xff, 0xf6, 0x0, 0x0, 0x0, 0x0,
    0x0, 0xff, 0xff, 0x60, 0x0, 0x0, 0x0, 0x0,
    0xf, 0xff, 0xf6, 0x0, 0x0, 0x0, 0x0, 0x0,
    0xff, 0xff, 0x60, 0x0, 0x0, 0x0, 0x0, 0xf,
    0xff, 0xf6, 0x0, 0x0, 0x0, 0x0, 0x0, 0xff,
    0xff, 0x60, 0x0, 0x0, 0x0, 0x0, 0xf, 0xff,
    0xf6, 0x0, 0x0, 0x0, 0x0, 0x0, 0xff, 0xff,
    0x60, 0x0, 0x0, 0x0, 0x0, 0x2f, 0xff, 0xf4,
    0x0, 0x2c, 0x20, 0x0, 0x6, 0xff, 0xff, 0x20,
    0x7f, 0xfd, 0x30, 0x2, 0xef, 0xff, 0xf0, 0x1e,
    0xff, 0xff, 0xdd, 0xff, 0xff, 0xf7, 0x0, 0x5f,
    0xff, 0xff, 0xff, 0xff, 0xfe, 0x0, 0x0, 0x4e,
    0xff, 0xff, 0xff, 0xfc, 0x10, 0x0, 0x0, 0x17,
    0xce, 0xfe, 0xc6, 0x0, 0x0,

    /* U+004B "K" */
    0x4f, 0xff, 0xf2, 0x0, 0x0, 0x0, 0xcf, 0xff,
    0xf2, 0x4, 0xff, 0xff, 0x20, 0x0, 0x0, 0x8f,
    0xff, 0xf5, 0x0, 0x4f, 0xff, 0xf2, 0x0, 0x0,
    0x5f, 0xff, 0xf8, 0x0, 0x4, 0xff, 0xff, 0x20,
    0x0, 0x2f, 0xff, 0xfb, 0x0, 0x0, 0x4f, 0xff,
    0xf2, 0x0, 0xc, 0xff, 0xfe, 0x10, 0x0, 0x4,
    0xff, 0xff, 0x20, 0x9, 0xff, 0xff, 0x30, 0x0,
    0x0, 0x4f, 0xff, 0xf2, 0x6, 0xff, 0xff, 0x60,
    0x0, 0x0, 0x4, 0xff, 0xff, 0x22, 0xff, 0xff,
    0xa0, 0x0, 0x0, 0x0, 0x4f, 0xff, 0xf3, 0xdf,
    0xff, 0xe0, 0x0, 0x0, 0x0, 0x4, 0xff, 0xff,
    0xdf, 0xff, 0xff, 0x30, 0x0, 0x0, 0x0, 0x4f,
    0xff, 0xff, 0xff, 0xff, 0xfc, 0x0, 0x0, 0x0,
    0x4, 0xff, 0xff, 0xff, 0xff, 0xff, 0xf6, 0x0,
    0x0, 0x0, 0x4f, 0xff, 0xff, 0xfc, 0xbf, 0xff,
    0xe1, 0x0, 0x0, 0x4, 0xff, 0xff, 0xfe, 0x12,
    0xff, 0xff, 0x90, 0x0, 0x0, 0x4f, 0xff, 0xff,
    0x30, 0x8, 0xff, 0xff, 0x30, 0x0, 0x4, 0xff,
    0xff, 0x70, 0x0, 0xe, 0xff, 0xfc, 0x0, 0x0,
    0x4f, 0xff, 0xf2, 0x0, 0x0, 0x5f, 0xff, 0xf6,
    0x0, 0x4, 0xff, 0xff, 0x20, 0x0, 0x0, 0xcf,
    0xff, 0xe1, 0x0, 0x4f, 0xff, 0xf2, 0x0, 0x0,
    0x3, 0xff, 0xff, 0x90, 0x4, 0xff, 0xff, 0x20,
    0x0, 0x0, 0x9, 0xff, 0xff, 0x30, 0x4f, 0xff,
    0xf2, 0x0, 0x0, 0x0, 0x1f, 0xff, 0xfc, 0x4,
    0xff, 0xff, 0x20, 0x0, 0x0, 0x0, 0x7f, 0xff,
    0xf6,

    /* U+004C "L" */
    0x4f, 0xff, 0xf2, 0x0, 0x0, 0x0, 0x0, 0x4,
    0xff, 0xff, 0x20, 0x0, 0x0, 0x0, 0x0, 0x4f,
    0xff, 0xf2, 0x0, 0x0, 0x0, 0x0, 0x4, 0xff,
    0xff, 0x20, 0x0, 0x0, 0x0, 0x0, 0x4f, 0xff,
    0xf2, 0x0, 0x0, 0x0, 0x0, 0x4, 0xff, 0xff,
    0x20, 0x0, 0x0, 0x0, 0x0, 0x4f, 0xff, 0xf2,
    0x0, 0x0, 0x0, 0x0, 0x4, 0xff, 0xff, 0x20,
    0x0, 0x0, 0x0, 0x0, 0x4f, 0xff, 0xf2, 0x0,
    0x0, 0x0, 0x0, 0x4, 0xff, 0xff, 0x20, 0x0,
    0x0, 0x0, 0x0, 0x4f, 0xff, 0xf2, 0x0, 0x0,
    0x0, 0x0, 0x4, 0xff, 0xff, 0x20, 0x0, 0x0,
    0x0, 0x0, 0x4f, 0xff, 0xf2, 0x0, 0x0, 0x0,
    0x0, 0x4, 0xff, 0xff, 0x20, 0x0, 0x0, 0x0,
    0x0, 0x4f, 0xff, 0xf2, 0x0, 0x0, 0x0, 0x0,
    0x4, 0xff, 0xff, 0x20, 0x0, 0x0, 0x0, 0x0,
    0x4f, 0xff, 0xf2, 0x0, 0x0, 0x0, 0x0, 0x4,
    0xff, 0xff, 0x20, 0x0, 0x0, 0x0, 0x0, 0x4f,
    0xff, 0xfb, 0xaa, 0xaa, 0xaa, 0xaa, 0x24, 0xff,
    0xff, 0xff, 0xff, 0xff, 0xff, 0xf3, 0x4f, 0xff,
    0xff, 0xff, 0xff, 0xff, 0xff, 0x34, 0xff, 0xff,
    0xff, 0xff, 0xff, 0xff, 0xf3,

    /* U+004D "M" */
    0x4f, 0xff, 0xfd, 0x0, 0x0, 0x0, 0x0, 0x3,
    0xff, 0xff, 0xe4, 0xff, 0xff, 0xf3, 0x0, 0x0,
    0x0, 0x0, 0x9f, 0xff, 0xfe, 0x4f, 0xff, 0xff,
    0x90, 0x0, 0x0, 0x0, 0xe, 0xff, 0xff, 0xe4,
    0xff, 0xff, 0xfe, 0x0, 0x0, 0x0, 0x4, 0xff,
    0xff, 0xfe, 0x4f, 0xff, 0xff, 0xf4, 0x0, 0x0,
    0x0, 0xaf, 0xff, 0xff, 0xe4, 0xff, 0xff, 0xff,
    0xa0, 0x0, 0x0, 0xf, 0xff, 0xef, 0xfe, 0x4f,
    0xff, 0xaf, 0xff, 0x10, 0x0, 0x5, 0xff, 0xeb,
    0xff, 0xe4, 0xff, 0xf6, 0xff, 0xf6, 0x0, 0x0,
    0xbf, 0xf9, 0xcf, 0xfe, 0x4f, 0xff, 0x7b, 0xff,
    0xc0, 0x0, 0x1f, 0xff, 0x3e, 0xff, 0xe4, 0xff,
    0xf8, 0x6f, 0xff, 0x20, 0x7, 0xff, 0xe0, 0xff,
    0xfe, 0x4f, 0xff, 0x91, 0xff, 0xf7, 0x0, 0xcf,
    0xf8, 0xf, 0xff, 0xe4, 0xff, 0xfa, 0xa, 0xff,
    0xc0, 0x1f, 0xff, 0x21, 0xff, 0xfe, 0x4f, 0xff,
    0xb0, 0x4f, 0xff, 0x26, 0xff, 0xc0, 0x2f, 0xff,
    0xe4, 0xff, 0xfb, 0x0, 0xef, 0xf7, 0xbf, 0xf7,
    0x2, 0xff, 0xfe, 0x4f, 0xff, 0xb0, 0x9, 0xff,
    0xdf, 0xff, 0x10, 0x2f, 0xff, 0xe4, 0xff, 0xfb,
    0x0, 0x3f, 0xff, 0xff, 0xb0, 0x2, 0xff, 0xfe,
    0x4f, 0xff, 0xb0, 0x0, 0xdf, 0xff, 0xf5, 0x0,
    0x2f, 0xff, 0xe4, 0xff, 0xfb, 0x0, 0x7, 0xff,
    0xff, 0x0, 0x2, 0xff, 0xfe, 0x4f, 0xff, 0xb0,
    0x0, 0x1f, 0xff, 0x90, 0x0, 0x2f, 0xff, 0xe4,
    0xff, 0xfb, 0x0, 0x0, 0xbf, 0xf3, 0x0, 0x2,
    0xff, 0xfe, 0x4f, 0xff, 0xb0, 0x0, 0x0, 0x0,
    0x0, 0x0, 0x2f, 0xff, 0xe4, 0xff, 0xfb, 0x0,
    0x0, 0x0, 0x0, 0x0, 0x2, 0xff, 0xfe,

    /* U+004E "N" */
    0x4f, 0xff, 0xf8, 0x0, 0x0, 0x0, 0x7, 0xff,
    0xfb, 0x4f, 0xff, 0xff, 0x10, 0x0, 0x0, 0x7,
    0xff, 0xfb, 0x4f, 0xff, 0xff, 0xa0, 0x0, 0x0,
    0x7, 0xff, 0xfb, 0x4f, 0xff, 0xff, 0xf3, 0x0,
    0x0, 0x7, 0xff, 0xfb, 0x4f, 0xff, 0xff, 0xfb,
    0x0, 0x0, 0x7, 0xff, 0xfb, 0x4f, 0xff, 0xef,
    0xff, 0x40, 0x0, 0x7, 0xff, 0xfb, 0x4f, 0xff,
    0x8e, 0xff, 0xd0, 0x0, 0x7, 0xff, 0xfb, 0x4f,
    0xff, 0x98, 0xff, 0xf6, 0x0, 0x7, 0xff, 0xfb,
    0x4f, 0xff, 0xa1, 0xff, 0xfe, 0x0, 0x7, 0xff,
    0xfb, 0x4f, 0xff, 0xb0, 0x8f, 0xff, 0x70, 0x7,
    0xff, 0xfb, 0x4f, 0xff, 0xc0, 0x1f, 0xff, 0xf1,
    0x6, 0xff, 0xfb, 0x4f, 0xff, 0xd0, 0x8, 0xff,
    0xf9, 0x5, 0xff, 0xfb, 0x4f, 0xff, 0xe0, 0x0,
    0xef, 0xff, 0x14, 0xff, 0xfb, 0x4f, 0xff, 0xf0,
    0x0, 0x6f, 0xff, 0x83, 0xff, 0xfb, 0x4f, 0xff,
    0xf0, 0x0, 0xd, 0xff, 0xf2, 0xff, 0xfb, 0x4f,
    0xff, 0xf0, 0x0, 0x5, 0xff, 0xf7, 0xff, 0xfb,
    0x4f, 0xff, 0xf0, 0x0, 0x0, 0xcf, 0xfe, 0xff,
    0xfb, 0x4f, 0xff, 0xf0, 0x0, 0x0, 0x4f, 0xff,
    0xff, 0xfb, 0x4f, 0xff, 0xf0, 0x0, 0x0, 0xb,
    0xff, 0xff, 0xfb, 0x4f, 0xff, 0xf0, 0x0, 0x0,
    0x2, 0xff, 0xff, 0xfb, 0x4f, 0xff, 0xf0, 0x0,
    0x0, 0x0, 0xaf, 0xff, 0xfb, 0x4f, 0xff, 0xf0,
    0x0, 0x0, 0x0, 0x1f, 0xff, 0xfb,

    /* U+004F "O" */
    0x0, 0x0, 0x0, 0x38, 0xce, 0xfe, 0xd9, 0x40,
    0x0, 0x0, 0x0, 0x0, 0x2, 0xbf, 0xff, 0xff,
    0xff, 0xff, 0xc3, 0x0, 0x0, 0x0, 0x4, 0xef,
    0xff, 0xff, 0xff, 0xff, 0xff, 0xf5, 0x0, 0x0,
    0x2, 0xff, 0xff, 0xff, 0xfc, 0xff, 0xff, 0xff,
    0xf3, 0x0, 0x0, 0xcf, 0xff, 0xfd, 0x30, 0x0,
    0x3c, 0xff, 0xff, 0xe0, 0x0, 0x4f, 0xff, 0xfc,
    0x10, 0x0, 0x0, 0xb, 0xff, 0xff, 0x60, 0xb,
    0xff, 0xff, 0x30, 0x0, 0x0, 0x0, 0x1f, 0xff,
    0xfc, 0x0, 0xff, 0xff, 0xb0, 0x0, 0x0, 0x0,
    0x0, 0x9f, 0xff, 0xf1, 0x2f, 0xff, 0xf7, 0x0,
    0x0, 0x0, 0x0, 0x5, 0xff, 0xff, 0x44, 0xff,
    0xff, 0x50, 0x0, 0x0, 0x0, 0x0, 0x3f, 0xff,
    0xf6, 0x5f, 0xff, 0xf3, 0x0, 0x0, 0x0, 0x0,
    0x1, 0xff, 0xff, 0x75, 0xff, 0xff, 0x40, 0x0,
    0x0, 0x0, 0x0, 0x2f, 0xff, 0xf6, 0x4f, 0xff,
    0xf6, 0x0, 0x0, 0x0, 0x0, 0x4, 0xff, 0xff,
    0x52, 0xff, 0xff, 0x80, 0x0, 0x0, 0x0, 0x0,
    0x6f, 0xff, 0xf3, 0xe, 0xff, 0xfd, 0x0, 0x0,
    0x0, 0x0, 0xb, 0xff, 0xff, 0x0, 0xaf, 0xff,
    0xf4, 0x0, 0x0, 0x0, 0x2, 0xff, 0xff, 0xb0,
    0x3, 0xff, 0xff, 0xd1, 0x0, 0x0, 0x1, 0xcf,
    0xff, 0xf4, 0x0, 0xb, 0xff, 0xff, 0xe4, 0x0,
    0x3, 0xdf, 0xff, 0xfc, 0x0, 0x0, 0x1e, 0xff,
    0xff, 0xfe, 0xde, 0xff, 0xff, 0xff, 0x20, 0x0,
    0x0, 0x2e, 0xff, 0xff, 0xff, 0xff, 0xff, 0xfe,
    0x40, 0x0, 0x0, 0x0, 0x1a, 0xff, 0xff, 0xff,
    0xff, 0xfb, 0x20, 0x0, 0x0, 0x0, 0x0, 0x3,
    0x8c, 0xef, 0xed, 0x83, 0x0, 0x0, 0x0,

    /* U+0050 "P" */
    0x4f, 0xff, 0xff, 0xff, 0xfd, 0xb9, 0x30, 0x0,
    0x4, 0xff, 0xff, 0xff, 0xff, 0xff, 0xff, 0xc4,
    0x0, 0x4f, 0xff, 0xff, 0xff, 0xff, 0xff, 0xff,
    0xf4, 0x4, 0xff, 0xff, 0x97, 0x89, 0xaf, 0xff,
    0xff, 0xe0, 0x4f, 0xff, 0xf2, 0x0, 0x0, 0x9,
    0xff, 0xff, 0x54, 0xff, 0xff, 0x20, 0x0, 0x0,
    0xe, 0xff, 0xf9, 0x4f, 0xff, 0xf2, 0x0, 0x0,
    0x0, 0xbf, 0xff, 0xa4, 0xff, 0xff, 0x20, 0x0,
    0x0, 0xb, 0xff, 0xfa, 0x4f, 0xff, 0xf2, 0x0,
    0x0, 0x0, 0xef, 0xff, 0x84, 0xff, 0xff, 0x20,
    0x0, 0x1, 0xbf, 0xff, 0xf3, 0x4f, 0xff, 0xf8,
    0x77, 0x8a, 0xff, 0xff, 0xfb, 0x4, 0xff, 0xff,
    0xff, 0xff, 0xff, 0xff, 0xfe, 0x20, 0x4f, 0xff,
    0xff, 0xff, 0xff, 0xff, 0xf9, 0x10, 0x4, 0xff,
    0xff, 0xff, 0xff, 0xdb, 0x81, 0x0, 0x0, 0x4f,
    0xff, 0xf2, 0x0, 0x0, 0x0, 0x0, 0x0, 0x4,
    0xff, 0xff, 0x20, 0x0, 0x0, 0x0, 0x0, 0x0,
    0x4f, 0xff, 0xf2, 0x0, 0x0, 0x0, 0x0, 0x0,
    0x4, 0xff, 0xff, 0x20, 0x0, 0x0, 0x0, 0x0,
    0x0, 0x4f, 0xff, 0xf2, 0x0, 0x0, 0x0, 0x0,
    0x0, 0x4, 0xff, 0xff, 0x20, 0x0, 0x0, 0x0,
    0x0, 0x0, 0x4f, 0xff, 0xf2, 0x0, 0x0, 0x0,
    0x0, 0x0, 0x4, 0xff, 0xff, 0x20, 0x0, 0x0,
    0x0, 0x0, 0x0,

    /* U+0051 "Q" */
    0x0, 0x0, 0x0, 0x38, 0xce, 0xfe, 0xc8, 0x40,
    0x0, 0x0, 0x0, 0x0, 0x0, 0x2b, 0xff, 0xff,
    0xff, 0xff, 0xfb, 0x20, 0x0, 0x0, 0x0, 0x3,
    0xef, 0xff, 0xff, 0xff, 0xff, 0xff, 0xf4, 0x0,
    0x0, 0x0, 0x1e, 0xff, 0xff, 0xfe, 0xcd, 0xff,
    0xff, 0xff, 0x20, 0x0, 0x0, 0xbf, 0xff, 0xfe,
    0x30, 0x0, 0x2d, 0xff, 0xff, 0xd0, 0x0, 0x3,
    0xff, 0xff, 0xd1, 0x0, 0x0, 0x0, 0xcf, 0xff,
    0xf5, 0x0, 0xa, 0xff, 0xff, 0x40, 0x0, 0x0,
    0x0, 0x2f, 0xff, 0xfc, 0x0, 0xe, 0xff, 0xfc,
    0x0, 0x0, 0x0, 0x0, 0xb, 0xff, 0xff, 0x0,
    0x2f, 0xff, 0xf8, 0x0, 0x0, 0x0, 0x0, 0x6,
    0xff, 0xff, 0x40, 0x4f, 0xff, 0xf6, 0x0, 0x0,
    0x0, 0x0, 0x4, 0xff, 0xff, 0x50, 0x5f, 0xff,
    0xf4, 0x0, 0x0, 0x0, 0x0, 0x2, 0xff, 0xff,
    0x60, 0x5f, 0xff, 0xf3, 0x0, 0x0, 0x0, 0x0,
    0x1, 0xff, 0xff, 0x70, 0x4f, 0xff, 0xf5, 0x0,
    0x0, 0x0, 0x0, 0x3, 0xff, 0xff, 0x60, 0x3f,
    0xff, 0xf7, 0x0, 0x0, 0x0, 0x0, 0x5, 0xff,
    0xff, 0x40, 0xf, 0xff, 0xf9, 0x0, 0x0, 0x0,
    0x0, 0x7, 0xff, 0xff, 0x10, 0xb, 0xff, 0xff,
    0x10, 0x0, 0x0, 0x0, 0xe, 0xff, 0xfd, 0x0,
    0x4, 0xff, 0xff, 0x70, 0x0, 0x0, 0x0, 0x5f,
    0xff, 0xf5, 0x0, 0x0, 0xcf, 0xff, 0xf5, 0x0,
    0x0, 0x4, 0xff, 0xff, 0xe0, 0x0, 0x0, 0x4f,
    0xff, 0xff, 0x82, 0x12, 0x7f, 0xff, 0xff, 0x60,
    0x0, 0x0, 0x8, 0xff, 0xff, 0xff, 0xff, 0xff,
    0xff, 0xf7, 0x0, 0x0, 0x0, 0x0, 0x7f, 0xff,
    0xff, 0xff, 0xff, 0xff, 0x70, 0x0, 0x0, 0x0,
    0x0, 0x3, 0xbf, 0xff, 0xff, 0xff, 0xb3, 0x0,
    0x0, 0x0, 0x0, 0x0, 0x0, 0x1, 0x7f, 0xff,
    0xf8, 0x0, 0x0, 0x0, 0x0, 0x0, 0x0, 0x0,
    0x0, 0xc, 0xff, 0xff, 0x80, 0x0, 0x0, 0x0,
    0x0, 0x0, 0x0, 0x0, 0x2, 0xef, 0xff, 0xff,
    0xb9, 0x89, 0x90, 0x0, 0x0, 0x0, 0x0, 0x0,
    0x2e, 0xff, 0xff, 0xff, 0xff, 0xf0, 0x0, 0x0,
    0x0, 0x0, 0x0, 0x1, 0xaf, 0xff, 0xff, 0xff,
    0xf4, 0x0, 0x0, 0x0, 0x0, 0x0, 0x0, 0x1,
    0x8b, 0xdf, 0xfd, 0xa2,

    /* U+0052 "R" */
    0x4f, 0xff, 0xff, 0xff, 0xfe, 0xca, 0x50, 0x0,
    0x0, 0x4f, 0xff, 0xff, 0xff, 0xff, 0xff, 0xfe,
    0x60, 0x0, 0x4f, 0xff, 0xff, 0xff, 0xff, 0xff,
    0xff, 0xf7, 0x0, 0x4f, 0xff, 0xf9, 0x77, 0x89,
    0xdf, 0xff, 0xff, 0x20, 0x4f, 0xff, 0xf2, 0x0,
    0x0, 0x6, 0xff, 0xff, 0x80, 0x4f, 0xff, 0xf2,
    0x0, 0x0, 0x0, 0xcf, 0xff, 0xb0, 0x4f, 0xff,
    0xf2, 0x0, 0x0, 0x0, 0x9f, 0xff, 0xc0, 0x4f,
    0xff, 0xf2, 0x0, 0x0, 0x0, 0xbf, 0xff, 0xa0,
    0x4f, 0xff, 0xf2, 0x0, 0x0, 0x3, 0xff, 0xff,
    0x80, 0x4f, 0xff, 0xf2, 0x0, 0x2, 0x7e, 0xff,
    0xff, 0x20, 0x4f, 0xff, 0xff, 0xff, 0xff, 0xff,
    0xff, 0xf9, 0x0, 0x4f, 0xff, 0xff, 0xff, 0xff,
    0xff, 0xff, 0xa0, 0x0, 0x4f, 0xff, 0xff, 0xff,
    0xff, 0xff, 0xd4, 0x0, 0x0, 0x4f, 0xff, 0xf8,
    0x77, 0xcf, 0xff, 0xe0, 0x0, 0x0, 0x4f, 0xff,
    0xf2, 0x0, 0x3f, 0xff, 0xf8, 0x0, 0x0, 0x4f,
    0xff, 0xf2, 0x0, 0xa, 0xff, 0xff, 0x20, 0x0,
    0x4f, 0xff, 0xf2, 0x0, 0x2, 0xff, 0xff, 0xa0,
    0x0, 0x4f, 0xff, 0xf2, 0x0, 0x0, 0x9f, 0xff,
    0xf3, 0x0, 0x4f, 0xff, 0xf2, 0x0, 0x0, 0x1f,
    0xff, 0xfc, 0x0, 0x4f, 0xff, 0xf2, 0x0, 0x0,
    0x8, 0xff, 0xff, 0x50, 0x4f, 0xff, 0xf2, 0x0,
    0x0, 0x0, 0xef, 0xff, 0xe0, 0x4f, 0xff, 0xf2,
    0x0, 0x0, 0x0, 0x7f, 0xff, 0xf7,

    /* U+0053 "S" */
    0x0, 0x0, 0x6, 0xac, 0xfe, 0xd9, 0x40, 0x0,
    0x0, 0x0, 0x4d, 0xff, 0xff, 0xff, 0xff, 0xc3,
    0x0, 0x0, 0x4f, 0xff, 0xff, 0xff, 0xff, 0xff,
    0xf6, 0x0, 0x2f, 0xff, 0xff, 0xec, 0xdf, 0xff,
    0xff, 0x40, 0x9, 0xff, 0xff, 0x70, 0x0, 0x4,
    0xdf, 0x60, 0x0, 0xcf, 0xff, 0xc0, 0x0, 0x0,
    0x0, 0x40, 0x0, 0xc, 0xff, 0xfd, 0x0, 0x0,
    0x0, 0x0, 0x0, 0x0, 0x9f, 0xff, 0xf8, 0x0,
    0x0, 0x0, 0x0, 0x0, 0x3, 0xff, 0xff, 0xfe,
    0x71, 0x0, 0x0, 0x0, 0x0, 0x8, 0xff, 0xff,
    0xff, 0xfb, 0x50, 0x0, 0x0, 0x0, 0x7, 0xff,
    0xff, 0xff, 0xff, 0xe6, 0x0, 0x0, 0x0, 0x2,
    0xaf, 0xff, 0xff, 0xff, 0xfa, 0x0, 0x0, 0x0,
    0x0, 0x17, 0xef, 0xff, 0xff, 0xf9, 0x0, 0x0,
    0x0, 0x0, 0x0, 0x4c, 0xff, 0xff, 0xf2, 0x0,
    0x0, 0x0, 0x0, 0x0, 0x8, 0xff, 0xff, 0x50,
    0x0, 0x0, 0x0, 0x0, 0x0, 0x1f, 0xff, 0xf7,
    0x0, 0xba, 0x10, 0x0, 0x0, 0x3, 0xff, 0xff,
    0x60, 0x9f, 0xff, 0x71, 0x0, 0x3, 0xdf, 0xff,
    0xf2, 0x6f, 0xff, 0xff, 0xfe, 0xde, 0xff, 0xff,
    0xfb, 0x1, 0xcf, 0xff, 0xff, 0xff, 0xff, 0xff,
    0xfd, 0x10, 0x0, 0x6e, 0xff, 0xff, 0xff, 0xff,
    0xf9, 0x10, 0x0, 0x0, 0x5, 0x9d, 0xef, 0xec,
    0x82, 0x0, 0x0,

    /* U+0054 "T" */
    0x1f, 0xff, 0xff, 0xff, 0xff, 0xff, 0xff, 0xff,
    0xfd, 0x1f, 0xff, 0xff, 0xff, 0xff, 0xff, 0xff,
    0xff, 0xfd, 0x1f, 0xff, 0xff, 0xff, 0xff, 0xff,
    0xff, 0xff, 0xfd, 0x1a, 0xaa, 0xaa, 0xaf, 0xff,
    0xfd, 0xaa, 0xaa, 0xa9, 0x0, 0x0, 0x0, 0xd,
    0xff, 0xf9, 0x0, 0x0, 0x0, 0x0, 0x0, 0x0,
    0xd, 0xff, 0xf9, 0x0, 0x0, 0x0, 0x0, 0x0,
    0x0, 0xd, 0xff, 0xf9, 0x0, 0x0, 0x0, 0x0,
    0x0, 0x0, 0xd, 0xff, 0xf9, 0x0, 0x0, 0x0,
    0x0, 0x0, 0x0, 0xd, 0xff, 0xf9, 0x0, 0x0,
    0x0, 0x0, 0x0, 0x0, 0xd, 0xff, 0xf9, 0x0,
    0x0, 0x0, 0x0, 0x0, 0x0, 0xd, 0xff, 0xf9,
    0x0, 0x0, 0x0, 0x0, 0x0, 0x0, 0xd, 0xff,
    0xf9, 0x0, 0x0, 0x0, 0x0, 0x0, 0x0, 0xd,
    0xff, 0xf9, 0x0, 0x0, 0x0, 0x0, 0x0, 0x0,
    0xd, 0xff, 0xf9, 0x0, 0x0, 0x0, 0x0, 0x0,
    0x0, 0xd, 0xff, 0xf9, 0x0, 0x0, 0x0, 0x0,
    0x0, 0x0, 0xd, 0xff, 0xf9, 0x0, 0x0, 0x0,
    0x0, 0x0, 0x0, 0xd, 0xff, 0xf9, 0x0, 0x0,
    0x0, 0x0, 0x0, 0x0, 0xd, 0xff, 0xf9, 0x0,
    0x0, 0x0, 0x0, 0x0, 0x0, 0xd, 0xff, 0xf9,
    0x0, 0x0, 0x0, 0x0, 0x0, 0x0, 0xd, 0xff,
    0xf9, 0x0, 0x0, 0x0, 0x0, 0x0, 0x0, 0xd,
    0xff, 0xf9, 0x0, 0x0, 0x0, 0x0, 0x0, 0x0,
    0xd, 0xff, 0xf9, 0x0, 0x0, 0x0,

    /* U+0055 "U" */
    0x5f, 0xff, 0xf0, 0x0, 0x0, 0x0, 0x6, 0xff,
    0xfd, 0x5f, 0xff, 0xf0, 0x0, 0x0, 0x0, 0x6,
    0xff, 0xfd, 0x5f, 0xff, 0xf0, 0x0, 0x0, 0x0,
    0x6, 0xff, 0xfd, 0x5f, 0xff, 0xf0, 0x0, 0x0,
    0x0, 0x6, 0xff, 0xfd, 0x5f, 0xff, 0xf0, 0x0,
    0x0, 0x0, 0x6, 0xff, 0xfd, 0x5f, 0xff, 0xf0,
    0x0, 0x0, 0x0, 0x6, 0xff, 0xfd, 0x5f, 0xff,
    0xf0, 0x0, 0x0, 0x0, 0x6, 0xff, 0xfd, 0x5f,
    0xff, 0xf0, 0x0, 0x0, 0x0, 0x6, 0xff, 0xfd,
    0x5f, 0xff, 0xf0, 0x0, 0x0, 0x0, 0x6, 0xff,
    0xfd, 0x5f, 0xff, 0xf0, 0x0, 0x0, 0x0, 0x6,
    0xff, 0xfd, 0x5f, 0xff, 0xf0, 0x0, 0x0, 0x0,
    0x6, 0xff, 0xfd, 0x5f, 0xff, 0xf0, 0x0, 0x0,
    0x0, 0x6, 0xff, 0xfd, 0x5f, 0xff, 0xf0, 0x0,
    0x0, 0x0, 0x7, 0xff, 0xfc, 0x4f, 0xff, 0xf1,
    0x0, 0x0, 0x0, 0x8, 0xff, 0xfb, 0x2f, 0xff,
    0xf3, 0x0, 0x0, 0x0, 0xa, 0xff, 0xfa, 0xf,
    0xff, 0xf8, 0x0, 0x0, 0x0, 0xe, 0xff, 0xf7,
    0xc, 0xff, 0xff, 0x10, 0x0, 0x0, 0x7f, 0xff,
    0xf3, 0x5, 0xff, 0xff, 0xd2, 0x0, 0x7, 0xff,
    0xff, 0xd0, 0x0, 0xdf, 0xff, 0xff, 0xed, 0xff,
    0xff, 0xff, 0x50, 0x0, 0x3f, 0xff, 0xff, 0xff,
    0xff, 0xff, 0xfa, 0x0, 0x0, 0x2, 0xdf, 0xff,
    0xff, 0xff, 0xff, 0x80, 0x0, 0x0, 0x0, 0x5,
    0xad, 0xff, 0xec, 0x82, 0x0, 0x0,

    /* U+0056 "V" */
    0xf, 0xff, 0xfa, 0x0, 0x0, 0x0, 0x0, 0xe,
    0xff, 0xf8, 0xb, 0xff, 0xfe, 0x0, 0x0, 0x0,
    0x0, 0x2f, 0xff, 0xf4, 0x6, 0xff, 0xff, 0x30,
    0x0, 0x0, 0x0, 0x7f, 0xff, 0xe0, 0x1, 0xff,
    0xff, 0x70, 0x0, 0x0, 0x0, 0xbf, 0xff, 0xa0,
    0x0, 0xcf, 0xff, 0xb0, 0x0, 0x0, 0x0, 0xff,
    0xff, 0x50, 0x0, 0x7f, 0xff, 0xf0, 0x0, 0x0,
    0x4, 0xff, 0xff, 0x0, 0x0, 0x2f, 0xff, 0xf4,
    0x0, 0x0, 0x8, 0xff, 0xfb, 0x0, 0x0, 0xd,
    0xff, 0xf8, 0x0, 0x0, 0xc, 0xff, 0xf6, 0x0,
    0x0, 0x8, 0xff, 0xfd, 0x0, 0x0, 0x1f, 0xff,
    0xf1, 0x0, 0x0, 0x3, 0xff, 0xff, 0x10, 0x0,
    0x5f, 0xff, 0xc0, 0x0, 0x0, 0x0, 0xef, 0xff,
    0x60, 0x0, 0x9f, 0xff, 0x70, 0x0, 0x0, 0x0,
    0x9f, 0xff, 0xa0, 0x0, 0xdf, 0xff, 0x20, 0x0,
    0x0, 0x0, 0x4f, 0xff, 0xe0, 0x2, 0xff, 0xfd,
    0x0, 0x0, 0x0, 0x0, 0xf, 0xff, 0xf2, 0x6,
    0xff, 0xf8, 0x0, 0x0, 0x0, 0x0, 0xb, 0xff,
    0xf6, 0xa, 0xff, 0xf3, 0x0, 0x0, 0x0, 0x0,
    0x6, 0xff, 0xfb, 0xe, 0xff, 0xe0, 0x0, 0x0,
    0x0, 0x0, 0x1, 0xff, 0xff, 0x3f, 0xff, 0xa0,
    0x0, 0x0, 0x0, 0x0, 0x0, 0xcf, 0xff, 0xbf,
    0xff, 0x50, 0x0, 0x0, 0x0, 0x0, 0x0, 0x7f,
    0xff, 0xff, 0xff, 0x0, 0x0, 0x0, 0x0, 0x0,
    0x0, 0x2f, 0xff, 0xff, 0xfb, 0x0, 0x0, 0x0,
    0x0, 0x0, 0x0, 0xd, 0xff, 0xff, 0xf6, 0x0,
    0x0, 0x0, 0x0, 0x0, 0x0, 0x8, 0xff, 0xff,
    0xf1, 0x0, 0x0, 0x0,

    /* U+0057 "W" */
    0x5f, 0xff, 0xf2, 0x0, 0x0, 0x2, 0xff, 0xfd,
    0x0, 0x0, 0x0, 0x6f, 0xff, 0xb2, 0xff, 0xff,
    0x50, 0x0, 0x0, 0x6f, 0xff, 0xf1, 0x0, 0x0,
    0x9, 0xff, 0xf8, 0xf, 0xff, 0xf7, 0x0, 0x0,
    0xa, 0xff, 0xff, 0x50, 0x0, 0x0, 0xcf, 0xff,
    0x50, 0xcf, 0xff, 0xa0, 0x0, 0x0, 0xef, 0xff,
    0xf9, 0x0, 0x0, 0xe, 0xff, 0xf2, 0x9, 0xff,
    0xfc, 0x0, 0x0, 0x2f, 0xff, 0xff, 0xd0, 0x0,
    0x1, 0xff, 0xff, 0x0, 0x5f, 0xff, 0xf0, 0x0,
    0x5, 0xff, 0xff, 0xff, 0x10, 0x0, 0x4f, 0xff,
    0xd0, 0x2, 0xff, 0xff, 0x20, 0x0, 0x9f, 0xfb,
    0xff, 0xf4, 0x0, 0x6, 0xff, 0xfa, 0x0, 0xf,
    0xff, 0xf4, 0x0, 0xd, 0xff, 0x6e, 0xff, 0x80,
    0x0, 0x9f, 0xff, 0x70, 0x0, 0xcf, 0xff, 0x70,
    0x1, 0xff, 0xf3, 0xcf, 0xfc, 0x0, 0xc, 0xff,
    0xf4, 0x0, 0x9, 0xff, 0xf9, 0x0, 0x5f, 0xff,
    0x9, 0xff, 0xf0, 0x0, 0xef, 0xff, 0x10, 0x0,
    0x6f, 0xff, 0xc0, 0x8, 0xff, 0xc0, 0x6f, 0xff,
    0x40, 0x1f, 0xff, 0xe0, 0x0, 0x3, 0xff, 0xfe,
    0x0, 0xcf, 0xf9, 0x2, 0xff, 0xf7, 0x3, 0xff,
    0xfb, 0x0, 0x0, 0xf, 0xff, 0xf1, 0xf, 0xff,
    0x60, 0xf, 0xff, 0xa0, 0x5f, 0xff, 0x80, 0x0,
    0x0, 0xdf, 0xff, 0x32, 0xff, 0xf2, 0x0, 0xbf,
    0xfe, 0x8, 0xff, 0xf5, 0x0, 0x0, 0xa, 0xff,
    0xf5, 0x5f, 0xfe, 0x0, 0x7, 0xff, 0xf1, 0xaf,
    0xff, 0x20, 0x0, 0x0, 0x6f, 0xff, 0x89, 0xff,
    0xb0, 0x0, 0x4f, 0xff, 0x4c, 0xff, 0xf0, 0x0,
    0x0, 0x3, 0xff, 0xfa, 0xcf, 0xf7, 0x0, 0x0,
    0xff, 0xf7, 0xef, 0xfc, 0x0, 0x0, 0x0, 0xf,
    0xff, 0xdf, 0xff, 0x40, 0x0, 0xc, 0xff, 0xcf,
    0xff, 0x90, 0x0, 0x0, 0x0, 0xdf, 0xff, 0xff,
    0xf0, 0x0, 0x0, 0x9f, 0xff, 0xff, 0xf6, 0x0,
    0x0, 0x0, 0xa, 0xff, 0xff, 0xfd, 0x0, 0x0,
    0x5, 0xff, 0xff, 0xff, 0x30, 0x0, 0x0, 0x0,
    0x7f, 0xff, 0xff, 0x90, 0x0, 0x0, 0x1f, 0xff,
    0xff, 0xf0, 0x0, 0x0, 0x0, 0x4, 0xff, 0xff,
    0xf5, 0x0, 0x0, 0x0, 0xef, 0xff, 0xfd, 0x0,
    0x0,

    /* U+0058 "X" */
    0xe, 0xff, 0xfe, 0x0, 0x0, 0x0, 0xe, 0xff,
    0xfb, 0x0, 0x6f, 0xff, 0xf7, 0x0, 0x0, 0x6,
    0xff, 0xff, 0x30, 0x0, 0xdf, 0xff, 0xe0, 0x0,
    0x0, 0xdf, 0xff, 0xa0, 0x0, 0x4, 0xff, 0xff,
    0x60, 0x0, 0x4f, 0xff, 0xf2, 0x0, 0x0, 0xb,
    0xff, 0xfe, 0x0, 0xb, 0xff, 0xf9, 0x0, 0x0,
    0x0, 0x3f, 0xff, 0xf6, 0x3, 0xff, 0xff, 0x10,
    0x0, 0x0, 0x0, 0xaf, 0xff, 0xd0, 0xaf, 0xff,
    0x70, 0x0, 0x0, 0x0, 0x2, 0xff, 0xff, 0x7f,
    0xff, 0xe0, 0x0, 0x0, 0x0, 0x0, 0x8, 0xff,
    0xff, 0xff, 0xf6, 0x0, 0x0, 0x0, 0x0, 0x0,
    0x1e, 0xff, 0xff, 0xfd, 0x0, 0x0, 0x0, 0x0,
    0x0, 0x0, 0x8f, 0xff, 0xff, 0x50, 0x0, 0x0,
    0x0, 0x0, 0x0, 0xc, 0xff, 0xff, 0xf8, 0x0,
    0x0, 0x0, 0x0, 0x0, 0x5, 0xff, 0xff, 0xff,
    0xf1, 0x0, 0x0, 0x0, 0x0, 0x0, 0xdf, 0xff,
    0xdf, 0xff, 0xa0, 0x0, 0x0, 0x0, 0x0, 0x6f,
    0xff, 0xa4, 0xff, 0xff, 0x30, 0x0, 0x0, 0x0,
    0xe, 0xff, 0xf3, 0xc, 0xff, 0xfc, 0x0, 0x0,
    0x0, 0x8, 0xff, 0xfc, 0x0, 0x5f, 0xff, 0xf4,
    0x0, 0x0, 0x1, 0xff, 0xff, 0x50, 0x0, 0xdf,
    0xff, 0xd0, 0x0, 0x0, 0xaf, 0xff, 0xd0, 0x0,
    0x5, 0xff, 0xff, 0x60, 0x0, 0x2f, 0xff, 0xf5,
    0x0, 0x0, 0xc, 0xff, 0xfe, 0x10, 0xb, 0xff,
    0xfd, 0x0, 0x0, 0x0, 0x4f, 0xff, 0xf8, 0x4,
    0xff, 0xff, 0x50, 0x0, 0x0, 0x0, 0xcf, 0xff,
    0xf2,

    /* U+0059 "Y" */
    0xe, 0xff, 0xfb, 0x0, 0x0, 0x0, 0x3, 0xff,
    0xff, 0x50, 0x7f, 0xff, 0xf2, 0x0, 0x0, 0x0,
    0xaf, 0xff, 0xd0, 0x0, 0xef, 0xff, 0x80, 0x0,
    0x0, 0x1f, 0xff, 0xf6, 0x0, 0x8, 0xff, 0xfe,
    0x0, 0x0, 0x7, 0xff, 0xfe, 0x0, 0x0, 0x1f,
    0xff, 0xf6, 0x0, 0x0, 0xdf, 0xff, 0x70, 0x0,
    0x0, 0x8f, 0xff, 0xc0, 0x0, 0x4f, 0xff, 0xe0,
    0x0, 0x0, 0x1, 0xff, 0xff, 0x30, 0xb, 0xff,
    0xf7, 0x0, 0x0, 0x0, 0x9, 0xff, 0xf9, 0x1,
    0xff, 0xff, 0x10, 0x0, 0x0, 0x0, 0x1f, 0xff,
    0xf0, 0x7f, 0xff, 0x80, 0x0, 0x0, 0x0, 0x0,
    0xaf, 0xff, 0x6e, 0xff, 0xf1, 0x0, 0x0, 0x0,
    0x0, 0x2, 0xff, 0xff, 0xff, 0xf9, 0x0, 0x0,
    0x0, 0x0, 0x0, 0xa, 0xff, 0xff, 0xff, 0x10,
    0x0, 0x0, 0x0, 0x0, 0x0, 0x3f, 0xff, 0xff,
    0x90, 0x0, 0x0, 0x0, 0x0, 0x0, 0x0, 0xbf,
    0xff, 0xf2, 0x0, 0x0, 0x0, 0x0, 0x0, 0x0,
    0x7, 0xff, 0xfe, 0x0, 0x0, 0x0, 0x0, 0x0,
    0x0, 0x0, 0x7f, 0xff, 0xe0, 0x0, 0x0, 0x0,
    0x0, 0x0, 0x0, 0x7, 0xff, 0xfe, 0x0, 0x0,
    0x0, 0x0, 0x0, 0x0, 0x0, 0x7f, 0xff, 0xe0,
    0x0, 0x0, 0x0, 0x0, 0x0, 0x0, 0x7, 0xff,
    0xfe, 0x0, 0x0, 0x0, 0x0, 0x0, 0x0, 0x0,
    0x7f, 0xff, 0xe0, 0x0, 0x0, 0x0, 0x0, 0x0,
    0x0, 0x7, 0xff, 0xfe, 0x0, 0x0, 0x0, 0x0,
    0x0, 0x0, 0x0, 0x7f, 0xff, 0xe0, 0x0, 0x0,
    0x0,

    /* U+005A "Z" */
    0xb, 0xff, 0xff, 0xff, 0xff, 0xff, 0xff, 0xff,
    0x10, 0xbf, 0xff, 0xff, 0xff, 0xff, 0xff, 0xff,
    0xf1, 0xb, 0xff, 0xff, 0xff, 0xff, 0xff, 0xff,
    0xff, 0x10, 0x7a, 0xaa, 0xaa, 0xaa, 0xad, 0xff,
    0xff, 0x80, 0x0, 0x0, 0x0, 0x0, 0x0, 0xdf,
    0xff, 0xd0, 0x0, 0x0, 0x0, 0x0, 0x0, 0x9f,
    0xff, 0xf3, 0x0, 0x0, 0x0, 0x0, 0x0, 0x3f,
    0xff, 0xf8, 0x0, 0x0, 0x0, 0x0, 0x0, 0xd,
    0xff, 0xfd, 0x0, 0x0, 0x0, 0x0, 0x0, 0x8,
    0xff, 0xff, 0x30, 0x0, 0x0, 0x0, 0x0, 0x3,
    0xff, 0xff, 0x90, 0x0, 0x0, 0x0, 0x0, 0x0,
    0xdf, 0xff, 0xd0, 0x0, 0x0, 0x0, 0x0, 0x0,
    0x8f, 0xff, 0xf4, 0x0, 0x0, 0x0, 0x0, 0x0,
    0x3f, 0xff, 0xf9, 0x0, 0x0, 0x0, 0x0, 0x0,
    0xd, 0xff, 0xfe, 0x0, 0x0, 0x0, 0x0, 0x0,
    0x8, 0xff, 0xff, 0x40, 0x0, 0x0, 0x0, 0x0,
    0x2, 0xff, 0xff, 0x90, 0x0, 0x0, 0x0, 0x0,
    0x0, 0xcf, 0xff, 0xe0, 0x0, 0x0, 0x0, 0x0,
    0x0, 0x7f, 0xff, 0xf4, 0x0, 0x0, 0x0, 0x0,
    0x0, 0x2f, 0xff, 0xff, 0xaa, 0xaa, 0xaa, 0xaa,
    0xaa, 0x2a, 0xff, 0xff, 0xff, 0xff, 0xff, 0xff,
    0xff, 0xf2, 0xbf, 0xff, 0xff, 0xff, 0xff, 0xff,
    0xff, 0xff, 0x2b, 0xff, 0xff, 0xff, 0xff, 0xff,
    0xff, 0xff, 0xf2,

    /* U+005B "[" */
    0xff, 0xff, 0xff, 0xef, 0xff, 0xff, 0xfe, 0xff,
    0xf8, 0x55, 0x4f, 0xff, 0x50, 0x0, 0xff, 0xf5,
    0x0, 0xf, 0xff, 0x50, 0x0, 0xff, 0xf5, 0x0,
    0xf, 0xff, 0x50, 0x0, 0xff, 0xf5, 0x0, 0xf,
    0xff, 0x50, 0x0, 0xff, 0xf5, 0x0, 0xf, 0xff,
    0x50, 0x0, 0xff, 0xf5, 0x0, 0xf, 0xff, 0x50,
    0x0, 0xff, 0xf5, 0x0, 0xf, 0xff, 0x50, 0x0,
    0xff, 0xf5, 0x0, 0xf, 0xff, 0x50, 0x0, 0xff,
    0xf5, 0x0, 0xf, 0xff, 0x50, 0x0, 0xff, 0xf5,
    0x0, 0xf, 0xff, 0x50, 0x0, 0xff, 0xf5, 0x0,
    0xf, 0xff, 0x50, 0x0, 0xff, 0xf5, 0x0, 0xf,
    0xff, 0x50, 0x0, 0xff, 0xf8, 0x44, 0x4f, 0xff,
    0xff, 0xfe, 0xff, 0xff, 0xff, 0xe0,

    /* U+005C "\\" */
    0xf, 0xfe, 0x0, 0x0, 0x0, 0x0, 0xc, 0xff,
    0x20, 0x0, 0x0, 0x0, 0x8, 0xff, 0x60, 0x0,
    0x0, 0x0, 0x4, 0xff, 0xa0, 0x0, 0x0, 0x0,
    0x0, 0xff, 0xe0, 0x0, 0x0, 0x0, 0x0, 0xbf,
    0xf2, 0x0, 0x0, 0x0, 0x0, 0x7f, 0xf6, 0x0,
    0x0, 0x0, 0x0, 0x3f, 0xfa, 0x0, 0x0, 0x0,
    0x0, 0xf, 0xfe, 0x0, 0x0, 0x0, 0x0, 0xb,
    0xff, 0x30, 0x0, 0x0, 0x0, 0x7, 0xff, 0x70,
    0x0, 0x0, 0x0, 0x3, 0xff, 0xb0, 0x0, 0x0,
    0x0, 0x0, 0xff, 0xf0, 0x0, 0x0, 0x0, 0x0,
    0xbf, 0xf3, 0x0, 0x0, 0x0, 0x0, 0x7f, 0xf7,
    0x0, 0x0, 0x0, 0x0, 0x2f, 0xfb, 0x0, 0x0,
    0x0, 0x0, 0xe, 0xff, 0x0, 0x0, 0x0, 0x0,
    0xa, 0xff, 0x40, 0x0, 0x0, 0x0, 0x6, 0xff,
    0x80, 0x0, 0x0, 0x0, 0x2, 0xff, 0xc0, 0x0,
    0x0, 0x0, 0x0, 0xef, 0xf0, 0x0, 0x0, 0x0,
    0x0, 0xaf, 0xf4, 0x0, 0x0, 0x0, 0x0, 0x6f,
    0xf8, 0x0, 0x0, 0x0, 0x0, 0x2f, 0xfc, 0x0,
    0x0, 0x0, 0x0, 0xd, 0xff, 0x10, 0x0, 0x0,
    0x0, 0x9, 0xff, 0x50, 0x0, 0x0, 0x0, 0x5,
    0xff, 0x90, 0x0, 0x0, 0x0, 0x1, 0xff, 0xd0,
    0x0, 0x0, 0x0, 0x0, 0xdf, 0xf1,

    /* U+005D "]" */
    0x8f, 0xff, 0xff, 0xf4, 0x8f, 0xff, 0xff, 0xf4,
    0x35, 0x55, 0xff, 0xf4, 0x0, 0x0, 0xff, 0xf4,
    0x0, 0x0, 0xff, 0xf4, 0x0, 0x0, 0xff, 0xf4,
    0x0, 0x0, 0xff, 0xf4, 0x0, 0x0, 0xff, 0xf4,
    0x0, 0x0, 0xff, 0xf4, 0x0, 0x0, 0xff, 0xf4,
    0x0, 0x0, 0xff, 0xf4, 0x0, 0x0, 0xff, 0xf4,
    0x0, 0x0, 0xff, 0xf4, 0x0, 0x0, 0xff, 0xf4,
    0x0, 0x0, 0xff, 0xf4, 0x0, 0x0, 0xff, 0xf4,
    0x0, 0x0, 0xff, 0xf4, 0x0, 0x0, 0xff, 0xf4,
    0x0, 0x0, 0xff, 0xf4, 0x0, 0x0, 0xff, 0xf4,
    0x0, 0x0, 0xff, 0xf4, 0x0, 0x0, 0xff, 0xf4,
    0x0, 0x0, 0xff, 0xf4, 0x0, 0x0, 0xff, 0xf4,
    0x0, 0x0, 0xff, 0xf4, 0x0, 0x0, 0xff, 0xf4,
    0x24, 0x44, 0xff, 0xf4, 0x8f, 0xff, 0xff, 0xf4,
    0x8f, 0xff, 0xff, 0xf4,

    /* U+005E "^" */
    0x0, 0x0, 0x0, 0x77, 0x76, 0x0, 0x0, 0x0,
    0x0, 0x0, 0x5f, 0xff, 0xf1, 0x0, 0x0, 0x0,
    0x0, 0xb, 0xff, 0xff, 0x60, 0x0, 0x0, 0x0,
    0x2, 0xff, 0xff, 0xfd, 0x0, 0x0, 0x0, 0x0,
    0x8f, 0xfd, 0xff, 0xf3, 0x0, 0x0, 0x0, 0xe,
    0xff, 0x7c, 0xff, 0x90, 0x0, 0x0, 0x4, 0xff,
    0xf1, 0x6f, 0xff, 0x0, 0x0, 0x0, 0xaf, 0xfc,
    0x1, 0xff, 0xf5, 0x0, 0x0, 0x1f, 0xff, 0x60,
    0xb, 0xff, 0xb0, 0x0, 0x7, 0xff, 0xf1, 0x0,
    0x6f, 0xff, 0x20, 0x0, 0xdf, 0xfb, 0x0, 0x0,
    0xff, 0xf8, 0x0, 0x3f, 0xff, 0x50, 0x0, 0xa,
    0xff, 0xe0, 0x9, 0xff, 0xf0, 0x0, 0x0, 0x5f,
    0xff, 0x40, 0xff, 0xfa, 0x0, 0x0, 0x0, 0xff,
    0xfa,

    /* U+005F "_" */
    0x48, 0x88, 0x88, 0x88, 0x88, 0x88, 0x88, 0x88,
    0x49, 0xff, 0xff, 0xff, 0xff, 0xff, 0xff, 0xff,
    0xf9, 0x9f, 0xff, 0xff, 0xff, 0xff, 0xff, 0xff,
    0xff, 0x90,

    /* U+0060 "`" */
    0x0, 0x2, 0x0, 0x0, 0x0, 0x9, 0xe2, 0x0,
    0x0, 0x9, 0xff, 0xd1, 0x0, 0x6, 0xff, 0xff,
    0xb0, 0x0, 0x8, 0xff, 0xff, 0x90, 0x0, 0x6,
    0xff, 0xff, 0x70, 0x0, 0x5, 0xff, 0xff, 0x30,
    0x0, 0x3, 0xef, 0x80, 0x0, 0x0, 0x2, 0x70,
    0x0,

    /* U+0061 "a" */
    0x0, 0x0, 0x5a, 0xdf, 0xfc, 0x92, 0x0, 0x0,
    0x7, 0xef, 0xff, 0xff, 0xff, 0xf7, 0x0, 0xa,
    0xff, 0xff, 0xff, 0xff, 0xff, 0xf4, 0x0, 0x2f,
    0xff, 0xda, 0x8b, 0xff, 0xff, 0xd0, 0x0, 0x9a,
    0x30, 0x0, 0x6, 0xff, 0xff, 0x30, 0x0, 0x0,
    0x0, 0x0, 0xf, 0xff, 0xf5, 0x0, 0x0, 0x0,
    0x25, 0x8a, 0xff, 0xff, 0x70, 0x0, 0x28, 0xef,
    0xff, 0xff, 0xff, 0xf9, 0x0, 0x8f, 0xff, 0xff,
    0xff, 0xff, 0xff, 0x90, 0x9f, 0xff, 0xfb, 0x52,
    0xc, 0xff, 0xf9, 0x2f, 0xff, 0xf5, 0x0, 0x0,
    0xcf, 0xff, 0x96, 0xff, 0xfd, 0x0, 0x0, 0xc,
    0xff, 0xf9, 0x6f, 0xff, 0xe0, 0x0, 0x7, 0xff,
    0xff, 0x93, 0xff, 0xff, 0xd8, 0x8c, 0xff, 0xff,
    0xf9, 0xd, 0xff, 0xff, 0xff, 0xff, 0xff, 0xff,
    0x90, 0x3e, 0xff, 0xff, 0xff, 0x94, 0xff, 0xf9,
    0x0, 0x19, 0xdf, 0xea, 0x30, 0x1f, 0xff, 0x90,

    /* U+0062 "b" */
    0x9f, 0xff, 0xc0, 0x0, 0x0, 0x0, 0x0, 0x0,
    0x9f, 0xff, 0xc0, 0x0, 0x0, 0x0, 0x0, 0x0,
    0x9f, 0xff, 0xc0, 0x0, 0x0, 0x0, 0x0, 0x0,
    0x9f, 0xff, 0xc0, 0x0, 0x0, 0x0, 0x0, 0x0,
    0x9f, 0xff, 0xc0, 0x0, 0x0, 0x0, 0x0, 0x0,
    0x9f, 0xff, 0xc0, 0x0, 0x0, 0x0, 0x0, 0x0,
    0x9f, 0xff, 0xc0, 0x0, 0x0, 0x0, 0x0, 0x0,
    0x9f, 0xff, 0xb0, 0x3a, 0xef, 0xd9, 0x20, 0x0,
    0x9f, 0xff, 0xb9, 0xff, 0xff, 0xff, 0xf6, 0x0,
    0x9f, 0xff, 0xff, 0xff, 0xff, 0xff, 0xff, 0x40,
    0x9f, 0xff, 0xff, 0xfb, 0xae, 0xff, 0xff, 0xc0,
    0x9f, 0xff, 0xfa, 0x10, 0x0, 0xbf, 0xff, 0xf4,
    0x9f, 0xff, 0xc0, 0x0, 0x0, 0x1f, 0xff, 0xf9,
    0x9f, 0xff, 0xc0, 0x0, 0x0, 0xc, 0xff, 0xfb,
    0x9f, 0xff, 0xc0, 0x0, 0x0, 0xa, 0xff, 0xfd,
    0x9f, 0xff, 0xc0, 0x0, 0x0, 0xa, 0xff, 0xfe,
    0x9f, 0xff, 0xc0, 0x0, 0x0, 0xb, 0xff, 0xfd,
    0x9f, 0xff, 0xc0, 0x0, 0x0, 0xe, 0xff, 0xfb,
    0x9f, 0xff, 0xc0, 0x0, 0x0, 0x5f, 0xff, 0xf7,
    0x9f, 0xff, 0xf5, 0x0, 0x2, 0xef, 0xff, 0xf1,
    0x9f, 0xff, 0xff, 0xda, 0xbf, 0xff, 0xff, 0x90,
    0x9f, 0xff, 0xff, 0xff, 0xff, 0xff, 0xfd, 0x0,
    0x9f, 0xff, 0x4c, 0xff, 0xff, 0xff, 0xc1, 0x0,
    0x9f, 0xfe, 0x0, 0x7c, 0xfe, 0xb5, 0x0, 0x0,

    /* U+0063 "c" */
    0x0, 0x0, 0x5, 0xad, 0xff, 0xc8, 0x0, 0x0,
    0x3, 0xdf, 0xff, 0xff, 0xff, 0xe4, 0x0, 0x5f,
    0xff, 0xff, 0xff, 0xff, 0xf4, 0x3, 0xff, 0xff,
    0xfe, 0xaa, 0xdf, 0x80, 0xc, 0xff, 0xff, 0x80,
    0x0, 0x5, 0x0, 0x2f, 0xff, 0xfa, 0x0, 0x0,
    0x0, 0x0, 0x7f, 0xff, 0xf2, 0x0, 0x0, 0x0,
    0x0, 0x9f, 0xff, 0xf0, 0x0, 0x0, 0x0, 0x0,
    0xaf, 0xff, 0xd0, 0x0, 0x0, 0x0, 0x0, 0x9f,
    0xff, 0xf0, 0x0, 0x0, 0x0, 0x0, 0x7f, 0xff,
    0xf2, 0x0, 0x0, 0x0, 0x0, 0x3f, 0xff, 0xfa,
    0x0, 0x0, 0x0, 0x0, 0xd, 0xff, 0xff, 0x80,
    0x0, 0x6, 0x60, 0x4, 0xff, 0xff, 0xfe, 0xaa,
    0xef, 0xf2, 0x0, 0x8f, 0xff, 0xff, 0xff, 0xff,
    0xfb, 0x0, 0x6, 0xff, 0xff, 0xff, 0xff, 0xe5,
    0x0, 0x0, 0x17, 0xce, 0xfd, 0xa6, 0x0,

    /* U+0064 "d" */
    0x0, 0x0, 0x0, 0x0, 0x0, 0x6, 0xff, 0xff,
    0x0, 0x0, 0x0, 0x0, 0x0, 0x6, 0xff, 0xff,
    0x0, 0x0, 0x0, 0x0, 0x0, 0x6, 0xff, 0xff,
    0x0, 0x0, 0x0, 0x0, 0x0, 0x6, 0xff, 0xff,
    0x0, 0x0, 0x0, 0x0, 0x0, 0x6, 0xff, 0xff,
    0x0, 0x0, 0x0, 0x0, 0x0, 0x6, 0xff, 0xff,
    0x0, 0x0, 0x0, 0x0, 0x0, 0x6, 0xff, 0xff,
    0x0, 0x0, 0x3a, 0xef, 0xc9, 0x15, 0xff, 0xff,
    0x0, 0x8, 0xff, 0xff, 0xff, 0xea, 0xff, 0xff,
    0x0, 0x8f, 0xff, 0xff, 0xff, 0xff, 0xff, 0xff,
    0x2, 0xff, 0xff, 0xfc, 0xac, 0xff, 0xff, 0xff,
    0xb, 0xff, 0xff, 0x60, 0x0, 0x2c, 0xff, 0xff,
    0x2f, 0xff, 0xfa, 0x0, 0x0, 0x6, 0xff, 0xff,
    0x6f, 0xff, 0xf3, 0x0, 0x0, 0x6, 0xff, 0xff,
    0x8f, 0xff, 0xf0, 0x0, 0x0, 0x6, 0xff, 0xff,
    0x9f, 0xff, 0xf0, 0x0, 0x0, 0x6, 0xff, 0xff,
    0x7f, 0xff, 0xf0, 0x0, 0x0, 0x6, 0xff, 0xff,
    0x5f, 0xff, 0xf2, 0x0, 0x0, 0x6, 0xff, 0xff,
    0x3f, 0xff, 0xf8, 0x0, 0x0, 0x7, 0xff, 0xff,
    0xd, 0xff, 0xff, 0x40, 0x0, 0x4f, 0xff, 0xff,
    0x6, 0xff, 0xff, 0xfc, 0xad, 0xff, 0xff, 0xff,
    0x0, 0xdf, 0xff, 0xff, 0xff, 0xff, 0xff, 0xff,
    0x0, 0x1d, 0xff, 0xff, 0xff, 0xe5, 0xef, 0xff,
    0x0, 0x0, 0x6c, 0xef, 0xd8, 0x10, 0xbf, 0xff,

    /* U+0065 "e" */
    0x0, 0x0, 0x17, 0xce, 0xfd, 0x93, 0x0, 0x0,
    0x0, 0x5, 0xef, 0xff, 0xff, 0xff, 0x60, 0x0,
    0x0, 0x6f, 0xff, 0xff, 0xff, 0xff, 0xf8, 0x0,
    0x1, 0xff, 0xff, 0xd8, 0x6a, 0xff, 0xff, 0x10,
    0xb, 0xff, 0xfb, 0x0, 0x0, 0x5f, 0xff, 0x90,
    0x2f, 0xff, 0xf1, 0x0, 0x0, 0xd, 0xff, 0xd0,
    0x7f, 0xff, 0xa0, 0x0, 0x0, 0xa, 0xff, 0xf0,
    0x9f, 0xff, 0xff, 0xff, 0xff, 0xff, 0xff, 0xf1,
    0xaf, 0xff, 0xff, 0xff, 0xff, 0xff, 0xff, 0xf2,
    0x9f, 0xff, 0xfe, 0xee, 0xee, 0xee, 0xee, 0xe0,
    0x7f, 0xff, 0xc0, 0x0, 0x0, 0x0, 0x0, 0x0,
    0x3f, 0xff, 0xf2, 0x0, 0x0, 0x0, 0x0, 0x0,
    0xd, 0xff, 0xfe, 0x20, 0x0, 0x0, 0x21, 0x0,
    0x4, 0xff, 0xff, 0xfa, 0x76, 0x8c, 0xf9, 0x0,
    0x0, 0x7f, 0xff, 0xff, 0xff, 0xff, 0xff, 0x20,
    0x0, 0x5, 0xef, 0xff, 0xff, 0xff, 0xfa, 0x20,
    0x0, 0x0, 0x7, 0xbe, 0xfd, 0xb8, 0x20, 0x0,

    /* U+0066 "f" */
    0x0, 0x0, 0x1, 0x9c, 0xef, 0xd9, 0x0, 0x0,
    0x5, 0xef, 0xff, 0xff, 0xe0, 0x0, 0x1, 0xef,
    0xff, 0xff, 0xfa, 0x0, 0x0, 0x8f, 0xff, 0xfb,
    0x79, 0x50, 0x0, 0xb, 0xff, 0xfc, 0x0, 0x0,
    0x0, 0x0, 0xdf, 0xff, 0x80, 0x0, 0x0, 0x0,
    0xd, 0xff, 0xf7, 0x0, 0x0, 0x2, 0xde, 0xff,
    0xff, 0xff, 0xfb, 0x0, 0x2f, 0xff, 0xff, 0xff,
    0xff, 0xb0, 0x2, 0xff, 0xff, 0xff, 0xff, 0xfb,
    0x0, 0x16, 0x6e, 0xff, 0xfb, 0x66, 0x40, 0x0,
    0x0, 0xdf, 0xff, 0x70, 0x0, 0x0, 0x0, 0xd,
    0xff, 0xf7, 0x0, 0x0, 0x0, 0x0, 0xdf, 0xff,
    0x70, 0x0, 0x0, 0x0, 0xd, 0xff, 0xf7, 0x0,
    0x0, 0x0, 0x0, 0xdf, 0xff, 0x70, 0x0, 0x0,
    0x0, 0xd, 0xff, 0xf7, 0x0, 0x0, 0x0, 0x0,
    0xdf, 0xff, 0x70, 0x0, 0x0, 0x0, 0xd, 0xff,
    0xf7, 0x0, 0x0, 0x0, 0x0, 0xdf, 0xff, 0x70,
    0x0, 0x0, 0x0, 0xd, 0xff, 0xf7, 0x0, 0x0,
    0x0, 0x0, 0xdf, 0xff, 0x70, 0x0, 0x0, 0x0,
    0xd, 0xff, 0xf7, 0x0, 0x0, 0x0, 0x0, 0xdf,
    0xff, 0x70, 0x0, 0x0,

    /* U+0067 "g" */
    0x0, 0x0, 0x6b, 0xdf, 0xff, 0xff, 0xff, 0xff,
    0x10, 0x4, 0xef, 0xff, 0xff, 0xff, 0xff, 0xff,
    0xf1, 0x3, 0xff, 0xff, 0xff, 0xff, 0xff, 0xff,
    0xff, 0x10, 0xdf, 0xff, 0xc3, 0x2, 0xbf, 0xff,
    0x93, 0x30, 0x2f, 0xff, 0xf2, 0x0, 0x1, 0xff,
    0xfd, 0x0, 0x3, 0xff, 0xff, 0x0, 0x0, 0xd,
    0xff, 0xf0, 0x0, 0x1f, 0xff, 0xf2, 0x0, 0x1,
    0xff, 0xfe, 0x0, 0x0, 0x9f, 0xff, 0xd3, 0x3,
    0xcf, 0xff, 0x90, 0x0, 0x0, 0xbf, 0xff, 0xff,
    0xff, 0xff, 0xd1, 0x0, 0x0, 0x2, 0xff, 0xff,
    0xff, 0xff, 0xb2, 0x0, 0x0, 0x1, 0xdf, 0xf6,
    0x8a, 0x97, 0x20, 0x0, 0x0, 0x0, 0x9f, 0xfb,
    0x0, 0x0, 0x0, 0x0, 0x0, 0x0, 0xc, 0xff,
    0xc0, 0x0, 0x0, 0x0, 0x0, 0x0, 0x0, 0xaf,
    0xff, 0xb7, 0x65, 0x55, 0x42, 0x0, 0x0, 0x6,
    0xff, 0xff, 0xff, 0xff, 0xff, 0xfe, 0x80, 0x0,
    0x9, 0xff, 0xff, 0xff, 0xff, 0xff, 0xff, 0xb0,
    0x4, 0xef, 0xfd, 0xff, 0xff, 0xff, 0xff, 0xff,
    0x33, 0xff, 0xf5, 0x0, 0x0, 0x1, 0x5f, 0xff,
    0xf6, 0x9f, 0xff, 0x0, 0x0, 0x0, 0x0, 0xef,
    0xff, 0x4a, 0xff, 0xfa, 0x20, 0x0, 0x3, 0xbf,
    0xff, 0xd0, 0x5f, 0xff, 0xff, 0xed, 0xdf, 0xff,
    0xff, 0xe2, 0x0, 0x6f, 0xff, 0xff, 0xff, 0xff,
    0xff, 0xa1, 0x0, 0x0, 0x17, 0xbd, 0xef, 0xdc,
    0xa7, 0x20, 0x0, 0x0,

    /* U+0068 "h" */
    0x9f, 0xff, 0xc0, 0x0, 0x0, 0x0, 0x0, 0x0,
    0x9f, 0xff, 0xc0, 0x0, 0x0, 0x0, 0x0, 0x0,
    0x9f, 0xff, 0xc0, 0x0, 0x0, 0x0, 0x0, 0x0,
    0x9f, 0xff, 0xc0, 0x0, 0x0, 0x0, 0x0, 0x0,
    0x9f, 0xff, 0xc0, 0x0, 0x0, 0x0, 0x0, 0x0,
    0x9f, 0xff, 0xc0, 0x0, 0x0, 0x0, 0x0, 0x0,
    0x9f, 0xff, 0xc0, 0x0, 0x0, 0x0, 0x0, 0x0,
    0x9f, 0xff, 0xb0, 0x18, 0xdf, 0xda, 0x40, 0x0,
    0x9f, 0xff, 0x94, 0xef, 0xff, 0xff, 0xf7, 0x0,
    0x9f, 0xff, 0xef, 0xff, 0xff, 0xff, 0xff, 0x20,
    0x9f, 0xff, 0xff, 0xfe, 0xcf, 0xff, 0xff, 0x90,
    0x9f, 0xff, 0xfe, 0x40, 0x2, 0xef, 0xff, 0xc0,
    0x9f, 0xff, 0xe1, 0x0, 0x0, 0x9f, 0xff, 0xe0,
    0x9f, 0xff, 0xc0, 0x0, 0x0, 0x6f, 0xff, 0xf0,
    0x9f, 0xff, 0xc0, 0x0, 0x0, 0x6f, 0xff, 0xf0,
    0x9f, 0xff, 0xc0, 0x0, 0x0, 0x5f, 0xff, 0xf0,
    0x9f, 0xff, 0xc0, 0x0, 0x0, 0x5f, 0xff, 0xf0,
    0x9f, 0xff, 0xc0, 0x0, 0x0, 0x5f, 0xff, 0xf0,
    0x9f, 0xff, 0xc0, 0x0, 0x0, 0x5f, 0xff, 0xf0,
    0x9f, 0xff, 0xc0, 0x0, 0x0, 0x5f, 0xff, 0xf0,
    0x9f, 0xff, 0xc0, 0x0, 0x0, 0x5f, 0xff, 0xf0,
    0x9f, 0xff, 0xc0, 0x0, 0x0, 0x5f, 0xff, 0xf0,
    0x9f, 0xff, 0xc0, 0x0, 0x0, 0x5f, 0xff, 0xf0,
    0x9f, 0xff, 0xc0, 0x0, 0x0, 0x5f, 0xff, 0xf0,

    /* U+0069 "i" */
    0x2c, 0xfd, 0x30, 0xcf, 0xff, 0xe0, 0xef, 0xff,
    0xf1, 0xaf, 0xff, 0xc0, 0x8, 0xb8, 0x10, 0x0,
    0x0, 0x0, 0x0, 0x0, 0x0, 0x9f, 0xff, 0xc0,
    0x9f, 0xff, 0xc0, 0x9f, 0xff, 0xc0, 0x9f, 0xff,
    0xc0, 0x9f, 0xff, 0xc0, 0x9f, 0xff, 0xc0, 0x9f,
    0xff, 0xc0, 0x9f, 0xff, 0xc0, 0x9f, 0xff, 0xc0,
    0x9f, 0xff, 0xc0, 0x9f, 0xff, 0xc0, 0x9f, 0xff,
    0xc0, 0x9f, 0xff, 0xc0, 0x9f, 0xff, 0xc0, 0x9f,
    0xff, 0xc0, 0x9f, 0xff, 0xc0, 0x9f, 0xff, 0xc0,

    /* U+006A "j" */
    0x0, 0x0, 0x2b, 0xfd, 0x40, 0x0, 0x0, 0xcf,
    0xff, 0xf0, 0x0, 0x0, 0xef, 0xff, 0xf1, 0x0,
    0x0, 0xaf, 0xff, 0xd0, 0x0, 0x0, 0x7, 0xb9,
    0x10, 0x0, 0x0, 0x0, 0x0, 0x0, 0x0, 0x0,
    0x0, 0x0, 0x0, 0x0, 0x0, 0x9f, 0xff, 0xd0,
    0x0, 0x0, 0x9f, 0xff, 0xd0, 0x0, 0x0, 0x9f,
    0xff, 0xd0, 0x0, 0x0, 0x9f, 0xff, 0xd0, 0x0,
    0x0, 0x9f, 0xff, 0xd0, 0x0, 0x0, 0x9f, 0xff,
    0xd0, 0x0, 0x0, 0x9f, 0xff, 0xd0, 0x0, 0x0,
    0x9f, 0xff, 0xd0, 0x0, 0x0, 0x9f, 0xff, 0xd0,
    0x0, 0x0, 0x9f, 0xff, 0xd0, 0x0, 0x0, 0x9f,
    0xff, 0xd0, 0x0, 0x0, 0x9f, 0xff, 0xd0, 0x0,
    0x0, 0x9f, 0xff, 0xd0, 0x0, 0x0, 0x9f, 0xff,
    0xd0, 0x0, 0x0, 0x9f, 0xff, 0xd0, 0x0, 0x0,
    0x9f, 0xff, 0xd0, 0x0, 0x0, 0x9f, 0xff, 0xd0,
    0x0, 0x0, 0xaf, 0xff, 0xc0, 0x0, 0x0, 0xdf,
    0xff, 0xa0, 0x8, 0x7b, 0xff, 0xff, 0x60, 0x2f,
    0xff, 0xff, 0xfe, 0x0, 0x5f, 0xff, 0xff, 0xe4,
    0x0, 0x5d, 0xff, 0xe9, 0x10, 0x0,

    /* U+006B "k" */
    0x9f, 0xff, 0xb0, 0x0, 0x0, 0x0, 0x0, 0x0,
    0x9f, 0xff, 0xb0, 0x0, 0x0, 0x0, 0x0, 0x0,
    0x9f, 0xff, 0xb0, 0x0, 0x0, 0x0, 0x0, 0x0,
    0x9f, 0xff, 0xb0, 0x0, 0x0, 0x0, 0x0, 0x0,
    0x9f, 0xff, 0xb0, 0x0, 0x0, 0x0, 0x0, 0x0,
    0x9f, 0xff, 0xb0, 0x0, 0x0, 0x0, 0x0, 0x0,
    0x9f, 0xff, 0xb0, 0x0, 0x0, 0x0, 0x0, 0x0,
    0x9f, 0xff, 0xb0, 0x0, 0x0, 0xcf, 0xff, 0xe1,
    0x9f, 0xff, 0xb0, 0x0, 0x9, 0xff, 0xff, 0x30,
    0x9f, 0xff, 0xb0, 0x0, 0x6f, 0xff, 0xf5, 0x0,
    0x9f, 0xff, 0xb0, 0x3, 0xff, 0xff, 0x80, 0x0,
    0x9f, 0xff, 0xb0, 0x1e, 0xff, 0xfb, 0x0, 0x0,
    0x9f, 0xff, 0xb0, 0xbf, 0xff, 0xd0, 0x0, 0x0,
    0x9f, 0xff, 0xb8, 0xff, 0xfe, 0x20, 0x0, 0x0,
    0x9f, 0xff, 0xef, 0xff, 0xfe, 0x0, 0x0, 0x0,
    0x9f, 0xff, 0xff, 0xff, 0xff, 0x90, 0x0, 0x0,
    0x9f, 0xff, 0xff, 0xff, 0xff, 0xf3, 0x0, 0x0,
    0x9f, 0xff, 0xff, 0x99, 0xff, 0xfd, 0x0, 0x0,
    0x9f, 0xff, 0xfb, 0x1, 0xff, 0xff, 0x70, 0x0,
    0x9f, 0xff, 0xd0, 0x0, 0x7f, 0xff, 0xf2, 0x0,
    0x9f, 0xff, 0xb0, 0x0, 0xd, 0xff, 0xfb, 0x0,
    0x9f, 0xff, 0xb0, 0x0, 0x4, 0xff, 0xff, 0x50,
    0x9f, 0xff, 0xb0, 0x0, 0x0, 0xbf, 0xff, 0xe1,
    0x9f, 0xff, 0xb0, 0x0, 0x0, 0x2f, 0xff, 0xf9,

    /* U+006C "l" */
    0x9f, 0xff, 0xc0, 0x9, 0xff, 0xfc, 0x0, 0x9f,
    0xff, 0xc0, 0x9, 0xff, 0xfc, 0x0, 0x9f, 0xff,
    0xc0, 0x9, 0xff, 0xfc, 0x0, 0x9f, 0xff, 0xc0,
    0x9, 0xff, 0xfc, 0x0, 0x9f, 0xff, 0xc0, 0x9,
    0xff, 0xfc, 0x0, 0x9f, 0xff, 0xc0, 0x9, 0xff,
    0xfc, 0x0, 0x9f, 0xff, 0xc0, 0x9, 0xff, 0xfc,
    0x0, 0x9f, 0xff, 0xc0, 0x9, 0xff, 0xfc, 0x0,
    0x9f, 0xff, 0xc0, 0x9, 0xff, 0xfc, 0x0, 0x9f,
    0xff, 0xc0, 0x9, 0xff, 0xfe, 0x0, 0x7f, 0xff,
    0xfa, 0x23, 0xff, 0xff, 0xf7, 0xb, 0xff, 0xff,
    0x90, 0x8, 0xcf, 0xe8,

    /* U+006D "m" */
    0x9f, 0xff, 0x0, 0x29, 0xdf, 0xea, 0x30, 0x0,
    0x29, 0xdf, 0xc9, 0x10, 0x9, 0xff, 0xf2, 0x5f,
    0xff, 0xff, 0xff, 0x40, 0x4f, 0xff, 0xff, 0xfe,
    0x30, 0x9f, 0xff, 0xcf, 0xff, 0xff, 0xff, 0xfe,
    0x8f, 0xff, 0xff, 0xff, 0xfc, 0x9, 0xff, 0xff,
    0xff, 0xed, 0xff, 0xff, 0xff, 0xff, 0xed, 0xff,
    0xff, 0xf3, 0x9f, 0xff, 0xfe, 0x30, 0x5, 0xff,
    0xff, 0xfe, 0x30, 0x5, 0xff, 0xff, 0x79, 0xff,
    0xfe, 0x10, 0x0, 0xd, 0xff, 0xfd, 0x10, 0x0,
    0xe, 0xff, 0xf9, 0x9f, 0xff, 0xc0, 0x0, 0x0,
    0xbf, 0xff, 0xb0, 0x0, 0x0, 0xcf, 0xff, 0xa9,
    0xff, 0xfc, 0x0, 0x0, 0xa, 0xff, 0xfb, 0x0,
    0x0, 0xb, 0xff, 0xfb, 0x9f, 0xff, 0xc0, 0x0,
    0x0, 0xaf, 0xff, 0xb0, 0x0, 0x0, 0xaf, 0xff,
    0xb9, 0xff, 0xfc, 0x0, 0x0, 0xa, 0xff, 0xfb,
    0x0, 0x0, 0xa, 0xff, 0xfb, 0x9f, 0xff, 0xc0,
    0x0, 0x0, 0xaf, 0xff, 0xb0, 0x0, 0x0, 0xaf,
    0xff, 0xb9, 0xff, 0xfc, 0x0, 0x0, 0xa, 0xff,
    0xfb, 0x0, 0x0, 0xa, 0xff, 0xfb, 0x9f, 0xff,
    0xc0, 0x0, 0x0, 0xaf, 0xff, 0xb0, 0x0, 0x0,
    0xaf, 0xff, 0xb9, 0xff, 0xfc, 0x0, 0x0, 0xa,
    0xff, 0xfb, 0x0, 0x0, 0xa, 0xff, 0xfb, 0x9f,
    0xff, 0xc0, 0x0, 0x0, 0xaf, 0xff, 0xb0, 0x0,
    0x0, 0xaf, 0xff, 0xb9, 0xff, 0xfc, 0x0, 0x0,
    0xa, 0xff, 0xfb, 0x0, 0x0, 0xa, 0xff, 0xfb,
    0x9f, 0xff, 0xc0, 0x0, 0x0, 0xaf, 0xff, 0xb0,
    0x0, 0x0, 0xaf, 0xff, 0xb0,

    /* U+006E "n" */
    0x9f, 0xff, 0x0, 0x18, 0xdf, 0xda, 0x40, 0x0,
    0x9f, 0xff, 0x25, 0xef, 0xff, 0xff, 0xf7, 0x0,
    0x9f, 0xff, 0xcf, 0xff, 0xff, 0xff, 0xff, 0x20,
    0x9f, 0xff, 0xff, 0xfe, 0xcf, 0xff, 0xff, 0x90,
    0x9f, 0xff, 0xfe, 0x40, 0x2, 0xef, 0xff, 0xc0,
    0x9f, 0xff, 0xe1, 0x0, 0x0, 0x9f, 0xff, 0xe0,
    0x9f, 0xff, 0xc0, 0x0, 0x0, 0x6f, 0xff, 0xf0,
    0x9f, 0xff, 0xc0, 0x0, 0x0, 0x6f, 0xff, 0xf0,
    0x9f, 0xff, 0xc0, 0x0, 0x0, 0x5f, 0xff, 0xf0,
    0x9f, 0xff, 0xc0, 0x0, 0x0, 0x5f, 0xff, 0xf0,
    0x9f, 0xff, 0xc0, 0x0, 0x0, 0x5f, 0xff, 0xf0,
    0x9f, 0xff, 0xc0, 0x0, 0x0, 0x5f, 0xff, 0xf0,
    0x9f, 0xff, 0xc0, 0x0, 0x0, 0x5f, 0xff, 0xf0,
    0x9f, 0xff, 0xc0, 0x0, 0x0, 0x5f, 0xff, 0xf0,
    0x9f, 0xff, 0xc0, 0x0, 0x0, 0x5f, 0xff, 0xf0,
    0x9f, 0xff, 0xc0, 0x0, 0x0, 0x5f, 0xff, 0xf0,
    0x9f, 0xff, 0xc0, 0x0, 0x0, 0x5f, 0xff, 0xf0,

    /* U+006F "o" */
    0x0, 0x0, 0x7, 0xce, 0xfe, 0xb5, 0x0, 0x0,
    0x0, 0x0, 0x5e, 0xff, 0xff, 0xff, 0xfd, 0x30,
    0x0, 0x0, 0x7f, 0xff, 0xff, 0xff, 0xff, 0xff,
    0x30, 0x0, 0x4f, 0xff, 0xff, 0xc9, 0xcf, 0xff,
    0xfe, 0x10, 0xc, 0xff, 0xff, 0x30, 0x0, 0x6f,
    0xff, 0xf9, 0x3, 0xff, 0xff, 0x70, 0x0, 0x0,
    0xbf, 0xff, 0xf0, 0x7f, 0xff, 0xf1, 0x0, 0x0,
    0x5, 0xff, 0xff, 0x39, 0xff, 0xfe, 0x0, 0x0,
    0x0, 0x2f, 0xff, 0xf5, 0xaf, 0xff, 0xd0, 0x0,
    0x0, 0x1, 0xff, 0xff, 0x69, 0xff, 0xfe, 0x0,
    0x0, 0x0, 0x2f, 0xff, 0xf5, 0x7f, 0xff, 0xf1,
    0x0, 0x0, 0x5, 0xff, 0xff, 0x33, 0xff, 0xff,
    0x70, 0x0, 0x0, 0xbf, 0xff, 0xf0, 0xc, 0xff,
    0xff, 0x40, 0x0, 0x7f, 0xff, 0xf9, 0x0, 0x4f,
    0xff, 0xff, 0xc9, 0xdf, 0xff, 0xfe, 0x10, 0x0,
    0x7f, 0xff, 0xff, 0xff, 0xff, 0xff, 0x30, 0x0,
    0x0, 0x5f, 0xff, 0xff, 0xff, 0xfd, 0x30, 0x0,
    0x0, 0x0, 0x17, 0xce, 0xfe, 0xb5, 0x0, 0x0,
    0x0,

    /* U+0070 "p" */
    0x9f, 0xff, 0x0, 0x4a, 0xef, 0xd9, 0x20, 0x0,
    0x9f, 0xff, 0x6b, 0xff, 0xff, 0xff, 0xf6, 0x0,
    0x9f, 0xff, 0xff, 0xff, 0xff, 0xff, 0xff, 0x40,
    0x9f, 0xff, 0xff, 0xfb, 0xae, 0xff, 0xff, 0xc0,
    0x9f, 0xff, 0xfa, 0x10, 0x0, 0xbf, 0xff, 0xf4,
    0x9f, 0xff, 0xc0, 0x0, 0x0, 0x1f, 0xff, 0xf9,
    0x9f, 0xff, 0xc0, 0x0, 0x0, 0xc, 0xff, 0xfb,
    0x9f, 0xff, 0xc0, 0x0, 0x0, 0xa, 0xff, 0xfd,
    0x9f, 0xff, 0xc0, 0x0, 0x0, 0xa, 0xff, 0xfe,
    0x9f, 0xff, 0xc0, 0x0, 0x0, 0xb, 0xff, 0xfd,
    0x9f, 0xff, 0xc0, 0x0, 0x0, 0xe, 0xff, 0xfb,
    0x9f, 0xff, 0xc0, 0x0, 0x0, 0x5f, 0xff, 0xf7,
    0x9f, 0xff, 0xf5, 0x0, 0x2, 0xef, 0xff, 0xf1,
    0x9f, 0xff, 0xff, 0xda, 0xbf, 0xff, 0xff, 0x90,
    0x9f, 0xff, 0xff, 0xff, 0xff, 0xff, 0xfd, 0x0,
    0x9f, 0xff, 0xcc, 0xff, 0xff, 0xff, 0xc1, 0x0,
    0x9f, 0xff, 0xb0, 0x6b, 0xee, 0xb5, 0x0, 0x0,
    0x9f, 0xff, 0xc0, 0x0, 0x0, 0x0, 0x0, 0x0,
    0x9f, 0xff, 0xc0, 0x0, 0x0, 0x0, 0x0, 0x0,
    0x9f, 0xff, 0xc0, 0x0, 0x0, 0x0, 0x0, 0x0,
    0x9f, 0xff, 0xc0, 0x0, 0x0, 0x0, 0x0, 0x0,
    0x9f, 0xff, 0xc0, 0x0, 0x0, 0x0, 0x0, 0x0,
    0x9f, 0xff, 0xc0, 0x0, 0x0, 0x0, 0x0, 0x0,

    /* U+0071 "q" */
    0x0, 0x0, 0x3a, 0xef, 0xc9, 0x20, 0x9f, 0xff,
    0x0, 0x8, 0xff, 0xff, 0xff, 0xf7, 0xcf, 0xff,
    0x0, 0x8f, 0xff, 0xff, 0xff, 0xff, 0xff, 0xff,
    0x2, 0xff, 0xff, 0xfc, 0xac, 0xff, 0xff, 0xff,
    0xb, 0xff, 0xff, 0x60, 0x0, 0x2c, 0xff, 0xff,
    0x2f, 0xff, 0xfa, 0x0, 0x0, 0x6, 0xff, 0xff,
    0x6f, 0xff, 0xf3, 0x0, 0x0, 0x6, 0xff, 0xff,
    0x8f, 0xff, 0xf0, 0x0, 0x0, 0x6, 0xff, 0xff,
    0x9f, 0xff, 0xf0, 0x0, 0x0, 0x6, 0xff, 0xff,
    0x7f, 0xff, 0xf0, 0x0, 0x0, 0x6, 0xff, 0xff,
    0x5f, 0xff, 0xf2, 0x0, 0x0, 0x6, 0xff, 0xff,
    0x3f, 0xff, 0xf8, 0x0, 0x0, 0x7, 0xff, 0xff,
    0xd, 0xff, 0xff, 0x40, 0x0, 0x4f, 0xff, 0xff,
    0x6, 0xff, 0xff, 0xfc, 0xad, 0xff, 0xff, 0xff,
    0x0, 0xdf, 0xff, 0xff, 0xff, 0xff, 0xff, 0xff,
    0x0, 0x1d, 0xff, 0xff, 0xff, 0xd8, 0xff, 0xff,
    0x0, 0x0, 0x6c, 0xef, 0xd7, 0x5, 0xff, 0xff,
    0x0, 0x0, 0x0, 0x0, 0x0, 0x6, 0xff, 0xff,
    0x0, 0x0, 0x0, 0x0, 0x0, 0x6, 0xff, 0xff,
    0x0, 0x0, 0x0, 0x0, 0x0, 0x6, 0xff, 0xff,
    0x0, 0x0, 0x0, 0x0, 0x0, 0x6, 0xff, 0xff,
    0x0, 0x0, 0x0, 0x0, 0x0, 0x6, 0xff, 0xff,
    0x0, 0x0, 0x0, 0x0, 0x0, 0x6, 0xff, 0xff,

    /* U+0072 "r" */
    0x9f, 0xff, 0x0, 0x19, 0xef, 0xf0, 0x9f, 0xff,
    0x13, 0xef, 0xff, 0xd0, 0x9f, 0xff, 0x5e, 0xff,
    0xff, 0xa0, 0x9f, 0xff, 0xff, 0xff, 0xef, 0x70,
    0x9f, 0xff, 0xff, 0xa1, 0x0, 0x0, 0x9f, 0xff,
    0xfb, 0x0, 0x0, 0x0, 0x9f, 0xff, 0xf2, 0x0,
    0x0, 0x0, 0x9f, 0xff, 0xc0, 0x0, 0x0, 0x0,
    0x9f, 0xff, 0xc0, 0x0, 0x0, 0x0, 0x9f, 0xff,
    0xc0, 0x0, 0x0, 0x0, 0x9f, 0xff, 0xc0, 0x0,
    0x0, 0x0, 0x9f, 0xff, 0xc0, 0x0, 0x0, 0x0,
    0x9f, 0xff, 0xc0, 0x0, 0x0, 0x0, 0x9f, 0xff,
    0xc0, 0x0, 0x0, 0x0, 0x9f, 0xff, 0xc0, 0x0,
    0x0, 0x0, 0x9f, 0xff, 0xc0, 0x0, 0x0, 0x0,
    0x9f, 0xff, 0xc0, 0x0, 0x0, 0x0,

    /* U+0073 "s" */
    0x0, 0x0, 0x29, 0xce, 0xfd, 0x93, 0x0, 0x0,
    0x9, 0xff, 0xff, 0xff, 0xff, 0xa1, 0x0, 0x8f,
    0xff, 0xff, 0xff, 0xff, 0xf5, 0x0, 0xff, 0xff,
    0xa5, 0x58, 0xef, 0x80, 0x3, 0xff, 0xfe, 0x0,
    0x0, 0x6, 0x0, 0x2, 0xff, 0xff, 0x20, 0x0,
    0x0, 0x0, 0x0, 0xef, 0xff, 0xf9, 0x20, 0x0,
    0x0, 0x0, 0x4f, 0xff, 0xff, 0xfc, 0x60, 0x0,
    0x0, 0x3, 0xdf, 0xff, 0xff, 0xfd, 0x30, 0x0,
    0x0, 0x5, 0xcf, 0xff, 0xff, 0xe1, 0x0, 0x0,
    0x0, 0x2, 0x9f, 0xff, 0xf8, 0x0, 0x0, 0x0,
    0x0, 0x8, 0xff, 0xfc, 0x0, 0x99, 0x10, 0x0,
    0x6, 0xff, 0xfb, 0x5, 0xff, 0xea, 0x64, 0x7e,
    0xff, 0xf8, 0xe, 0xff, 0xff, 0xff, 0xff, 0xff,
    0xd1, 0x1, 0xaf, 0xff, 0xff, 0xff, 0xfd, 0x20,
    0x0, 0x3, 0x9d, 0xef, 0xda, 0x50, 0x0,

    /* U+0074 "t" */
    0x0, 0x2, 0x77, 0x72, 0x0, 0x0, 0x0, 0x0,
    0x5f, 0xff, 0x50, 0x0, 0x0, 0x0, 0x7, 0xff,
    0xf5, 0x0, 0x0, 0x0, 0x0, 0x9f, 0xff, 0x50,
    0x0, 0x0, 0x0, 0xb, 0xff, 0xf5, 0x0, 0x0,
    0x4, 0xdf, 0xff, 0xff, 0xff, 0xff, 0x80, 0x5f,
    0xff, 0xff, 0xff, 0xff, 0xf8, 0x5, 0xff, 0xff,
    0xff, 0xff, 0xff, 0x80, 0x26, 0x6f, 0xff, 0xfa,
    0x66, 0x63, 0x0, 0x0, 0xff, 0xff, 0x50, 0x0,
    0x0, 0x0, 0xf, 0xff, 0xf5, 0x0, 0x0, 0x0,
    0x0, 0xff, 0xff, 0x50, 0x0, 0x0, 0x0, 0xf,
    0xff, 0xf5, 0x0, 0x0, 0x0, 0x0, 0xff, 0xff,
    0x50, 0x0, 0x0, 0x0, 0xf, 0xff, 0xf5, 0x0,
    0x0, 0x0, 0x0, 0xff, 0xff, 0x60, 0x0, 0x0,
    0x0, 0xe, 0xff, 0xf7, 0x0, 0x0, 0x0, 0x0,
    0xcf, 0xff, 0xc0, 0x0, 0x0, 0x0, 0x9, 0xff,
    0xff, 0xc7, 0x95, 0x0, 0x0, 0x2f, 0xff, 0xff,
    0xff, 0xa0, 0x0, 0x0, 0x6f, 0xff, 0xff, 0xfe,
    0x0, 0x0, 0x0, 0x3a, 0xdf, 0xec, 0x80,

    /* U+0075 "u" */
    0xcf, 0xff, 0x80, 0x0, 0x0, 0xaf, 0xff, 0xcc,
    0xff, 0xf8, 0x0, 0x0, 0xa, 0xff, 0xfc, 0xcf,
    0xff, 0x80, 0x0, 0x0, 0xaf, 0xff, 0xcc, 0xff,
    0xf8, 0x0, 0x0, 0xa, 0xff, 0xfc, 0xcf, 0xff,
    0x80, 0x0, 0x0, 0xaf, 0xff, 0xcc, 0xff, 0xf8,
    0x0, 0x0, 0xa, 0xff, 0xfc, 0xcf, 0xff, 0x80,
    0x0, 0x0, 0xaf, 0xff, 0xcc, 0xff, 0xf8, 0x0,
    0x0, 0xa, 0xff, 0xfc, 0xcf, 0xff, 0x80, 0x0,
    0x0, 0xaf, 0xff, 0xcc, 0xff, 0xf9, 0x0, 0x0,
    0xa, 0xff, 0xfc, 0xcf, 0xff, 0x90, 0x0, 0x0,
    0xaf, 0xff, 0xcb, 0xff, 0xfc, 0x0, 0x0, 0x1d,
    0xff, 0xfc, 0x9f, 0xff, 0xf4, 0x0, 0x2c, 0xff,
    0xff, 0xc5, 0xff, 0xff, 0xfc, 0xcf, 0xff, 0xff,
    0xfc, 0xe, 0xff, 0xff, 0xff, 0xff, 0xaf, 0xff,
    0xc0, 0x4f, 0xff, 0xff, 0xff, 0x70, 0xff, 0xfc,
    0x0, 0x2a, 0xdf, 0xd9, 0x20, 0xe, 0xff, 0xc0,

    /* U+0076 "v" */
    0x6f, 0xff, 0xf0, 0x0, 0x0, 0x0, 0x8f, 0xff,
    0xb1, 0xff, 0xff, 0x40, 0x0, 0x0, 0xc, 0xff,
    0xf5, 0xb, 0xff, 0xf9, 0x0, 0x0, 0x1, 0xff,
    0xff, 0x0, 0x6f, 0xff, 0xd0, 0x0, 0x0, 0x6f,
    0xff, 0xb0, 0x1, 0xff, 0xff, 0x20, 0x0, 0xa,
    0xff, 0xf5, 0x0, 0xb, 0xff, 0xf7, 0x0, 0x0,
    0xff, 0xff, 0x10, 0x0, 0x6f, 0xff, 0xb0, 0x0,
    0x4f, 0xff, 0xb0, 0x0, 0x1, 0xff, 0xff, 0x0,
    0x8, 0xff, 0xf6, 0x0, 0x0, 0xb, 0xff, 0xf4,
    0x0, 0xdf, 0xff, 0x10, 0x0, 0x0, 0x5f, 0xff,
    0x90, 0x1f, 0xff, 0xb0, 0x0, 0x0, 0x1, 0xff,
    0xfd, 0x5, 0xff, 0xf6, 0x0, 0x0, 0x0, 0xb,
    0xff, 0xf1, 0xaf, 0xff, 0x10, 0x0, 0x0, 0x0,
    0x5f, 0xff, 0x5e, 0xff, 0xb0, 0x0, 0x0, 0x0,
    0x0, 0xff, 0xfc, 0xff, 0xf6, 0x0, 0x0, 0x0,
    0x0, 0xb, 0xff, 0xff, 0xff, 0x10, 0x0, 0x0,
    0x0, 0x0, 0x5f, 0xff, 0xff, 0xb0, 0x0, 0x0,
    0x0, 0x0, 0x0, 0xff, 0xff, 0xf6, 0x0, 0x0,
    0x0,

    /* U+0077 "w" */
    0xf, 0xff, 0xf5, 0x0, 0x0, 0xf, 0xff, 0xf1,
    0x0, 0x0, 0x2f, 0xff, 0xe0, 0xc, 0xff, 0xf8,
    0x0, 0x0, 0x4f, 0xff, 0xf5, 0x0, 0x0, 0x6f,
    0xff, 0xa0, 0x8, 0xff, 0xfc, 0x0, 0x0, 0x8f,
    0xff, 0xf9, 0x0, 0x0, 0x9f, 0xff, 0x60, 0x4,
    0xff, 0xff, 0x0, 0x0, 0xcf, 0xff, 0xfd, 0x0,
    0x0, 0xdf, 0xff, 0x30, 0x0, 0xff, 0xff, 0x30,
    0x0, 0xff, 0xef, 0xff, 0x10, 0x0, 0xff, 0xff,
    0x0, 0x0, 0xcf, 0xff, 0x60, 0x3, 0xff, 0xad,
    0xff, 0x50, 0x3, 0xff, 0xfb, 0x0, 0x0, 0x8f,
    0xff, 0xa0, 0x7, 0xff, 0x7a, 0xff, 0x90, 0x7,
    0xff, 0xf7, 0x0, 0x0, 0x4f, 0xff, 0xe0, 0xb,
    0xff, 0x47, 0xff, 0xd0, 0xa, 0xff, 0xf3, 0x0,
    0x0, 0xf, 0xff, 0xf1, 0xf, 0xff, 0x14, 0xff,
    0xf1, 0xe, 0xff, 0xf0, 0x0, 0x0, 0xb, 0xff,
    0xf3, 0x2f, 0xfe, 0x1, 0xff, 0xf5, 0xf, 0xff,
    0xb0, 0x0, 0x0, 0x7, 0xff, 0xf6, 0x6f, 0xfb,
    0x0, 0xdf, 0xf8, 0x3f, 0xff, 0x70, 0x0, 0x0,
    0x3, 0xff, 0xf9, 0x9f, 0xf7, 0x0, 0x9f, 0xfc,
    0x6f, 0xff, 0x30, 0x0, 0x0, 0x0, 0xff, 0xfb,
    0xcf, 0xf3, 0x0, 0x5f, 0xff, 0x9f, 0xff, 0x0,
    0x0, 0x0, 0x0, 0xbf, 0xff, 0xff, 0xf0, 0x0,
    0x1f, 0xff, 0xef, 0xfc, 0x0, 0x0, 0x0, 0x0,
    0x7f, 0xff, 0xff, 0xc0, 0x0, 0xe, 0xff, 0xff,
    0xf8, 0x0, 0x0, 0x0, 0x0, 0x3f, 0xff, 0xff,
    0x80, 0x0, 0xa, 0xff, 0xff, 0xf4, 0x0, 0x0,
    0x0, 0x0, 0xf, 0xff, 0xff, 0x50, 0x0, 0x6,
    0xff, 0xff, 0xf0, 0x0, 0x0,

    /* U+0078 "x" */
    0xd, 0xff, 0xfd, 0x0, 0x0, 0xc, 0xff, 0xfc,
    0x0, 0x4f, 0xff, 0xf6, 0x0, 0x3, 0xff, 0xff,
    0x30, 0x0, 0xaf, 0xff, 0xe0, 0x0, 0xaf, 0xff,
    0x90, 0x0, 0x1, 0xff, 0xff, 0x70, 0x2f, 0xff,
    0xf1, 0x0, 0x0, 0x7, 0xff, 0xff, 0x18, 0xff,
    0xf7, 0x0, 0x0, 0x0, 0xd, 0xff, 0xf9, 0xff,
    0xfe, 0x0, 0x0, 0x0, 0x0, 0x4f, 0xff, 0xff,
    0xff, 0x50, 0x0, 0x0, 0x0, 0x0, 0xaf, 0xff,
    0xff, 0xc0, 0x0, 0x0, 0x0, 0x0, 0x7, 0xff,
    0xff, 0xf4, 0x0, 0x0, 0x0, 0x0, 0x1, 0xff,
    0xff, 0xff, 0xa0, 0x0, 0x0, 0x0, 0x0, 0xaf,
    0xff, 0xff, 0xff, 0x40, 0x0, 0x0, 0x0, 0x3f,
    0xff, 0xb8, 0xff, 0xfd, 0x0, 0x0, 0x0, 0xd,
    0xff, 0xf4, 0xe, 0xff, 0xf8, 0x0, 0x0, 0x6,
    0xff, 0xfc, 0x0, 0x6f, 0xff, 0xf2, 0x0, 0x1,
    0xff, 0xff, 0x40, 0x0, 0xdf, 0xff, 0xc0, 0x0,
    0x9f, 0xff, 0xc0, 0x0, 0x4, 0xff, 0xff, 0x60,
    0x3f, 0xff, 0xf4, 0x0, 0x0, 0xa, 0xff, 0xff,
    0x10,

    /* U+0079 "y" */
    0x6f, 0xff, 0xf0, 0x0, 0x0, 0x0, 0x8f, 0xff,
    0xa0, 0xef, 0xff, 0x60, 0x0, 0x0, 0xd, 0xff,
    0xf4, 0x9, 0xff, 0xfb, 0x0, 0x0, 0x2, 0xff,
    0xfe, 0x0, 0x2f, 0xff, 0xf1, 0x0, 0x0, 0x7f,
    0xff, 0x90, 0x0, 0xcf, 0xff, 0x60, 0x0, 0xc,
    0xff, 0xf3, 0x0, 0x5, 0xff, 0xfc, 0x0, 0x1,
    0xff, 0xfe, 0x0, 0x0, 0xe, 0xff, 0xf2, 0x0,
    0x5f, 0xff, 0x80, 0x0, 0x0, 0x8f, 0xff, 0x70,
    0xa, 0xff, 0xf2, 0x0, 0x0, 0x2, 0xff, 0xfc,
    0x0, 0xef, 0xfd, 0x0, 0x0, 0x0, 0xb, 0xff,
    0xf1, 0x3f, 0xff, 0x70, 0x0, 0x0, 0x0, 0x5f,
    0xff, 0x67, 0xff, 0xf2, 0x0, 0x0, 0x0, 0x0,
    0xef, 0xfb, 0xbf, 0xfc, 0x0, 0x0, 0x0, 0x0,
    0x8, 0xff, 0xff, 0xff, 0x60, 0x0, 0x0, 0x0,
    0x0, 0x1f, 0xff, 0xff, 0xf1, 0x0, 0x0, 0x0,
    0x0, 0x0, 0xbf, 0xff, 0xfb, 0x0, 0x0, 0x0,
    0x0, 0x0, 0x4, 0xff, 0xff, 0x50, 0x0, 0x0,
    0x0, 0x0, 0x0, 0x2f, 0xff, 0xf0, 0x0, 0x0,
    0x0, 0x0, 0x0, 0x9, 0xff, 0xf9, 0x0, 0x0,
    0x0, 0x0, 0x0, 0x3, 0xff, 0xff, 0x20, 0x0,
    0x0, 0x0, 0x6, 0x79, 0xff, 0xff, 0xa0, 0x0,
    0x0, 0x0, 0x0, 0xef, 0xff, 0xff, 0xd0, 0x0,
    0x0, 0x0, 0x0, 0x2f, 0xff, 0xff, 0xd2, 0x0,
    0x0, 0x0, 0x0, 0x4, 0xef, 0xeb, 0x70, 0x0,
    0x0, 0x0, 0x0, 0x0,

    /* U+007A "z" */
    0xe, 0xff, 0xff, 0xff, 0xff, 0xff, 0xf3, 0xe,
    0xff, 0xff, 0xff, 0xff, 0xff, 0xf3, 0xe, 0xff,
    0xff, 0xff, 0xff, 0xff, 0xf2, 0x6, 0x66, 0x66,
    0x6a, 0xff, 0xff, 0x70, 0x0, 0x0, 0x0, 0xe,
    0xff, 0xfc, 0x0, 0x0, 0x0, 0x0, 0x9f, 0xff,
    0xf2, 0x0, 0x0, 0x0, 0x4, 0xff, 0xff, 0x70,
    0x0, 0x0, 0x0, 0xe, 0xff, 0xfc, 0x0, 0x0,
    0x0, 0x0, 0x9f, 0xff, 0xf2, 0x0, 0x0, 0x0,
    0x4, 0xff, 0xff, 0x70, 0x0, 0x0, 0x0, 0x1e,
    0xff, 0xfc, 0x0, 0x0, 0x0, 0x0, 0xaf, 0xff,
    0xf2, 0x0, 0x0, 0x0, 0x4, 0xff, 0xff, 0x60,
    0x0, 0x0, 0x0, 0x1e, 0xff, 0xff, 0x76, 0x66,
    0x66, 0x63, 0x9f, 0xff, 0xff, 0xff, 0xff, 0xff,
    0xf8, 0xcf, 0xff, 0xff, 0xff, 0xff, 0xff, 0xf8,
    0xcf, 0xff, 0xff, 0xff, 0xff, 0xff, 0xf8,

    /* U+007B "{" */
    0x0, 0x0, 0x7d, 0xff, 0xe0, 0x0, 0x9f, 0xff,
    0xfe, 0x0, 0xf, 0xff, 0xe7, 0x50, 0x2, 0xff,
    0xf6, 0x0, 0x0, 0x4f, 0xff, 0x40, 0x0, 0x4,
    0xff, 0xf4, 0x0, 0x0, 0x4f, 0xff, 0x40, 0x0,
    0x2, 0xff, 0xf5, 0x0, 0x0, 0x1f, 0xff, 0x50,
    0x0, 0x1, 0xff, 0xf5, 0x0, 0x0, 0xf, 0xff,
    0x50, 0x0, 0x3, 0xff, 0xf4, 0x0, 0x4, 0xdf,
    0xff, 0x10, 0xe, 0xff, 0xff, 0x60, 0x0, 0xef,
    0xff, 0x70, 0x0, 0x9, 0xef, 0xff, 0xa0, 0x0,
    0x0, 0xaf, 0xff, 0x20, 0x0, 0x2, 0xff, 0xf4,
    0x0, 0x0, 0xf, 0xff, 0x50, 0x0, 0x1, 0xff,
    0xf5, 0x0, 0x0, 0x2f, 0xff, 0x50, 0x0, 0x3,
    0xff, 0xf5, 0x0, 0x0, 0x4f, 0xff, 0x40, 0x0,
    0x4, 0xff, 0xf4, 0x0, 0x0, 0x4f, 0xff, 0x40,
    0x0, 0x2, 0xff, 0xf6, 0x0, 0x0, 0xf, 0xff,
    0xe6, 0x40, 0x0, 0x8f, 0xff, 0xfe, 0x0, 0x0,
    0x7d, 0xff, 0xe0,

    /* U+007C "|" */
    0x99, 0x8f, 0xfd, 0xff, 0xdf, 0xfd, 0xff, 0xdf,
    0xfd, 0xff, 0xdf, 0xfd, 0xff, 0xdf, 0xfd, 0xff,
    0xdf, 0xfd, 0xff, 0xdf, 0xfd, 0xff, 0xdf, 0xfd,
    0xff, 0xdf, 0xfd, 0xff, 0xdf, 0xfd, 0xff, 0xdf,
    0xfd, 0xff, 0xdf, 0xfd, 0xff, 0xdf, 0xfd, 0xff,
    0xdf, 0xfd, 0xff, 0xdf, 0xfd, 0xff, 0xdf, 0xfd,
    0xff, 0xdf, 0xfd,

    /* U+007D "}" */
    0x8f, 0xfd, 0xa1, 0x0, 0x0, 0x8f, 0xff, 0xfd,
    0x0, 0x0, 0x36, 0xcf, 0xff, 0x50, 0x0, 0x0,
    0x1f, 0xff, 0x80, 0x0, 0x0, 0xf, 0xff, 0xa0,
    0x0, 0x0, 0xf, 0xff, 0xa0, 0x0, 0x0, 0xf,
    0xff, 0x90, 0x0, 0x0, 0xf, 0xff, 0x80, 0x0,
    0x0, 0xf, 0xff, 0x70, 0x0, 0x0, 0xf, 0xff,
    0x60, 0x0, 0x0, 0xf, 0xff, 0x50, 0x0, 0x0,
    0xf, 0xff, 0x80, 0x0, 0x0, 0xb, 0xff, 0xf7,
    0x10, 0x0, 0x2, 0xef, 0xff, 0xf4, 0x0, 0x0,
    0x4e, 0xff, 0xf4, 0x0, 0x5, 0xff, 0xff, 0xb2,
    0x0, 0xd, 0xff, 0xd1, 0x0, 0x0, 0xf, 0xff,
    0x70, 0x0, 0x0, 0xf, 0xff, 0x50, 0x0, 0x0,
    0xf, 0xff, 0x60, 0x0, 0x0, 0xf, 0xff, 0x70,
    0x0, 0x0, 0xf, 0xff, 0x80, 0x0, 0x0, 0xf,
    0xff, 0x90, 0x0, 0x0, 0xf, 0xff, 0xa0, 0x0,
    0x0, 0xf, 0xff, 0x90, 0x0, 0x0, 0x1f, 0xff,
    0x80, 0x0, 0x25, 0xbf, 0xff, 0x50, 0x0, 0x8f,
    0xff, 0xfd, 0x0, 0x0, 0x8f, 0xfd, 0x91, 0x0,
    0x0,

    /* U+007E "~" */
    0x0, 0x3b, 0xed, 0x91, 0x0, 0x0, 0x1, 0x0,
    0x6, 0xff, 0xff, 0xfe, 0x50, 0x0, 0x2e, 0x40,
    0x4f, 0xff, 0xff, 0xff, 0xf9, 0x34, 0xef, 0xf5,
    0xaf, 0xfb, 0x24, 0xcf, 0xff, 0xff, 0xff, 0xe1,
    0x9, 0xd0, 0x0, 0x8, 0xff, 0xff, 0xfe, 0x30,
    0x0, 0x10, 0x0, 0x0, 0x4a, 0xee, 0x91, 0x0,

    /* U+4E00 "一" */
    0xcd, 0xdd, 0xdd, 0xdd, 0xdd, 0xdd, 0xdd, 0xdd,
    0xdd, 0xdd, 0xdd, 0xdd, 0xdd, 0xdc, 0xdf, 0xff,
    0xff, 0xff, 0xff, 0xff, 0xff, 0xff, 0xff, 0xff,
    0xff, 0xff, 0xff, 0xfe, 0xdf, 0xff, 0xff, 0xff,
    0xff, 0xff, 0xff, 0xff, 0xff, 0xff, 0xff, 0xff,
    0xff, 0xfe, 0xdf, 0xff, 0xff, 0xff, 0xff, 0xff,
    0xff, 0xff, 0xff, 0xff, 0xff, 0xff, 0xff, 0xfe,
    0x0, 0x0, 0x0, 0x0, 0x0, 0x0, 0x0, 0x0,
    0x0, 0x0, 0x0, 0x0, 0x0, 0x0,

    /* U+4E0A "上" */
    0x0, 0x0, 0x0, 0x0, 0x0, 0x2, 0x33, 0x30,
    0x0, 0x0, 0x0, 0x0, 0x0, 0x0, 0x0, 0x0,
    0x0, 0x0, 0x0, 0xc, 0xff, 0xf0, 0x0, 0x0,
    0x0, 0x0, 0x0, 0x0, 0x0, 0x0, 0x0, 0x0,
    0x0, 0xc, 0xff, 0xf0, 0x0, 0x0, 0x0, 0x0,
    0x0, 0x0, 0x0, 0x0, 0x0, 0x0, 0x0, 0xc,
    0xff, 0xf0, 0x0, 0x0, 0x0, 0x0, 0x0, 0x0,
    0x0, 0x0, 0x0, 0x0, 0x0, 0xc, 0xff, 0xf0,
    0x0, 0x0, 0x0, 0x0, 0x0, 0x0, 0x0, 0x0,
    0x0, 0x0, 0x0, 0xc, 0xff, 0xf0, 0x0, 0x0,
    0x0, 0x0, 0x0, 0x0, 0x0, 0x0, 0x0, 0x0,
    0x0, 0xc, 0xff, 0xf0, 0x0, 0x0, 0x0, 0x0,
    0x0, 0x0, 0x0, 0x0, 0x0, 0x0, 0x0, 0xc,
    0xff, 0xf0, 0x0, 0x0, 0x0, 0x0, 0x0, 0x0,
    0x0, 0x0, 0x0, 0x0, 0x0, 0xc, 0xff, 0xf0,
    0x0, 0x0, 0x0, 0x0, 0x0, 0x0, 0x0, 0x0,
    0x0, 0x0, 0x0, 0xc, 0xff, 0xf9, 0x99, 0x99,
    0x99, 0x99, 0x95, 0x0, 0x0, 0x0, 0x0, 0x0,
    0x0, 0xc, 0xff, 0xff, 0xff, 0xff, 0xff, 0xff,
    0xf9, 0x0, 0x0, 0x0, 0x0, 0x0, 0x0, 0xc,
    0xff, 0xff, 0xff, 0xff, 0xff, 0xff, 0xf9, 0x0,
    0x0, 0x0, 0x0, 0x0, 0x0, 0xc, 0xff, 0xff,
    0xff, 0xff, 0xff, 0xff, 0xf9, 0x0, 0x0, 0x0,
    0x0, 0x0, 0x0, 0xc, 0xff, 0xf1, 0x0, 0x0,
    0x0, 0x0, 0x0, 0x0, 0x0, 0x0, 0x0, 0x0,
    0x0, 0xc, 0xff, 0xf0, 0x0, 0x0, 0x0, 0x0,
    0x0, 0x0, 0x0, 0x0, 0x0, 0x0, 0x0, 0xc,
    0xff, 0xf0, 0x0, 0x0, 0x0, 0x0, 0x0, 0x0,
    0x0, 0x0, 0x0, 0x0, 0x0, 0xc, 0xff, 0xf0,
    0x0, 0x0, 0x0, 0x0, 0x0, 0x0, 0x0, 0x0,
    0x0, 0x0, 0x0, 0xc, 0xff, 0xf0, 0x0, 0x0,
    0x0, 0x0, 0x0, 0x0, 0x0, 0x0, 0x0, 0x0,
    0x0, 0xc, 0xff, 0xf0, 0x0, 0x0, 0x0, 0x0,
    0x0, 0x0, 0x0, 0x0, 0x0, 0x0, 0x0, 0xc,
    0xff, 0xf0, 0x0, 0x0, 0x0, 0x0, 0x0, 0x0,
    0x0, 0x0, 0x0, 0x0, 0x0, 0xc, 0xff, 0xf0,
    0x0, 0x0, 0x0, 0x0, 0x0, 0x0, 0x0, 0x0,
    0x0, 0x0, 0x0, 0xc, 0xff, 0xf0, 0x0, 0x0,
    0x0, 0x0, 0x0, 0x0, 0x0, 0x0, 0x0, 0x0,
    0x0, 0xc, 0xff, 0xf0, 0x0, 0x0, 0x0, 0x0,
    0x0, 0x0, 0x49, 0x99, 0x99, 0x99, 0x99, 0x9e,
    0xff, 0xf9, 0x99, 0x99, 0x99, 0x99, 0x99, 0x98,
    0x8f, 0xff, 0xff, 0xff, 0xff, 0xff, 0xff, 0xff,
    0xff, 0xff, 0xff, 0xff, 0xff, 0xfe, 0x8f, 0xff,
    0xff, 0xff, 0xff, 0xff, 0xff, 0xff, 0xff, 0xff,
    0xff, 0xff, 0xff, 0xfe, 0x8f, 0xff, 0xff, 0xff,
    0xff, 0xff, 0xff, 0xff, 0xff, 0xff, 0xff, 0xff,
    0xff, 0xfe, 0x0, 0x0, 0x0, 0x0, 0x0, 0x0,
    0x0, 0x0, 0x0, 0x0, 0x0, 0x0, 0x0, 0x0,

    /* U+4E0B "下" */
    0x0, 0x0, 0x0, 0x0, 0x0, 0x0, 0x0, 0x0,
    0x0, 0x0, 0x0, 0x0, 0x0, 0x0, 0x3f, 0xff,
    0xff, 0xff, 0xff, 0xff, 0xff, 0xff, 0xff, 0xff,
    0xff, 0xff, 0xff, 0xfa, 0x3f, 0xff, 0xff, 0xff,
    0xff, 0xff, 0xff, 0xff, 0xff, 0xff, 0xff, 0xff,
    0xff, 0xfa, 0x3f, 0xff, 0xff, 0xff, 0xff, 0xff,
    0xff, 0xff, 0xff, 0xff, 0xff, 0xff, 0xff, 0xfa,
    0x18, 0x88, 0x88, 0x88, 0x88, 0x8b, 0xff, 0xfc,
    0x88, 0x88, 0x88, 0x88, 0x88, 0x86, 0x0, 0x0,
    0x0, 0x0, 0x0, 0x5, 0xff, 0xf8, 0x0, 0x0,
    0x0, 0x0, 0x0, 0x0, 0x0, 0x0, 0x0, 0x0,
    0x0, 0x5, 0xff, 0xf8, 0x0, 0x0, 0x0, 0x0,
    0x0, 0x0, 0x0, 0x0, 0x0, 0x0, 0x0, 0x5,
    0xff, 0xf8, 0x0, 0x0, 0x0, 0x0, 0x0, 0x0,
    0x0, 0x0, 0x0, 0x0, 0x0, 0x5, 0xff, 0xf8,
    0x20, 0x0, 0x0, 0x0, 0x0, 0x0, 0x0, 0x0,
    0x0, 0x0, 0x0, 0x5, 0xff, 0xff, 0xfb, 0x20,
    0x0, 0x0, 0x0, 0x0, 0x0, 0x0, 0x0, 0x0,
    0x0, 0x5, 0xff, 0xff, 0xff, 0xf9, 0x10, 0x0,
    0x0, 0x0, 0x0, 0x0, 0x0, 0x0, 0x0, 0x5,
    0xff, 0xff, 0xff, 0xff, 0xf7, 0x0, 0x0, 0x0,
    0x0, 0x0, 0x0, 0x0, 0x0, 0x5, 0xff, 0xfd,
    0xff, 0xff, 0xff, 0xd4, 0x0, 0x0, 0x0, 0x0,
    0x0, 0x0, 0x0, 0x5, 0xff, 0xf8, 0x2c, 0xff,
    0xff, 0xff, 0x90, 0x0, 0x0, 0x0, 0x0, 0x0,
    0x0, 0x5, 0xff, 0xf8, 0x0, 0x5e, 0xff, 0xff,
    0xfd, 0x20, 0x0, 0x0, 0x0, 0x0, 0x0, 0x5,
    0xff, 0xf8, 0x0, 0x1, 0xaf, 0xff, 0xfc, 0x0,
    0x0, 0x0, 0x0, 0x0, 0x0, 0x5, 0xff, 0xf8,
    0x0, 0x0, 0x5, 0xef, 0xe2, 0x0, 0x0, 0x0,
    0x0, 0x0, 0x0, 0x5, 0xff, 0xf8, 0x0, 0x0,
    0x0, 0x2d, 0x40, 0x0, 0x0, 0x0, 0x0, 0x0,
    0x0, 0x5, 0xff, 0xf8, 0x0, 0x0, 0x0, 0x0,
    0x0, 0x0, 0x0, 0x0, 0x0, 0x0, 0x0, 0x5,
    0xff, 0xf8, 0x0, 0x0, 0x0, 0x0, 0x0, 0x0,
    0x0, 0x0, 0x0, 0x0, 0x0, 0x5, 0xff, 0xf8,
    0x0, 0x0, 0x0, 0x0, 0x0, 0x0, 0x0, 0x0,
    0x0, 0x0, 0x0, 0x5, 0xff, 0xf8, 0x0, 0x0,
    0x0, 0x0, 0x0, 0x0, 0x0, 0x0, 0x0, 0x0,
    0x0, 0x5, 0xff, 0xf8, 0x0, 0x0, 0x0, 0x0,
    0x0, 0x0, 0x0, 0x0, 0x0, 0x0, 0x0, 0x5,
    0xff, 0xf8, 0x0, 0x0, 0x0, 0x0, 0x0, 0x0,
    0x0, 0x0, 0x0, 0x0, 0x0, 0x5, 0xff, 0xf8,
    0x0, 0x0, 0x0, 0x0, 0x0, 0x0, 0x0, 0x0,
    0x0, 0x0, 0x0, 0x5, 0xff, 0xf8, 0x0, 0x0,
    0x0, 0x0, 0x0, 0x0, 0x0, 0x0, 0x0, 0x0,
    0x0, 0x5, 0xff, 0xf8, 0x0, 0x0, 0x0, 0x0,
    0x0, 0x0,

    /* U+4E2D "中" */
    0x0, 0x0, 0x0, 0x0, 0x0, 0x2, 0x22, 0x20,
    0x0, 0x0, 0x0, 0x0, 0x0, 0x0, 0x0, 0x0,
    0x0, 0x0, 0x1f, 0xff, 0xb0, 0x0, 0x0, 0x0,
    0x0, 0x0, 0x0, 0x0, 0x0, 0x0, 0x0, 0x1f,
    0xff, 0xb0, 0x0, 0x0, 0x0, 0x0, 0x0, 0x0,
    0x0, 0x0, 0x0, 0x0, 0x1f, 0xff, 0xb0, 0x0,
    0x0, 0x0, 0x0, 0x0, 0x0, 0x0, 0x0, 0x0,
    0x0, 0x1f, 0xff, 0xb0, 0x0, 0x0, 0x0, 0x0,
    0x0, 0x47, 0x77, 0x77, 0x77, 0x77, 0x8f, 0xff,
    0xd7, 0x77, 0x77, 0x77, 0x77, 0x70, 0x8f, 0xff,
    0xff, 0xff, 0xff, 0xff, 0xff, 0xff, 0xff, 0xff,
    0xff, 0xff, 0xf1, 0x8f, 0xff, 0xff, 0xff, 0xff,
    0xff, 0xff, 0xff, 0xff, 0xff, 0xff, 0xff, 0xf1,
    0x8f, 0xff, 0xff, 0xff, 0xff, 0xff, 0xff, 0xff,
    0xff, 0xff, 0xff, 0xff, 0xf1, 0x8f, 0xff, 0x10,
    0x0, 0x0, 0x1f, 0xff, 0xb0, 0x0, 0x0, 0xb,
    0xff, 0xf1, 0x8f, 0xff, 0x10, 0x0, 0x0, 0x1f,
    0xff, 0xb0, 0x0, 0x0, 0xb, 0xff, 0xf1, 0x8f,
    0xff, 0x10, 0x0, 0x0, 0x1f, 0xff, 0xb0, 0x0,
    0x0, 0xb, 0xff, 0xf1, 0x8f, 0xff, 0x10, 0x0,
    0x0, 0x1f, 0xff, 0xb0, 0x0, 0x0, 0xb, 0xff,
    0xf1, 0x8f, 0xff, 0x10, 0x0, 0x0, 0x1f, 0xff,
    0xb0, 0x0, 0x0, 0xb, 0xff, 0xf1, 0x8f, 0xff,
    0x10, 0x0, 0x0, 0x1f, 0xff, 0xb0, 0x0, 0x0,
    0xb, 0xff, 0xf1, 0x8f, 0xff, 0x10, 0x0, 0x0,
    0x1f, 0xff, 0xb0, 0x0, 0x0, 0xb, 0xff, 0xf1,
    0x8f, 0xff, 0xff, 0xff, 0xff, 0xff, 0xff, 0xff,
    0xff, 0xff, 0xff, 0xff, 0xf1, 0x8f, 0xff, 0xff,
    0xff, 0xff, 0xff, 0xff, 0xff, 0xff, 0xff, 0xff,
    0xff, 0xf1, 0x8f, 0xff, 0xff, 0xff, 0xff, 0xff,
    0xff, 0xff, 0xff, 0xff, 0xff, 0xff, 0xf1, 0x8f,
    0xff, 0x87, 0x77, 0x77, 0x8f, 0xff, 0xd7, 0x77,
    0x77, 0x7d, 0xff, 0xf1, 0x8f, 0xff, 0x10, 0x0,
    0x0, 0x1f, 0xff, 0xb0, 0x0, 0x0, 0xb, 0xff,
    0xf1, 0x12, 0x22, 0x0, 0x0, 0x0, 0x1f, 0xff,
    0xb0, 0x0, 0x0, 0x0, 0x0, 0x0, 0x0, 0x0,
    0x0, 0x0, 0x0, 0x1f, 0xff, 0xb0, 0x0, 0x0,
    0x0, 0x0, 0x0, 0x0, 0x0, 0x0, 0x0, 0x0,
    0x1f, 0xff, 0xb0, 0x0, 0x0, 0x0, 0x0, 0x0,
    0x0, 0x0, 0x0, 0x0, 0x0, 0x1f, 0xff, 0xb0,
    0x0, 0x0, 0x0, 0x0, 0x0, 0x0, 0x0, 0x0,
    0x0, 0x0, 0x1f, 0xff, 0xb0, 0x0, 0x0, 0x0,
    0x0, 0x0, 0x0, 0x0, 0x0, 0x0, 0x0, 0x1f,
    0xff, 0xb0, 0x0, 0x0, 0x0, 0x0, 0x0, 0x0,
    0x0, 0x0, 0x0, 0x0, 0x1f, 0xff, 0xb0, 0x0,
    0x0, 0x0, 0x0, 0x0, 0x0, 0x0, 0x0, 0x0,
    0x0, 0x1f, 0xff, 0xb0, 0x0, 0x0, 0x0, 0x0,
    0x0,

    /* U+4E8C "二" */
    0x0, 0x1, 0x22, 0x22, 0x22, 0x22, 0x22, 0x22,
    0x22, 0x22, 0x22, 0x22, 0x20, 0x0, 0x0, 0xa,
    0xff, 0xff, 0xff, 0xff, 0xff, 0xff, 0xff, 0xff,
    0xff, 0xff, 0xf2, 0x0, 0x0, 0xa, 0xff, 0xff,
    0xff, 0xff, 0xff, 0xff, 0xff, 0xff, 0xff, 0xff,
    0xf2, 0x0, 0x0, 0xa, 0xff, 0xff, 0xff, 0xff,
    0xff, 0xff, 0xff, 0xff, 0xff, 0xff, 0xf2, 0x0,
    0x0, 0x8, 0xcc, 0xcc, 0xcc, 0xcc, 0xcc, 0xcc,
    0xcc, 0xcc, 0xcc, 0xcc, 0xc1, 0x0, 0x0, 0x0,
    0x0, 0x0, 0x0, 0x0, 0x0, 0x0, 0x0, 0x0,
    0x0, 0x0, 0x0, 0x0, 0x0, 0x0, 0x0, 0x0,
    0x0, 0x0, 0x0, 0x0, 0x0, 0x0, 0x0, 0x0,
    0x0, 0x0, 0x0, 0x0, 0x0, 0x0, 0x0, 0x0,
    0x0, 0x0, 0x0, 0x0, 0x0, 0x0, 0x0, 0x0,
    0x0, 0x0, 0x0, 0x0, 0x0, 0x0, 0x0, 0x0,
    0x0, 0x0, 0x0, 0x0, 0x0, 0x0, 0x0, 0x0,
    0x0, 0x0, 0x0, 0x0, 0x0, 0x0, 0x0, 0x0,
    0x0, 0x0, 0x0, 0x0, 0x0, 0x0, 0x0, 0x0,
    0x0, 0x0, 0x0, 0x0, 0x0, 0x0, 0x0, 0x0,
    0x0, 0x0, 0x0, 0x0, 0x0, 0x0, 0x0, 0x0,
    0x0, 0x0, 0x0, 0x0, 0x0, 0x0, 0x0, 0x0,
    0x0, 0x0, 0x0, 0x0, 0x0, 0x0, 0x0, 0x0,
    0x0, 0x0, 0x0, 0x0, 0x0, 0x0, 0x0, 0x0,
    0x0, 0x0, 0x0, 0x0, 0x0, 0x0, 0x0, 0x0,
    0x0, 0x0, 0x0, 0x0, 0x0, 0x0, 0x0, 0x0,
    0x0, 0x0, 0x0, 0x0, 0x0, 0x0, 0x0, 0x0,
    0x0, 0x0, 0x0, 0x0, 0x0, 0x0, 0x0, 0x0,
    0x0, 0x0, 0x0, 0x0, 0x0, 0x0, 0x0, 0x0,
    0x0, 0x0, 0x0, 0x0, 0x0, 0x0, 0x0, 0x0,
    0x0, 0x0, 0x0, 0x0, 0x0, 0x0, 0x0, 0x0,
    0x0, 0x0, 0x0, 0x0, 0x0, 0x0, 0x0, 0x0,
    0x0, 0x0, 0x0, 0x0, 0x2f, 0xff, 0xff, 0xff,
    0xff, 0xff, 0xff, 0xff, 0xff, 0xff, 0xff, 0xff,
    0xff, 0xf9, 0x2f, 0xff, 0xff, 0xff, 0xff, 0xff,
    0xff, 0xff, 0xff, 0xff, 0xff, 0xff, 0xff, 0xf9,
    0x2f, 0xff, 0xff, 0xff, 0xff, 0xff, 0xff, 0xff,
    0xff, 0xff, 0xff, 0xff, 0xff, 0xf9, 0x2f, 0xff,
    0xff, 0xff, 0xff, 0xff, 0xff, 0xff, 0xff, 0xff,
    0xff, 0xff, 0xff, 0xf9, 0x2, 0x22, 0x22, 0x22,
    0x22, 0x22, 0x22, 0x22, 0x22, 0x22, 0x22, 0x22,
    0x22, 0x21,

    /* U+4EAE "亮" */
    0x0, 0x0, 0x0, 0x0, 0x0, 0x0, 0x1, 0x47,
    0x10, 0x0, 0x0, 0x0, 0x0, 0x0, 0x0, 0x0,
    0x0, 0x0, 0x0, 0x0, 0x6f, 0xff, 0x80, 0x0,
    0x0, 0x0, 0x0, 0x0, 0x0, 0x0, 0x0, 0x0,
    0x0, 0x0, 0x2f, 0xff, 0xf1, 0x0, 0x0, 0x0,
    0x0, 0x0, 0x2f, 0xff, 0xff, 0xff, 0xff, 0xff,
    0xff, 0xff, 0xff, 0xff, 0xff, 0xff, 0xff, 0xfa,
    0x2f, 0xff, 0xff, 0xff, 0xff, 0xff, 0xff, 0xff,
    0xff, 0xff, 0xff, 0xff, 0xff, 0xfa, 0x2e, 0xee,
    0xee, 0xee, 0xee, 0xee, 0xee, 0xee, 0xee, 0xee,
    0xee, 0xee, 0xee, 0xe9, 0x0, 0x0, 0x0, 0x0,
    0x0, 0x0, 0x0, 0x0, 0x0, 0x0, 0x0, 0x0,
    0x0, 0x0, 0x0, 0x0, 0x1f, 0xff, 0xff, 0xff,
    0xff, 0xff, 0xff, 0xff, 0xff, 0xfa, 0x0, 0x0,
    0x0, 0x0, 0x1f, 0xff, 0xff, 0xff, 0xff, 0xff,
    0xff, 0xff, 0xff, 0xfa, 0x0, 0x0, 0x0, 0x0,
    0x1f, 0xff, 0xa4, 0x44, 0x44, 0x44, 0x44, 0x46,
    0xff, 0xfa, 0x0, 0x0, 0x0, 0x0, 0x1f, 0xff,
    0x70, 0x0, 0x0, 0x0, 0x0, 0x2, 0xff, 0xfa,
    0x0, 0x0, 0x0, 0x0, 0x1f, 0xff, 0xff, 0xff,
    0xff, 0xff, 0xff, 0xff, 0xff, 0xfa, 0x0, 0x0,
    0x0, 0x0, 0x1f, 0xff, 0xff, 0xff, 0xff, 0xff,
    0xff, 0xff, 0xff, 0xfa, 0x0, 0x0, 0x0, 0x0,
    0x6, 0x66, 0x66, 0x66, 0x66, 0x66, 0x66, 0x66,
    0x66, 0x64, 0x0, 0x0, 0x0, 0x0, 0x0, 0x0,
    0x0, 0x0, 0x0, 0x0, 0x0, 0x0, 0x0, 0x0,
    0x0, 0x0, 0x1f, 0xff, 0xff, 0xff, 0xff, 0xff,
    0xff, 0xff, 0xff, 0xff, 0xff, 0xff, 0xff, 0xf7,
    0x1f, 0xff, 0xff, 0xff, 0xff, 0xff, 0xff, 0xff,
    0xff, 0xff, 0xff, 0xff, 0xff, 0xf7, 0x1f, 0xff,
    0xaa, 0xaa, 0xaa, 0xaa, 0xaa, 0xaa, 0xaa, 0xaa,
    0xaa, 0xaa, 0xff, 0xf7, 0x1f, 0xff, 0x0, 0x0,
    0x0, 0x0, 0x0, 0x0, 0x0, 0x0, 0x0, 0x0,
    0xdf, 0xf7, 0x1f, 0xff, 0x0, 0x0, 0x7c, 0xcc,
    0x20, 0x0, 0xcc, 0xcc, 0x0, 0x0, 0xdf, 0xf7,
    0x1f, 0xff, 0x0, 0x0, 0xbf, 0xff, 0x0, 0x0,
    0xff, 0xff, 0x0, 0x0, 0xce, 0xe6, 0x0, 0x0,
    0x0, 0x0, 0xdf, 0xfe, 0x0, 0x0, 0xff, 0xff,
    0x0, 0x0, 0x0, 0x0, 0x0, 0x0, 0x0, 0x2,
    0xff, 0xfc, 0x0, 0x0, 0xff, 0xff, 0x0, 0x0,
    0x20, 0x0, 0x0, 0x0, 0x0, 0xb, 0xff, 0xf7,
    0x0, 0x0, 0xff, 0xff, 0x0, 0x0, 0x8d, 0x61,
    0x0, 0x0, 0x2, 0xbf, 0xff, 0xf1, 0x0, 0x0,
    0xff, 0xff, 0x0, 0x0, 0xaf, 0xfc, 0x1, 0x47,
    0xcf, 0xff, 0xff, 0x60, 0x0, 0x0, 0xef, 0xff,
    0x53, 0x33, 0xef, 0xf9, 0xaf, 0xff, 0xff, 0xff,
    0xf7, 0x0, 0x0, 0x0, 0xcf, 0xff, 0xff, 0xff,
    0xff, 0xf6, 0x1e, 0xff, 0xff, 0xfb, 0x20, 0x0,
    0x0, 0x0, 0x6f, 0xff, 0xff, 0xff, 0xff, 0xe0,
    0x8, 0xfe, 0xb6, 0x10, 0x0, 0x0, 0x0, 0x0,
    0x6, 0xce, 0xff, 0xff, 0xeb, 0x20, 0x0, 0x10,
    0x0, 0x0, 0x0, 0x0, 0x0, 0x0, 0x0, 0x0,
    0x0, 0x0, 0x0, 0x0,

    /* U+4EE4 "令" */
    0x0, 0x0, 0x0, 0x0, 0x0, 0x0, 0x9, 0x30,
    0x0, 0x0, 0x0, 0x0, 0x0, 0x0, 0x0, 0x0,
    0x0, 0x0, 0x0, 0x0, 0xb, 0xff, 0xb2, 0x0,
    0x0, 0x0, 0x0, 0x0, 0x0, 0x0, 0x0, 0x0,
    0x0, 0x0, 0xb, 0xff, 0xff, 0xb0, 0x0, 0x0,
    0x0, 0x0, 0x0, 0x0, 0x0, 0x0, 0x0, 0x0,
    0x1c, 0xff, 0xff, 0xff, 0xa0, 0x0, 0x0, 0x0,
    0x0, 0x0, 0x0, 0x0, 0x0, 0x0, 0x4e, 0xff,
    0xff, 0xff, 0xff, 0xd4, 0x0, 0x0, 0x0, 0x0,
    0x0, 0x0, 0x0, 0x0, 0x8f, 0xff, 0xff, 0x75,
    0xff, 0xff, 0xfb, 0x20, 0x0, 0x0, 0x0, 0x0,
    0x0, 0x5, 0xef, 0xff, 0xff, 0x40, 0x2, 0xdf,
    0xff, 0xff, 0x92, 0x0, 0x0, 0x0, 0x0, 0x2b,
    0xff, 0xff, 0xfd, 0x20, 0x0, 0x1, 0xaf, 0xff,
    0xff, 0xfa, 0x30, 0x0, 0x3, 0xbf, 0xff, 0xff,
    0xfe, 0x65, 0x55, 0x55, 0x55, 0xbf, 0xff, 0xff,
    0xff, 0xd7, 0x8, 0xff, 0xff, 0xff, 0xff, 0xff,
    0xff, 0xff, 0xff, 0xff, 0xfa, 0xff, 0xff, 0xff,
    0xa0, 0xc, 0xff, 0xff, 0x92, 0xff, 0xff, 0xff,
    0xff, 0xff, 0xfe, 0x3, 0xcf, 0xff, 0xc0, 0x0,
    0x1e, 0xfb, 0x20, 0x1f, 0xff, 0xff, 0xff, 0xff,
    0xff, 0xe0, 0x0, 0x4c, 0xf2, 0x0, 0x0, 0x44,
    0x0, 0x0, 0x0, 0x0, 0x0, 0x0, 0x0, 0x0,
    0x0, 0x0, 0x1, 0x0, 0x0, 0x0, 0x5, 0x77,
    0x77, 0x77, 0x77, 0x77, 0x77, 0x77, 0x77, 0x78,
    0x50, 0x0, 0x0, 0x0, 0x0, 0xaf, 0xff, 0xff,
    0xff, 0xff, 0xff, 0xff, 0xff, 0xff, 0xff, 0xb2,
    0x0, 0x0, 0x0, 0xa, 0xff, 0xff, 0xff, 0xff,
    0xff, 0xff, 0xff, 0xff, 0xff, 0xfe, 0x20, 0x0,
    0x0, 0x0, 0xaf, 0xff, 0xff, 0xff, 0xff, 0xff,
    0xff, 0xff, 0xff, 0xfe, 0x20, 0x0, 0x0, 0x0,
    0x0, 0x0, 0x0, 0x0, 0x0, 0x0, 0x0, 0x1c,
    0xff, 0xff, 0x30, 0x0, 0x0, 0x0, 0x0, 0x0,
    0x0, 0x0, 0x0, 0x0, 0x0, 0x1c, 0xff, 0xff,
    0x40, 0x0, 0x0, 0x0, 0x0, 0x0, 0x0, 0x0,
    0x7b, 0x20, 0x0, 0x1d, 0xff, 0xff, 0x50, 0x0,
    0x0, 0x0, 0x0, 0x0, 0x0, 0x0, 0x6f, 0xff,
    0x70, 0x1d, 0xff, 0xff, 0x60, 0x0, 0x0, 0x0,
    0x0, 0x0, 0x0, 0x0, 0x2f, 0xff, 0xff, 0xdd,
    0xff, 0xff, 0x60, 0x0, 0x0, 0x0, 0x0, 0x0,
    0x0, 0x0, 0x0, 0x5e, 0xff, 0xff, 0xff, 0xff,
    0x60, 0x0, 0x0, 0x0, 0x0, 0x0, 0x0, 0x0,
    0x0, 0x0, 0x1b, 0xff, 0xff, 0xff, 0x80, 0x0,
    0x0, 0x0, 0x0, 0x0, 0x0, 0x0, 0x0, 0x0,
    0x0, 0x6, 0xff, 0xff, 0xff, 0x40, 0x0, 0x0,
    0x0, 0x0, 0x0, 0x0, 0x0, 0x0, 0x0, 0x0,
    0x2, 0xcf, 0xff, 0xff, 0x50, 0x0, 0x0, 0x0,
    0x0, 0x0, 0x0, 0x0, 0x0, 0x0, 0x0, 0x0,
    0x9f, 0xff, 0xc0, 0x0, 0x0, 0x0, 0x0, 0x0,
    0x0, 0x0, 0x0, 0x0, 0x0, 0x0, 0x0, 0x6f,
    0xe1, 0x0, 0x0, 0x0, 0x0, 0x0, 0x0, 0x0,
    0x0, 0x0, 0x0, 0x0, 0x0, 0x0, 0x42, 0x0,
    0x0, 0x0, 0x0, 0x0, 0x0,

    /* U+4FDD "保" */
    0x0, 0x0, 0x0, 0x2, 0x20, 0x0, 0x0, 0x0,
    0x0, 0x0, 0x0, 0x0, 0x0, 0x0, 0x0, 0x0,
    0x0, 0x0, 0xb, 0xfd, 0x71, 0x22, 0x22, 0x22,
    0x22, 0x22, 0x22, 0x22, 0x21, 0x0, 0x0, 0x0,
    0x0, 0x2f, 0xff, 0xa6, 0xff, 0xff, 0xff, 0xff,
    0xff, 0xff, 0xff, 0xf7, 0x0, 0x0, 0x0, 0x0,
    0x9f, 0xff, 0x36, 0xff, 0xff, 0xff, 0xff, 0xff,
    0xff, 0xff, 0xf7, 0x0, 0x0, 0x0, 0x2, 0xff,
    0xfc, 0x6, 0xff, 0xff, 0xff, 0xff, 0xff, 0xff,
    0xff, 0xf7, 0x0, 0x0, 0x0, 0xb, 0xff, 0xf4,
    0x6, 0xff, 0xf0, 0x0, 0x0, 0x0, 0x2, 0xff,
    0xf7, 0x0, 0x0, 0x0, 0x4f, 0xff, 0xb0, 0x6,
    0xff, 0xf0, 0x0, 0x0, 0x0, 0x2, 0xff, 0xf7,
    0x0, 0x0, 0x0, 0xdf, 0xff, 0x30, 0x6, 0xff,
    0xf0, 0x0, 0x0, 0x0, 0x2, 0xff, 0xf7, 0x0,
    0x0, 0xa, 0xff, 0xff, 0x0, 0x6, 0xff, 0xf0,
    0x0, 0x0, 0x0, 0x2, 0xff, 0xf7, 0x0, 0x0,
    0x5f, 0xff, 0xff, 0x0, 0x6, 0xff, 0xff, 0xff,
    0xff, 0xff, 0xff, 0xff, 0xf7, 0x0, 0x4, 0xff,
    0xff, 0xff, 0x0, 0x6, 0xff, 0xff, 0xff, 0xff,
    0xff, 0xff, 0xff, 0xf7, 0x0, 0x2f, 0xff, 0xff,
    0xff, 0x0, 0x6, 0xff, 0xff, 0xff, 0xff, 0xff,
    0xff, 0xff, 0xf7, 0x0, 0x1f, 0xff, 0xff, 0xff,
    0x0, 0x1, 0x22, 0x22, 0x29, 0xff, 0xf4, 0x22,
    0x22, 0x21, 0x0, 0x7, 0xff, 0xaf, 0xff, 0x0,
    0x0, 0x0, 0x0, 0x7, 0xff, 0xf1, 0x0, 0x0,
    0x0, 0x0, 0x0, 0xf5, 0x6f, 0xff, 0x0, 0x22,
    0x22, 0x22, 0x29, 0xff, 0xf4, 0x22, 0x22, 0x22,
    0x20, 0x0, 0x20, 0x6f, 0xff, 0x5, 0xff, 0xff,
    0xff, 0xff, 0xff, 0xff, 0xff, 0xff, 0xff, 0xe0,
    0x0, 0x0, 0x6f, 0xff, 0x5, 0xff, 0xff, 0xff,
    0xff, 0xff, 0xff, 0xff, 0xff, 0xff, 0xe0, 0x0,
    0x0, 0x6f, 0xff, 0x5, 0xff, 0xff, 0xff, 0xff,
    0xff, 0xff, 0xff, 0xff, 0xff, 0xe0, 0x0, 0x0,
    0x6f, 0xff, 0x0, 0x11, 0x11, 0x11, 0x18, 0xff,
    0xf3, 0x11, 0x11, 0x11, 0x10, 0x0, 0x0, 0x6f,
    0xff, 0x0, 0x0, 0x3c, 0x72, 0x7, 0xff, 0xf1,
    0x3, 0xc3, 0x0, 0x0, 0x0, 0x0, 0x6f, 0xff,
    0x0, 0x0, 0xcf, 0xff, 0x17, 0xff, 0xf1, 0x8f,
    0xfd, 0x0, 0x0, 0x0, 0x0, 0x6f, 0xff, 0x0,
    0x4, 0xff, 0xf7, 0x7, 0xff, 0xf1, 0x3f, 0xff,
    0xa0, 0x0, 0x0, 0x0, 0x6f, 0xff, 0x0, 0xd,
    0xff, 0xe0, 0x7, 0xff, 0xf1, 0x7, 0xff, 0xf6,
    0x0, 0x0, 0x0, 0x6f, 0xff, 0x0, 0x9f, 0xff,
    0x60, 0x7, 0xff, 0xf1, 0x0, 0xcf, 0xff, 0x10,
    0x0, 0x0, 0x6f, 0xff, 0x5, 0xff, 0xfd, 0x0,
    0x7, 0xff, 0xf1, 0x0, 0x2f, 0xff, 0xa0, 0x0,
    0x0, 0x6f, 0xff, 0xd, 0xff, 0xf3, 0x0, 0x7,
    0xff, 0xf1, 0x0, 0x8, 0xff, 0xe1, 0x0, 0x0,
    0x6f, 0xff, 0x1, 0xbf, 0x70, 0x0, 0x7, 0xff,
    0xf1, 0x0, 0x1, 0xfa, 0x10, 0x0, 0x0, 0x6f,
    0xff, 0x0, 0x5, 0x0, 0x0, 0x7, 0xff, 0xf1,
    0x0, 0x0, 0x10, 0x0, 0x0, 0x0, 0x6e, 0xee,
    0x0, 0x0, 0x0, 0x0, 0x7, 0xff, 0xf1, 0x0,
    0x0, 0x0, 0x0,

    /* U+503C "值" */
    0x0, 0x0, 0x0, 0x17, 0x20, 0x0, 0x0, 0x0,
    0x5, 0x99, 0x82, 0x0, 0x0, 0x0, 0x0, 0x0,
    0x0, 0x6, 0xff, 0xd2, 0x0, 0x0, 0x0, 0x9f,
    0xff, 0x20, 0x0, 0x0, 0x0, 0x0, 0x0, 0x0,
    0xcf, 0xfe, 0x0, 0x0, 0x0, 0xb, 0xff, 0xf0,
    0x0, 0x0, 0x0, 0x0, 0x0, 0x0, 0x3f, 0xff,
    0x7f, 0xff, 0xff, 0xff, 0xff, 0xff, 0xff, 0xff,
    0xff, 0xf4, 0x0, 0x0, 0xa, 0xff, 0xf1, 0xff,
    0xff, 0xff, 0xff, 0xff, 0xff, 0xff, 0xff, 0xff,
    0x40, 0x0, 0x3, 0xff, 0xf9, 0xf, 0xff, 0xff,
    0xff, 0xff, 0xff, 0xff, 0xff, 0xff, 0xf4, 0x0,
    0x0, 0xbf, 0xff, 0x20, 0x11, 0x11, 0x11, 0x4f,
    0xff, 0x31, 0x11, 0x11, 0x11, 0x0, 0x0, 0x4f,
    0xff, 0xb0, 0x0, 0x0, 0x0, 0x6, 0xff, 0xe0,
    0x0, 0x0, 0x0, 0x0, 0x0, 0xe, 0xff, 0xf6,
    0x0, 0x7, 0x99, 0x99, 0xcf, 0xfe, 0x99, 0x99,
    0x99, 0x60, 0x0, 0x9, 0xff, 0xff, 0x60, 0x0,
    0xbf, 0xff, 0xff, 0xff, 0xff, 0xff, 0xff, 0xfa,
    0x0, 0x5, 0xff, 0xff, 0xf6, 0x0, 0xb, 0xff,
    0xff, 0xff, 0xff, 0xff, 0xff, 0xff, 0xa0, 0x3,
    0xff, 0xff, 0xff, 0x60, 0x0, 0xbf, 0xf7, 0x0,
    0x0, 0x0, 0x0, 0xaf, 0xfa, 0x0, 0x2f, 0xff,
    0xff, 0xf6, 0x0, 0xb, 0xff, 0x94, 0x44, 0x44,
    0x44, 0x4b, 0xff, 0xa0, 0x0, 0x8f, 0xff, 0xff,
    0x60, 0x0, 0xbf, 0xff, 0xff, 0xff, 0xff, 0xff,
    0xff, 0xfa, 0x0, 0x1, 0xf5, 0xef, 0xf6, 0x0,
    0xb, 0xff, 0xff, 0xff, 0xff, 0xff, 0xff, 0xff,
    0xa0, 0x0, 0x3, 0xe, 0xff, 0x60, 0x0, 0xbf,
    0xf8, 0x22, 0x22, 0x22, 0x22, 0xaf, 0xfa, 0x0,
    0x0, 0x0, 0xef, 0xf6, 0x0, 0xb, 0xff, 0x82,
    0x22, 0x22, 0x22, 0x2b, 0xff, 0xa0, 0x0, 0x0,
    0xe, 0xff, 0x60, 0x0, 0xbf, 0xff, 0xff, 0xff,
    0xff, 0xff, 0xff, 0xfa, 0x0, 0x0, 0x0, 0xef,
    0xf6, 0x0, 0xb, 0xff, 0xff, 0xff, 0xff, 0xff,
    0xff, 0xff, 0xa0, 0x0, 0x0, 0xe, 0xff, 0x60,
    0x0, 0xbf, 0xf9, 0x33, 0x33, 0x33, 0x33, 0xbf,
    0xfa, 0x0, 0x0, 0x0, 0xef, 0xf6, 0x0, 0xb,
    0xff, 0x70, 0x0, 0x0, 0x0, 0xa, 0xff, 0xa0,
    0x0, 0x0, 0xe, 0xff, 0x60, 0x0, 0xbf, 0xff,
    0xff, 0xff, 0xff, 0xff, 0xff, 0xfa, 0x0, 0x0,
    0x0, 0xef, 0xf6, 0x0, 0xb, 0xff, 0xff, 0xff,
    0xff, 0xff, 0xff, 0xff, 0xa0, 0x0, 0x0, 0xe,
    0xff, 0x60, 0x0, 0xbf, 0xfa, 0x66, 0x66, 0x66,
    0x66, 0xcf, 0xfa, 0x0, 0x0, 0x0, 0xef, 0xf6,
    0x0, 0xb, 0xff, 0x60, 0x0, 0x0, 0x0, 0x9,
    0xff, 0xa0, 0x0, 0x0, 0xe, 0xff, 0x65, 0xff,
    0xff, 0xff, 0xff, 0xff, 0xff, 0xff, 0xff, 0xff,
    0xff, 0x0, 0x0, 0xef, 0xf6, 0x5f, 0xff, 0xff,
    0xff, 0xff, 0xff, 0xff, 0xff, 0xff, 0xff, 0xf0,
    0x0, 0xe, 0xff, 0x65, 0xff, 0xff, 0xff, 0xff,
    0xff, 0xff, 0xff, 0xff, 0xff, 0xff, 0x0, 0x0,
    0xef, 0xf6, 0x1, 0x11, 0x11, 0x11, 0x11, 0x11,
    0x11, 0x11, 0x11, 0x11, 0x10,

    /* U+505C "停" */
    0x0, 0x0, 0x0, 0x1, 0x0, 0x0, 0x0, 0x0,
    0x0, 0x37, 0x10, 0x0, 0x0, 0x0, 0x0, 0x0,
    0x0, 0x5, 0xfb, 0x60, 0x0, 0x0, 0x2, 0xef,
    0xf8, 0x0, 0x0, 0x0, 0x0, 0x0, 0x0, 0x0,
    0xbf, 0xff, 0x10, 0x0, 0x0, 0xc, 0xff, 0xf1,
    0x0, 0x0, 0x0, 0x0, 0x0, 0x0, 0x2f, 0xff,
    0xcf, 0xff, 0xff, 0xff, 0xff, 0xff, 0xff, 0xff,
    0xff, 0xf9, 0x0, 0x0, 0x9, 0xff, 0xf5, 0xff,
    0xff, 0xff, 0xff, 0xff, 0xff, 0xff, 0xff, 0xff,
    0x90, 0x0, 0x2, 0xff, 0xf9, 0x3e, 0xee, 0xee,
    0xee, 0xee, 0xee, 0xee, 0xee, 0xee, 0xe8, 0x0,
    0x0, 0xaf, 0xff, 0x20, 0x0, 0x11, 0x11, 0x11,
    0x11, 0x11, 0x11, 0x11, 0x0, 0x0, 0x0, 0x3f,
    0xff, 0xb0, 0x0, 0x6f, 0xff, 0xff, 0xff, 0xff,
    0xff, 0xff, 0xf8, 0x0, 0x0, 0xd, 0xff, 0xf5,
    0x0, 0x6, 0xff, 0xff, 0xff, 0xff, 0xff, 0xff,
    0xff, 0x80, 0x0, 0x8, 0xff, 0xff, 0x50, 0x0,
    0x6f, 0xfe, 0x44, 0x44, 0x44, 0x44, 0xff, 0xf8,
    0x0, 0x5, 0xff, 0xff, 0xf5, 0x0, 0x6, 0xff,
    0xe2, 0x22, 0x22, 0x22, 0x2e, 0xff, 0x80, 0x2,
    0xff, 0xff, 0xff, 0x50, 0x0, 0x6f, 0xff, 0xff,
    0xff, 0xff, 0xff, 0xff, 0xf8, 0x0, 0x1e, 0xff,
    0xff, 0xf5, 0x0, 0x6, 0xff, 0xff, 0xff, 0xff,
    0xff, 0xff, 0xff, 0x80, 0x0, 0x6f, 0xef, 0xff,
    0x50, 0x0, 0x2, 0x22, 0x22, 0x22, 0x22, 0x22,
    0x22, 0x21, 0x0, 0x0, 0xe3, 0xef, 0xf5, 0xa,
    0xbb, 0xbb, 0xbb, 0xbb, 0xbb, 0xbb, 0xbb, 0xbb,
    0xbb, 0x90, 0x1, 0xe, 0xff, 0x50, 0xef, 0xff,
    0xff, 0xff, 0xff, 0xff, 0xff, 0xff, 0xff, 0xfd,
    0x0, 0x0, 0xef, 0xf5, 0xe, 0xff, 0xff, 0xff,
    0xff, 0xff, 0xff, 0xff, 0xff, 0xff, 0xd0, 0x0,
    0xe, 0xff, 0x50, 0xef, 0xf3, 0x11, 0x11, 0x11,
    0x11, 0x11, 0x11, 0x6f, 0xfd, 0x0, 0x0, 0xef,
    0xf5, 0xe, 0xff, 0x30, 0x0, 0x0, 0x0, 0x0,
    0x0, 0x5, 0xff, 0xd0, 0x0, 0xe, 0xff, 0x50,
    0xbb, 0xbf, 0xff, 0xff, 0xff, 0xff, 0xff, 0xff,
    0xeb, 0xba, 0x0, 0x0, 0xef, 0xf5, 0x0, 0x0,
    0xdf, 0xff, 0xff, 0xff, 0xff, 0xff, 0xfa, 0x0,
    0x0, 0x0, 0xe, 0xff, 0x50, 0x0, 0xa, 0xcc,
    0xcc, 0xef, 0xff, 0xcc, 0xcc, 0x80, 0x0, 0x0,
    0x0, 0xef, 0xf5, 0x0, 0x0, 0x0, 0x0, 0x9,
    0xff, 0xf0, 0x0, 0x0, 0x0, 0x0, 0x0, 0xe,
    0xff, 0x50, 0x0, 0x0, 0x0, 0x0, 0x9f, 0xff,
    0x0, 0x0, 0x0, 0x0, 0x0, 0x0, 0xef, 0xf5,
    0x0, 0x0, 0x0, 0x0, 0x9, 0xff, 0xf0, 0x0,
    0x0, 0x0, 0x0, 0x0, 0xe, 0xff, 0x50, 0x0,
    0x0, 0x23, 0x33, 0xbf, 0xff, 0x0, 0x0, 0x0,
    0x0, 0x0, 0x0, 0xef, 0xf5, 0x0, 0x0, 0x9,
    0xff, 0xff, 0xff, 0xe0, 0x0, 0x0, 0x0, 0x0,
    0x0, 0xe, 0xff, 0x50, 0x0, 0x0, 0x3f, 0xff,
    0xff, 0xf8, 0x0, 0x0, 0x0, 0x0, 0x0, 0x0,
    0xef, 0xf5, 0x0, 0x0, 0x0, 0xde, 0xdc, 0x95,
    0x0, 0x0, 0x0, 0x0, 0x0,

    /* U+5099 "備" */
    0x0, 0x0, 0x0, 0x63, 0x0, 0x0, 0x0, 0x77,
    0x73, 0x0, 0x6, 0x77, 0x30, 0x0, 0x0, 0x0,
    0x0, 0x1f, 0xfe, 0x70, 0x0, 0xf, 0xff, 0x70,
    0x0, 0xef, 0xf8, 0x0, 0x0, 0x0, 0x0, 0x6,
    0xff, 0xf6, 0x0, 0x0, 0xff, 0xf8, 0x0, 0xe,
    0xff, 0x90, 0x0, 0x0, 0x0, 0x0, 0xbf, 0xfe,
    0x4f, 0xff, 0xff, 0xff, 0xff, 0xff, 0xff, 0xff,
    0xff, 0xf3, 0x0, 0x0, 0x2f, 0xff, 0x84, 0xff,
    0xff, 0xff, 0xff, 0xff, 0xff, 0xff, 0xff, 0xff,
    0x30, 0x0, 0x9, 0xff, 0xf2, 0x4f, 0xff, 0xff,
    0xff, 0xff, 0xff, 0xff, 0xff, 0xff, 0xf3, 0x0,
    0x0, 0xff, 0xfb, 0x0, 0x33, 0x33, 0xff, 0xf9,
    0x33, 0x3e, 0xff, 0xa3, 0x33, 0x0, 0x0, 0x8f,
    0xff, 0x60, 0x0, 0x0, 0xf, 0xff, 0x70, 0x0,
    0xef, 0xf8, 0x0, 0x0, 0x0, 0x1f, 0xff, 0xf6,
    0x2f, 0xff, 0xff, 0xff, 0xff, 0xff, 0xff, 0xff,
    0xff, 0xff, 0xe0, 0xa, 0xff, 0xff, 0x62, 0xff,
    0xff, 0xff, 0xff, 0xff, 0xff, 0xff, 0xff, 0xff,
    0xfe, 0x5, 0xff, 0xff, 0xf6, 0x2f, 0xff, 0xff,
    0xff, 0xff, 0xff, 0xff, 0xff, 0xff, 0xff, 0xe1,
    0xff, 0xff, 0xff, 0x60, 0x55, 0x6f, 0xff, 0xe5,
    0x55, 0x55, 0x55, 0x55, 0x55, 0x55, 0x3f, 0xff,
    0xff, 0xf6, 0x0, 0x1d, 0xff, 0xf6, 0x0, 0x0,
    0x0, 0x0, 0x0, 0x0, 0x0, 0xcf, 0xff, 0xff,
    0x60, 0x1c, 0xff, 0xff, 0xff, 0xff, 0xff, 0xff,
    0xff, 0xff, 0xd0, 0x5, 0xf7, 0xff, 0xf6, 0x4e,
    0xff, 0xff, 0xff, 0xff, 0xff, 0xff, 0xff, 0xff,
    0xfd, 0x0, 0x8, 0x1f, 0xff, 0xdf, 0xff, 0xff,
    0xff, 0xee, 0xef, 0xff, 0xee, 0xef, 0xff, 0xd0,
    0x0, 0x1, 0xff, 0xf8, 0xef, 0xff, 0xff, 0x90,
    0x1, 0xff, 0xf1, 0x0, 0x8f, 0xfd, 0x0, 0x0,
    0x1f, 0xff, 0x64, 0xfc, 0xef, 0xfc, 0x88, 0x9f,
    0xff, 0x98, 0x8c, 0xff, 0xd0, 0x0, 0x1, 0xff,
    0xf6, 0x4, 0xd, 0xff, 0xff, 0xff, 0xff, 0xff,
    0xff, 0xff, 0xfd, 0x0, 0x0, 0x1f, 0xff, 0x60,
    0x0, 0xdf, 0xff, 0xff, 0xff, 0xff, 0xff, 0xff,
    0xff, 0xd0, 0x0, 0x1, 0xff, 0xf6, 0x0, 0xe,
    0xff, 0x90, 0x2, 0xff, 0xf2, 0x0, 0x8f, 0xfd,
    0x0, 0x0, 0x1f, 0xff, 0x60, 0x0, 0xff, 0xfc,
    0x88, 0x9f, 0xff, 0x98, 0x8c, 0xff, 0xd0, 0x0,
    0x1, 0xff, 0xf6, 0x0, 0x1f, 0xff, 0xff, 0xff,
    0xff, 0xff, 0xff, 0xff, 0xfd, 0x0, 0x0, 0x1f,
    0xff, 0x60, 0x4, 0xff, 0xff, 0xff, 0xff, 0xff,
    0xff, 0xff, 0xff, 0xd0, 0x0, 0x1, 0xff, 0xf6,
    0x0, 0x9f, 0xff, 0x11, 0x12, 0xff, 0xf3, 0x11,
    0x8f, 0xfd, 0x0, 0x0, 0x1f, 0xff, 0x60, 0x1e,
    0xff, 0xb0, 0x0, 0x1f, 0xff, 0x10, 0x8, 0xff,
    0xd0, 0x0, 0x1, 0xff, 0xf6, 0x9, 0xff, 0xf6,
    0x0, 0x1, 0xff, 0xf1, 0x9c, 0xff, 0xfc, 0x0,
    0x0, 0x1f, 0xff, 0x60, 0x5e, 0xfe, 0x0, 0x0,
    0x1f, 0xff, 0x16, 0xff, 0xff, 0x80, 0x0, 0x1,
    0xff, 0xf6, 0x0, 0x1c, 0x60, 0x0, 0x0, 0x0,
    0x0, 0x1e, 0xec, 0x70, 0x0, 0x0, 0x0, 0x0,
    0x0, 0x0, 0x0, 0x0, 0x0, 0x0, 0x0, 0x0,
    0x0, 0x0, 0x0,

    /* U+5132 "儲" */
    0x0, 0x0, 0x0, 0x40, 0x0, 0x0, 0x10, 0x0,
    0x0, 0x2, 0x44, 0x20, 0x0, 0x0, 0x0, 0x0,
    0x0, 0x4, 0xfe, 0xa0, 0x1a, 0xf2, 0x0, 0x0,
    0x6, 0xff, 0x80, 0x0, 0x52, 0x0, 0x0, 0x0,
    0xa, 0xff, 0xc0, 0x6f, 0xfc, 0x0, 0x0, 0x6,
    0xff, 0x80, 0x4, 0xff, 0xd0, 0x0, 0x0, 0xf,
    0xff, 0x60, 0xc, 0xff, 0x50, 0x3, 0x59, 0xff,
    0xa5, 0x39, 0xff, 0xa0, 0x0, 0x0, 0x5f, 0xff,
    0x10, 0x3, 0xfd, 0x30, 0xa, 0xff, 0xff, 0xff,
    0xae, 0xff, 0x40, 0x0, 0x0, 0xbf, 0xfb, 0x0,
    0x0, 0x61, 0x0, 0xa, 0xff, 0xff, 0xff, 0xef,
    0xfe, 0x0, 0x0, 0x1, 0xff, 0xf5, 0x5f, 0xff,
    0xff, 0xff, 0xe6, 0x9b, 0xff, 0xc9, 0xff, 0xf7,
    0x0, 0x0, 0x8, 0xff, 0xf0, 0x5f, 0xff, 0xff,
    0xff, 0xe0, 0x6, 0xff, 0x84, 0xff, 0xf1, 0x0,
    0x0, 0x1f, 0xff, 0xd0, 0x3a, 0xaa, 0xaa, 0xaa,
    0x90, 0x6, 0xff, 0x8d, 0xff, 0x80, 0x0, 0x0,
    0x8f, 0xff, 0xd0, 0x0, 0x0, 0x0, 0x0, 0x8,
    0x8b, 0xff, 0xef, 0xff, 0xa8, 0x82, 0x2, 0xff,
    0xff, 0xd0, 0x8, 0xff, 0xff, 0xff, 0x6f, 0xff,
    0xff, 0xff, 0xff, 0xff, 0xf3, 0xc, 0xff, 0xff,
    0xd0, 0x8, 0xff, 0xff, 0xff, 0x6f, 0xff, 0xff,
    0xff, 0xff, 0xff, 0xf3, 0x1f, 0xff, 0xff, 0xd0,
    0x6, 0xaa, 0xaa, 0xaa, 0x45, 0x55, 0xdf, 0xff,
    0x65, 0x55, 0x51, 0xa, 0xff, 0xff, 0xd0, 0x0,
    0x0, 0x0, 0x0, 0x0, 0x8, 0xff, 0xf8, 0x0,
    0x0, 0x0, 0x4, 0xfa, 0xff, 0xd0, 0x6, 0xbb,
    0xbb, 0xbb, 0x40, 0x6f, 0xff, 0xd2, 0x22, 0x22,
    0x0, 0x0, 0xb2, 0xff, 0xd0, 0x8, 0xff, 0xff,
    0xff, 0x67, 0xff, 0xff, 0xff, 0xff, 0xff, 0x40,
    0x0, 0x1, 0xff, 0xd0, 0x8, 0xff, 0xff, 0xff,
    0xef, 0xff, 0xff, 0xff, 0xff, 0xff, 0x40, 0x0,
    0x1, 0xff, 0xd0, 0x0, 0x11, 0x11, 0x12, 0xef,
    0xff, 0xff, 0xcc, 0xcf, 0xff, 0x40, 0x0, 0x1,
    0xff, 0xd0, 0x6, 0x66, 0x66, 0x66, 0x8f, 0x9f,
    0xff, 0x10, 0xe, 0xff, 0x40, 0x0, 0x1, 0xff,
    0xd0, 0xf, 0xff, 0xff, 0xff, 0xc1, 0xe, 0xff,
    0xaa, 0xaf, 0xff, 0x40, 0x0, 0x1, 0xff, 0xd0,
    0xf, 0xff, 0xff, 0xff, 0xc0, 0xe, 0xff, 0xff,
    0xff, 0xff, 0x40, 0x0, 0x1, 0xff, 0xd0, 0xf,
    0xfd, 0x23, 0xff, 0xc0, 0xe, 0xff, 0xff, 0xff,
    0xff, 0x40, 0x0, 0x1, 0xff, 0xd0, 0xf, 0xfd,
    0x1, 0xff, 0xc0, 0xe, 0xff, 0x42, 0x2e, 0xff,
    0x40, 0x0, 0x1, 0xff, 0xd0, 0xf, 0xfe, 0x45,
    0xff, 0xc0, 0xe, 0xff, 0x10, 0xe, 0xff, 0x40,
    0x0, 0x1, 0xff, 0xd0, 0xf, 0xff, 0xff, 0xff,
    0xc0, 0xe, 0xff, 0xcb, 0xbf, 0xff, 0x40, 0x0,
    0x1, 0xff, 0xd0, 0xf, 0xff, 0xff, 0xff, 0xc0,
    0xe, 0xff, 0xff, 0xff, 0xff, 0x40, 0x0, 0x1,
    0xff, 0xd0, 0xf, 0xfe, 0x56, 0xff, 0xc0, 0xe,
    0xff, 0xff, 0xff, 0xff, 0x40, 0x0, 0x1, 0xff,
    0xd0, 0xf, 0xfd, 0x0, 0xbb, 0x80, 0xe, 0xff,
    0x42, 0x2e, 0xff, 0x40, 0x0, 0x1, 0xff, 0xd0,
    0xc, 0xca, 0x0, 0x0, 0x0, 0xe, 0xff, 0x10,
    0xe, 0xff, 0x40,

    /* U+5148 "先" */
    0x0, 0x0, 0x0, 0x0, 0x0, 0x0, 0x47, 0x77,
    0x0, 0x0, 0x0, 0x0, 0x0, 0x0, 0x0, 0x0,
    0x6, 0xeb, 0x82, 0x0, 0x9f, 0xff, 0x10, 0x0,
    0x0, 0x0, 0x0, 0x0, 0x0, 0x0, 0xa, 0xff,
    0xf2, 0x0, 0x9f, 0xff, 0x10, 0x0, 0x0, 0x0,
    0x0, 0x0, 0x0, 0x0, 0xe, 0xff, 0xd0, 0x0,
    0x9f, 0xff, 0x10, 0x0, 0x0, 0x0, 0x0, 0x0,
    0x0, 0x0, 0x3f, 0xff, 0xc6, 0x66, 0xcf, 0xff,
    0x76, 0x66, 0x66, 0x66, 0x61, 0x0, 0x0, 0x0,
    0x9f, 0xff, 0xff, 0xff, 0xff, 0xff, 0xff, 0xff,
    0xff, 0xff, 0xf4, 0x0, 0x0, 0x0, 0xff, 0xff,
    0xff, 0xff, 0xff, 0xff, 0xff, 0xff, 0xff, 0xff,
    0xf4, 0x0, 0x0, 0x7, 0xff, 0xff, 0xff, 0xff,
    0xff, 0xff, 0xff, 0xff, 0xff, 0xff, 0xf4, 0x0,
    0x0, 0xe, 0xff, 0xf1, 0x0, 0x0, 0x9f, 0xff,
    0x10, 0x0, 0x0, 0x0, 0x0, 0x0, 0x0, 0x9f,
    0xff, 0x80, 0x0, 0x0, 0x9f, 0xff, 0x10, 0x0,
    0x0, 0x0, 0x0, 0x0, 0x0, 0xdf, 0xfe, 0x10,
    0x0, 0x0, 0x9f, 0xff, 0x10, 0x0, 0x0, 0x0,
    0x0, 0x0, 0x0, 0x5, 0xe5, 0x0, 0x0, 0x0,
    0x9f, 0xff, 0x10, 0x0, 0x0, 0x0, 0x0, 0x0,
    0x1, 0x11, 0x11, 0x11, 0x11, 0x11, 0x9f, 0xff,
    0x21, 0x11, 0x11, 0x11, 0x11, 0x10, 0x1f, 0xff,
    0xff, 0xff, 0xff, 0xff, 0xff, 0xff, 0xff, 0xff,
    0xff, 0xff, 0xff, 0xfa, 0x1f, 0xff, 0xff, 0xff,
    0xff, 0xff, 0xff, 0xff, 0xff, 0xff, 0xff, 0xff,
    0xff, 0xfa, 0x1f, 0xff, 0xff, 0xff, 0xff, 0xff,
    0xff, 0xff, 0xff, 0xff, 0xff, 0xff, 0xff, 0xfa,
    0x6, 0x66, 0x66, 0x67, 0xff, 0xfd, 0x66, 0x66,
    0xef, 0xfd, 0x66, 0x66, 0x66, 0x64, 0x0, 0x0,
    0x0, 0x3, 0xff, 0xf9, 0x0, 0x0, 0xdf, 0xfc,
    0x0, 0x0, 0x0, 0x0, 0x0, 0x0, 0x0, 0x6,
    0xff, 0xf6, 0x0, 0x0, 0xdf, 0xfc, 0x0, 0x0,
    0x0, 0x0, 0x0, 0x0, 0x0, 0x9, 0xff, 0xf3,
    0x0, 0x0, 0xdf, 0xfc, 0x0, 0x0, 0x0, 0x0,
    0x0, 0x0, 0x0, 0xf, 0xff, 0xf0, 0x0, 0x0,
    0xdf, 0xfc, 0x0, 0x0, 0x0, 0x0, 0x0, 0x0,
    0x0, 0x6f, 0xff, 0xb0, 0x0, 0x0, 0xdf, 0xfc,
    0x0, 0x0, 0x45, 0x0, 0x0, 0x0, 0x1, 0xef,
    0xff, 0x50, 0x0, 0x0, 0xdf, 0xfc, 0x0, 0x0,
    0x6f, 0xd7, 0x0, 0x0, 0xb, 0xff, 0xfd, 0x0,
    0x0, 0x0, 0xdf, 0xfc, 0x0, 0x0, 0x7f, 0xfd,
    0x0, 0x1, 0xcf, 0xff, 0xf4, 0x0, 0x0, 0x0,
    0xdf, 0xfc, 0x0, 0x0, 0x9f, 0xfb, 0x0, 0x7f,
    0xff, 0xff, 0x80, 0x0, 0x0, 0x0, 0xcf, 0xff,
    0x76, 0x66, 0xef, 0xf8, 0x4f, 0xff, 0xff, 0xf9,
    0x0, 0x0, 0x0, 0x0, 0xaf, 0xff, 0xff, 0xff,
    0xff, 0xf4, 0xb, 0xff, 0xff, 0x70, 0x0, 0x0,
    0x0, 0x0, 0x3f, 0xff, 0xff, 0xff, 0xff, 0xd0,
    0x1, 0xff, 0xb2, 0x0, 0x0, 0x0, 0x0, 0x0,
    0x4, 0xce, 0xff, 0xff, 0xea, 0x10, 0x0, 0x43,
    0x0, 0x0, 0x0, 0x0, 0x0, 0x0, 0x0, 0x0,
    0x0, 0x0, 0x0, 0x0,

    /* U+5171 "共" */
    0x0, 0x0, 0x0, 0x1, 0x11, 0x10, 0x0, 0x0,
    0x0, 0x11, 0x10, 0x0, 0x0, 0x0, 0x0, 0x0,
    0x0, 0xf, 0xff, 0xb0, 0x0, 0x0, 0x6, 0xff,
    0xf5, 0x0, 0x0, 0x0, 0x0, 0x0, 0x0, 0xf,
    0xff, 0xb0, 0x0, 0x0, 0x6, 0xff, 0xf5, 0x0,
    0x0, 0x0, 0x0, 0x0, 0x0, 0xf, 0xff, 0xb0,
    0x0, 0x0, 0x6, 0xff, 0xf5, 0x0, 0x0, 0x0,
    0x0, 0x0, 0x0, 0xf, 0xff, 0xb0, 0x0, 0x0,
    0x6, 0xff, 0xf5, 0x0, 0x0, 0x0, 0x0, 0x0,
    0x0, 0xf, 0xff, 0xb0, 0x0, 0x0, 0x6, 0xff,
    0xf5, 0x0, 0x0, 0x0, 0x3, 0x88, 0x88, 0x8f,
    0xff, 0xd8, 0x88, 0x88, 0x8b, 0xff, 0xfb, 0x88,
    0x88, 0x80, 0x7, 0xff, 0xff, 0xff, 0xff, 0xff,
    0xff, 0xff, 0xff, 0xff, 0xff, 0xff, 0xff, 0xf0,
    0x7, 0xff, 0xff, 0xff, 0xff, 0xff, 0xff, 0xff,
    0xff, 0xff, 0xff, 0xff, 0xff, 0xf0, 0x7, 0xff,
    0xff, 0xff, 0xff, 0xff, 0xff, 0xff, 0xff, 0xff,
    0xff, 0xff, 0xff, 0xf0, 0x0, 0x0, 0x0, 0xf,
    0xff, 0xb0, 0x0, 0x0, 0x6, 0xff, 0xf5, 0x0,
    0x0, 0x0, 0x0, 0x0, 0x0, 0xf, 0xff, 0xb0,
    0x0, 0x0, 0x6, 0xff, 0xf5, 0x0, 0x0, 0x0,
    0x0, 0x0, 0x0, 0xf, 0xff, 0xb0, 0x0, 0x0,
    0x6, 0xff, 0xf5, 0x0, 0x0, 0x0, 0x0, 0x0,
    0x0, 0xf, 0xff, 0xb0, 0x0, 0x0, 0x6, 0xff,
    0xf5, 0x0, 0x0, 0x0, 0x0, 0x0, 0x0, 0xf,
    0xff, 0xb0, 0x0, 0x0, 0x6, 0xff, 0xf5, 0x0,
    0x0, 0x0, 0x37, 0x77, 0x77, 0x7f, 0xff, 0xd7,
    0x77, 0x77, 0x7a, 0xff, 0xfa, 0x77, 0x77, 0x76,
    0x8f, 0xff, 0xff, 0xff, 0xff, 0xff, 0xff, 0xff,
    0xff, 0xff, 0xff, 0xff, 0xff, 0xfe, 0x8f, 0xff,
    0xff, 0xff, 0xff, 0xff, 0xff, 0xff, 0xff, 0xff,
    0xff, 0xff, 0xff, 0xfe, 0x8f, 0xff, 0xff, 0xff,
    0xff, 0xff, 0xff, 0xff, 0xff, 0xff, 0xff, 0xff,
    0xff, 0xfe, 0x0, 0x0, 0x0, 0x0, 0x0, 0x0,
    0x0, 0x0, 0x0, 0x0, 0x0, 0x0, 0x0, 0x0,
    0x0, 0x0, 0x0, 0x2, 0xa4, 0x0, 0x0, 0x0,
    0x0, 0x5b, 0x30, 0x0, 0x0, 0x0, 0x0, 0x0,
    0x0, 0x1d, 0xff, 0xe8, 0x0, 0x0, 0x3c, 0xff,
    0xf7, 0x0, 0x0, 0x0, 0x0, 0x0, 0x2, 0xef,
    0xff, 0xf5, 0x0, 0x0, 0x2d, 0xff, 0xff, 0xa0,
    0x0, 0x0, 0x0, 0x0, 0x4f, 0xff, 0xff, 0x50,
    0x0, 0x0, 0x1, 0xbf, 0xff, 0xfd, 0x20, 0x0,
    0x0, 0x9, 0xff, 0xff, 0xf4, 0x0, 0x0, 0x0,
    0x0, 0x8, 0xff, 0xff, 0xf5, 0x0, 0x5, 0xef,
    0xff, 0xfe, 0x30, 0x0, 0x0, 0x0, 0x0, 0x0,
    0x5f, 0xff, 0xff, 0x70, 0x1d, 0xff, 0xff, 0xb1,
    0x0, 0x0, 0x0, 0x0, 0x0, 0x0, 0x4, 0xef,
    0xff, 0xf5, 0x0, 0xaf, 0xf7, 0x0, 0x0, 0x0,
    0x0, 0x0, 0x0, 0x0, 0x0, 0x2e, 0xfd, 0x40,
    0x0, 0x7, 0x20, 0x0, 0x0, 0x0, 0x0, 0x0,
    0x0, 0x0, 0x0, 0x2, 0x70, 0x0,

    /* U+51FA "出" */
    0x0, 0x0, 0x0, 0x0, 0x0, 0x6, 0x77, 0x70,
    0x0, 0x0, 0x0, 0x0, 0x0, 0x0, 0x0, 0x0,
    0x0, 0x0, 0xe, 0xff, 0xf1, 0x0, 0x0, 0x0,
    0x0, 0x0, 0x0, 0x0, 0x0, 0x0, 0x0, 0xe,
    0xff, 0xf1, 0x0, 0x0, 0x0, 0x0, 0x0, 0x0,
    0x9e, 0xee, 0x10, 0x0, 0xe, 0xff, 0xf1, 0x0,
    0x0, 0xef, 0xff, 0x10, 0x0, 0xaf, 0xff, 0x10,
    0x0, 0xe, 0xff, 0xf1, 0x0, 0x0, 0xef, 0xff,
    0x10, 0x0, 0xaf, 0xff, 0x10, 0x0, 0xe, 0xff,
    0xf1, 0x0, 0x0, 0xef, 0xff, 0x10, 0x0, 0xaf,
    0xff, 0x10, 0x0, 0xe, 0xff, 0xf1, 0x0, 0x0,
    0xef, 0xff, 0x10, 0x0, 0xaf, 0xff, 0x10, 0x0,
    0xe, 0xff, 0xf1, 0x0, 0x0, 0xef, 0xff, 0x10,
    0x0, 0xaf, 0xff, 0x10, 0x0, 0xe, 0xff, 0xf1,
    0x0, 0x0, 0xef, 0xff, 0x10, 0x0, 0xaf, 0xff,
    0x10, 0x0, 0xe, 0xff, 0xf1, 0x0, 0x0, 0xef,
    0xff, 0x10, 0x0, 0xaf, 0xff, 0x87, 0x77, 0x7f,
    0xff, 0xf8, 0x77, 0x77, 0xff, 0xff, 0x10, 0x0,
    0xaf, 0xff, 0xff, 0xff, 0xff, 0xff, 0xff, 0xff,
    0xff, 0xff, 0xff, 0x10, 0x0, 0xaf, 0xff, 0xff,
    0xff, 0xff, 0xff, 0xff, 0xff, 0xff, 0xff, 0xff,
    0x10, 0x0, 0xaf, 0xff, 0xff, 0xff, 0xff, 0xff,
    0xff, 0xff, 0xff, 0xff, 0xff, 0x10, 0x0, 0x0,
    0x0, 0x0, 0x0, 0xe, 0xff, 0xf1, 0x0, 0x0,
    0x0, 0x0, 0x0, 0x1, 0x11, 0x10, 0x0, 0x0,
    0xe, 0xff, 0xf1, 0x0, 0x0, 0x0, 0x11, 0x10,
    0x3f, 0xff, 0xc0, 0x0, 0x0, 0xe, 0xff, 0xf1,
    0x0, 0x0, 0xb, 0xff, 0xf4, 0x3f, 0xff, 0xc0,
    0x0, 0x0, 0xe, 0xff, 0xf1, 0x0, 0x0, 0xb,
    0xff, 0xf4, 0x3f, 0xff, 0xc0, 0x0, 0x0, 0xe,
    0xff, 0xf1, 0x0, 0x0, 0xb, 0xff, 0xf4, 0x3f,
    0xff, 0xc0, 0x0, 0x0, 0xe, 0xff, 0xf1, 0x0,
    0x0, 0xb, 0xff, 0xf4, 0x3f, 0xff, 0xc0, 0x0,
    0x0, 0xe, 0xff, 0xf1, 0x0, 0x0, 0xb, 0xff,
    0xf4, 0x3f, 0xff, 0xc0, 0x0, 0x0, 0xe, 0xff,
    0xf1, 0x0, 0x0, 0xb, 0xff, 0xf4, 0x3f, 0xff,
    0xc0, 0x0, 0x0, 0xe, 0xff, 0xf1, 0x0, 0x0,
    0xb, 0xff, 0xf4, 0x3f, 0xff, 0xe8, 0x88, 0x88,
    0x8f, 0xff, 0xf9, 0x88, 0x88, 0x8d, 0xff, 0xf4,
    0x3f, 0xff, 0xff, 0xff, 0xff, 0xff, 0xff, 0xff,
    0xff, 0xff, 0xff, 0xff, 0xf4, 0x3f, 0xff, 0xff,
    0xff, 0xff, 0xff, 0xff, 0xff, 0xff, 0xff, 0xff,
    0xff, 0xf4, 0x3f, 0xff, 0xff, 0xff, 0xff, 0xff,
    0xff, 0xff, 0xff, 0xff, 0xff, 0xff, 0xf4, 0x0,
    0x0, 0x0, 0x0, 0x0, 0x0, 0x0, 0x0, 0x0,
    0x0, 0xb, 0xff, 0xf4, 0x0, 0x0, 0x0, 0x0,
    0x0, 0x0, 0x0, 0x0, 0x0, 0x0, 0xb, 0xff,
    0xf4,

    /* U+5206 "分" */
    0x0, 0x0, 0x0, 0x0, 0x0, 0x0, 0x0, 0x0,
    0x0, 0x0, 0x0, 0x0, 0x0, 0x0, 0x0, 0x0,
    0x0, 0x0, 0x0, 0x51, 0x0, 0x7, 0xff, 0xff,
    0xff, 0xf2, 0x0, 0x0, 0x0, 0x0, 0x0, 0x0,
    0x0, 0x3, 0xff, 0xe8, 0x7, 0xff, 0xff, 0xff,
    0xf8, 0x0, 0x0, 0x0, 0x0, 0x0, 0x0, 0x0,
    0xa, 0xff, 0xf7, 0x7, 0xff, 0xff, 0xff, 0xfe,
    0x0, 0x0, 0x0, 0x0, 0x0, 0x0, 0x0, 0x1f,
    0xff, 0xf1, 0x2, 0x44, 0x44, 0xbf, 0xff, 0x70,
    0x0, 0x0, 0x0, 0x0, 0x0, 0x0, 0x8f, 0xff,
    0xa0, 0x0, 0x0, 0x0, 0x2f, 0xff, 0xf1, 0x0,
    0x0, 0x0, 0x0, 0x0, 0x2, 0xff, 0xff, 0x30,
    0x0, 0x0, 0x0, 0x9, 0xff, 0xfb, 0x0, 0x0,
    0x0, 0x0, 0x0, 0xa, 0xff, 0xfb, 0x0, 0x0,
    0x0, 0x0, 0x1, 0xff, 0xff, 0x70, 0x0, 0x0,
    0x0, 0x0, 0x6f, 0xff, 0xf2, 0x0, 0x0, 0x0,
    0x0, 0x0, 0x7f, 0xff, 0xf6, 0x0, 0x0, 0x0,
    0x3, 0xff, 0xff, 0x70, 0x0, 0x0, 0x0, 0x0,
    0x0, 0xb, 0xff, 0xff, 0x50, 0x0, 0x0, 0x2e,
    0xff, 0xfd, 0x0, 0x0, 0x0, 0x0, 0x0, 0x0,
    0x1, 0xef, 0xff, 0xf9, 0x0, 0x3, 0xef, 0xff,
    0xfa, 0x77, 0x77, 0x77, 0x77, 0x77, 0x77, 0x77,
    0xaf, 0xff, 0xff, 0xd3, 0x1f, 0xff, 0xff, 0xff,
    0xff, 0xff, 0xff, 0xff, 0xff, 0xff, 0xff, 0xff,
    0xff, 0xff, 0xe1, 0x3, 0xef, 0xf7, 0xff, 0xff,
    0xff, 0xff, 0xff, 0xff, 0xff, 0xff, 0xff, 0xde,
    0xff, 0x30, 0x0, 0x2e, 0x60, 0xff, 0xff, 0xff,
    0xff, 0xff, 0xff, 0xff, 0xff, 0xff, 0xa1, 0xb7,
    0x0, 0x0, 0x0, 0x0, 0x0, 0x0, 0x1f, 0xff,
    0xe0, 0x0, 0x0, 0x1f, 0xff, 0xa0, 0x0, 0x0,
    0x0, 0x0, 0x0, 0x0, 0x0, 0x4f, 0xff, 0xb0,
    0x0, 0x0, 0x2f, 0xff, 0x90, 0x0, 0x0, 0x0,
    0x0, 0x0, 0x0, 0x0, 0x7f, 0xff, 0x70, 0x0,
    0x0, 0x3f, 0xff, 0x80, 0x0, 0x0, 0x0, 0x0,
    0x0, 0x0, 0x0, 0xbf, 0xff, 0x40, 0x0, 0x0,
    0x4f, 0xff, 0x80, 0x0, 0x0, 0x0, 0x0, 0x0,
    0x0, 0x1, 0xff, 0xff, 0x10, 0x0, 0x0, 0x5f,
    0xff, 0x70, 0x0, 0x0, 0x0, 0x0, 0x0, 0x0,
    0x9, 0xff, 0xfb, 0x0, 0x0, 0x0, 0x6f, 0xff,
    0x60, 0x0, 0x0, 0x0, 0x0, 0x0, 0x0, 0x4f,
    0xff, 0xf5, 0x0, 0x0, 0x0, 0x7f, 0xff, 0x40,
    0x0, 0x0, 0x0, 0x0, 0x0, 0x2, 0xef, 0xff,
    0xc0, 0x0, 0x0, 0x0, 0x9f, 0xff, 0x30, 0x0,
    0x0, 0x0, 0x0, 0x0, 0x4e, 0xff, 0xff, 0x30,
    0x0, 0x0, 0x0, 0xcf, 0xff, 0x10, 0x0, 0x0,
    0x0, 0x0, 0x19, 0xff, 0xff, 0xf7, 0x0, 0x0,
    0x0, 0x1, 0xff, 0xff, 0x0, 0x0, 0x0, 0x0,
    0x29, 0xff, 0xff, 0xff, 0x80, 0x0, 0x39, 0x88,
    0x8c, 0xff, 0xfc, 0x0, 0x0, 0x0, 0x0, 0x8f,
    0xff, 0xff, 0xf7, 0x0, 0x0, 0xe, 0xff, 0xff,
    0xff, 0xf7, 0x0, 0x0, 0x0, 0x0, 0xa, 0xff,
    0xfc, 0x20, 0x0, 0x0, 0x9, 0xff, 0xff, 0xff,
    0xc0, 0x0, 0x0, 0x0, 0x0, 0x1, 0xfc, 0x50,
    0x0, 0x0, 0x0, 0x6, 0xff, 0xfe, 0xc8, 0x0,
    0x0, 0x0, 0x0, 0x0, 0x0, 0x10, 0x0, 0x0,
    0x0, 0x0, 0x0, 0x0, 0x0, 0x0, 0x0, 0x0,
    0x0, 0x0,

    /* U+5229 "利" */
    0x0, 0x0, 0x0, 0x0, 0x0, 0x0, 0x30, 0x0,
    0x0, 0x0, 0x0, 0x0, 0x0, 0x0, 0x0, 0x0,
    0x0, 0x0, 0x2, 0x7d, 0xfa, 0x0, 0x0, 0x0,
    0x0, 0x0, 0xee, 0xe9, 0x0, 0x0, 0x3, 0x69,
    0xef, 0xff, 0xff, 0x90, 0x0, 0x0, 0x0, 0x0,
    0xff, 0xf9, 0x6, 0x9c, 0xff, 0xff, 0xff, 0xff,
    0xff, 0xb1, 0x0, 0x0, 0x0, 0x0, 0xff, 0xf9,
    0xe, 0xff, 0xff, 0xff, 0xff, 0xea, 0x51, 0x0,
    0xd, 0xdd, 0x50, 0x0, 0xff, 0xf9, 0x8, 0xff,
    0xff, 0xdf, 0xff, 0x50, 0x0, 0x0, 0xf, 0xff,
    0x60, 0x0, 0xff, 0xf9, 0x2, 0x74, 0x10, 0x2f,
    0xff, 0x50, 0x0, 0x0, 0xf, 0xff, 0x60, 0x0,
    0xff, 0xf9, 0x0, 0x0, 0x0, 0x2f, 0xff, 0x50,
    0x0, 0x0, 0xf, 0xff, 0x60, 0x0, 0xff, 0xf9,
    0x0, 0x0, 0x0, 0x2f, 0xff, 0x50, 0x0, 0x0,
    0xf, 0xff, 0x60, 0x0, 0xff, 0xf9, 0x8, 0x88,
    0x88, 0xaf, 0xff, 0xb8, 0x88, 0x84, 0xf, 0xff,
    0x60, 0x0, 0xff, 0xf9, 0xe, 0xff, 0xff, 0xff,
    0xff, 0xff, 0xff, 0xf7, 0xf, 0xff, 0x60, 0x0,
    0xff, 0xf9, 0xe, 0xff, 0xff, 0xff, 0xff, 0xff,
    0xff, 0xf7, 0xf, 0xff, 0x60, 0x0, 0xff, 0xf9,
    0xb, 0xcc, 0xcc, 0xff, 0xff, 0xdc, 0xcc, 0xc5,
    0xf, 0xff, 0x60, 0x0, 0xff, 0xf9, 0x0, 0x0,
    0x3, 0xff, 0xff, 0x50, 0x0, 0x0, 0xf, 0xff,
    0x60, 0x0, 0xff, 0xf9, 0x0, 0x0, 0xb, 0xff,
    0xff, 0x90, 0x0, 0x0, 0xf, 0xff, 0x60, 0x0,
    0xff, 0xf9, 0x0, 0x0, 0x3f, 0xff, 0xff, 0xfb,
    0x0, 0x0, 0xf, 0xff, 0x60, 0x0, 0xff, 0xf9,
    0x0, 0x0, 0xdf, 0xff, 0xff, 0xff, 0xd2, 0x0,
    0xf, 0xff, 0x60, 0x0, 0xff, 0xf9, 0x0, 0x7,
    0xff, 0xff, 0xff, 0xff, 0xfe, 0x40, 0xf, 0xff,
    0x60, 0x0, 0xff, 0xf9, 0x0, 0x2f, 0xff, 0xaf,
    0xff, 0xbf, 0xff, 0xf4, 0xf, 0xff, 0x60, 0x0,
    0xff, 0xf9, 0x0, 0xdf, 0xfe, 0x3f, 0xff, 0x58,
    0xff, 0xf1, 0xf, 0xff, 0x60, 0x0, 0xff, 0xf9,
    0xb, 0xff, 0xf7, 0x2f, 0xff, 0x50, 0xaf, 0x60,
    0xf, 0xff, 0x60, 0x0, 0xff, 0xf9, 0x6f, 0xff,
    0xe0, 0x2f, 0xff, 0x50, 0x8, 0x0, 0x0, 0x0,
    0x0, 0x0, 0xff, 0xf9, 0x1f, 0xff, 0x50, 0x2f,
    0xff, 0x50, 0x0, 0x0, 0x0, 0x0, 0x0, 0x0,
    0xff, 0xf9, 0x8, 0xfa, 0x0, 0x2f, 0xff, 0x50,
    0x0, 0x0, 0x0, 0x0, 0x0, 0x0, 0xff, 0xf9,
    0x1, 0xd0, 0x0, 0x2f, 0xff, 0x50, 0x0, 0x0,
    0x0, 0x0, 0x0, 0x0, 0xff, 0xf9, 0x0, 0x0,
    0x0, 0x2f, 0xff, 0x50, 0x0, 0x0, 0x0, 0x1a,
    0x99, 0x9a, 0xff, 0xf9, 0x0, 0x0, 0x0, 0x2f,
    0xff, 0x50, 0x0, 0x0, 0x0, 0xd, 0xff, 0xff,
    0xff, 0xf6, 0x0, 0x0, 0x0, 0x2f, 0xff, 0x50,
    0x0, 0x0, 0x0, 0x7, 0xff, 0xff, 0xff, 0xd0,
    0x0, 0x0, 0x0, 0x2f, 0xff, 0x50, 0x0, 0x0,
    0x0, 0x3, 0xff, 0xfe, 0xc8, 0x10, 0x0, 0x0,
    0x0, 0x0, 0x0, 0x0, 0x0, 0x0, 0x0, 0x0,
    0x0, 0x0, 0x0, 0x0,

    /* U+5236 "制" */
    0x0, 0x8, 0x85, 0x10, 0xff, 0xf5, 0x0, 0x0,
    0x0, 0x0, 0x0, 0x0, 0x3a, 0xaa, 0x10, 0x0,
    0xef, 0xf9, 0xf, 0xff, 0x50, 0x0, 0x0, 0x0,
    0x0, 0x0, 0x4, 0xff, 0xf2, 0x0, 0x3f, 0xff,
    0x40, 0xff, 0xf5, 0x0, 0x0, 0x0, 0xe, 0xff,
    0x60, 0x4f, 0xff, 0x20, 0x7, 0xff, 0xf8, 0x8f,
    0xff, 0xa7, 0x77, 0x75, 0x0, 0xef, 0xf6, 0x4,
    0xff, 0xf2, 0x0, 0xcf, 0xff, 0xff, 0xff, 0xff,
    0xff, 0xff, 0xc0, 0xe, 0xff, 0x60, 0x4f, 0xff,
    0x20, 0x2f, 0xff, 0xff, 0xff, 0xff, 0xff, 0xff,
    0xfc, 0x0, 0xef, 0xf6, 0x4, 0xff, 0xf2, 0x9,
    0xff, 0xfb, 0xbc, 0xff, 0xfd, 0xbb, 0xbb, 0x90,
    0xe, 0xff, 0x60, 0x4f, 0xff, 0x22, 0xff, 0xf9,
    0x0, 0xf, 0xff, 0x50, 0x0, 0x0, 0x0, 0xef,
    0xf6, 0x4, 0xff, 0xf2, 0x3, 0xaf, 0x10, 0x0,
    0xff, 0xf5, 0x0, 0x0, 0x0, 0xe, 0xff, 0x60,
    0x4f, 0xff, 0x20, 0xef, 0xff, 0xff, 0xff, 0xff,
    0xff, 0xff, 0xff, 0xe0, 0xef, 0xf6, 0x4, 0xff,
    0xf2, 0xe, 0xff, 0xff, 0xff, 0xff, 0xff, 0xff,
    0xff, 0xfe, 0xe, 0xff, 0x60, 0x4f, 0xff, 0x20,
    0xef, 0xff, 0xff, 0xff, 0xff, 0xff, 0xff, 0xff,
    0xe0, 0xef, 0xf6, 0x4, 0xff, 0xf2, 0x4, 0x44,
    0x44, 0x45, 0xff, 0xf8, 0x44, 0x44, 0x44, 0xe,
    0xff, 0x60, 0x4f, 0xff, 0x20, 0x0, 0x0, 0x0,
    0xf, 0xff, 0x50, 0x0, 0x0, 0x0, 0xef, 0xf6,
    0x4, 0xff, 0xf2, 0x0, 0x68, 0x88, 0x89, 0xff,
    0xfb, 0x88, 0x88, 0x82, 0xe, 0xff, 0x60, 0x4f,
    0xff, 0x20, 0xb, 0xff, 0xff, 0xff, 0xff, 0xff,
    0xff, 0xff, 0x30, 0xef, 0xf6, 0x4, 0xff, 0xf2,
    0x0, 0xbf, 0xff, 0xff, 0xff, 0xff, 0xff, 0xff,
    0xf3, 0xe, 0xff, 0x60, 0x4f, 0xff, 0x20, 0xb,
    0xff, 0xda, 0xaf, 0xff, 0xca, 0xaf, 0xff, 0x30,
    0xef, 0xf6, 0x4, 0xff, 0xf2, 0x0, 0xbf, 0xf7,
    0x0, 0xff, 0xf5, 0x0, 0xff, 0xf3, 0xe, 0xff,
    0x60, 0x4f, 0xff, 0x20, 0xb, 0xff, 0x70, 0xf,
    0xff, 0x50, 0xf, 0xff, 0x30, 0x0, 0x0, 0x4,
    0xff, 0xf2, 0x0, 0xbf, 0xf7, 0x0, 0xff, 0xf5,
    0x0, 0xff, 0xf3, 0x0, 0x0, 0x0, 0x4f, 0xff,
    0x20, 0xb, 0xff, 0x70, 0xf, 0xff, 0x50, 0xf,
    0xff, 0x30, 0x0, 0x0, 0x4, 0xff, 0xf2, 0x0,
    0xbf, 0xf7, 0x0, 0xff, 0xf7, 0xcd, 0xff, 0xf2,
    0x0, 0x0, 0x0, 0x4f, 0xff, 0x20, 0xb, 0xff,
    0x70, 0xf, 0xff, 0x5b, 0xff, 0xff, 0x0, 0x0,
    0x0, 0x5, 0xff, 0xf2, 0x0, 0xbf, 0xf7, 0x0,
    0xff, 0xf5, 0x7f, 0xfe, 0x50, 0x0, 0x68, 0x88,
    0xcf, 0xff, 0x10, 0x0, 0x0, 0x0, 0xf, 0xff,
    0x51, 0x22, 0x0, 0x0, 0x6, 0xff, 0xff, 0xff,
    0xf0, 0x0, 0x0, 0x0, 0x0, 0xff, 0xf5, 0x0,
    0x0, 0x0, 0x0, 0x1f, 0xff, 0xff, 0xf8, 0x0,
    0x0, 0x0, 0x0, 0xf, 0xff, 0x50, 0x0, 0x0,
    0x0, 0x0, 0xdf, 0xfe, 0xa5, 0x0, 0x0, 0x0,
    0x0, 0x0, 0x0, 0x0, 0x0, 0x0, 0x0, 0x0,
    0x0, 0x0, 0x0, 0x0, 0x0,

    /* U+52D5 "動" */
    0x0, 0x0, 0x0, 0x0, 0x0, 0x0, 0x3, 0x10,
    0x0, 0x0, 0x0, 0x0, 0x0, 0x0, 0x0, 0x0,
    0x12, 0x34, 0x67, 0x9b, 0xdf, 0xfa, 0x0, 0x1,
    0xff, 0xf5, 0x0, 0x0, 0x0, 0xa, 0xff, 0xff,
    0xff, 0xff, 0xff, 0xff, 0xf4, 0x0, 0x1f, 0xff,
    0x50, 0x0, 0x0, 0x0, 0x6f, 0xff, 0xff, 0xff,
    0xff, 0xec, 0xa7, 0x30, 0x1, 0xff, 0xf5, 0x0,
    0x0, 0x0, 0x1, 0x87, 0x76, 0x5f, 0xff, 0x40,
    0x0, 0x0, 0x0, 0x1f, 0xff, 0x50, 0x0, 0x0,
    0x0, 0x78, 0x88, 0x88, 0xff, 0xfa, 0x88, 0x88,
    0x80, 0x1, 0xff, 0xf5, 0x0, 0x0, 0x0, 0xe,
    0xff, 0xff, 0xff, 0xff, 0xff, 0xff, 0xff, 0x10,
    0x1f, 0xff, 0x50, 0x0, 0x0, 0x0, 0xef, 0xff,
    0xff, 0xff, 0xff, 0xff, 0xff, 0xfe, 0xde, 0xff,
    0xfe, 0xdd, 0xdd, 0xd6, 0x0, 0x0, 0x0, 0xf,
    0xff, 0x50, 0x0, 0x0, 0xff, 0xff, 0xff, 0xff,
    0xff, 0xff, 0x60, 0x5, 0x55, 0x55, 0xff, 0xf8,
    0x55, 0x55, 0x3f, 0xff, 0xff, 0xff, 0xff, 0xff,
    0xf6, 0x2, 0xff, 0xff, 0xff, 0xff, 0xff, 0xff,
    0xf9, 0xcd, 0xdf, 0xff, 0xdd, 0xdf, 0xff, 0x60,
    0x2f, 0xff, 0xdd, 0xff, 0xfe, 0xde, 0xff, 0x90,
    0x3, 0xff, 0xf2, 0x1, 0xff, 0xf5, 0x2, 0xff,
    0xb0, 0xf, 0xff, 0x40, 0x5f, 0xf9, 0x0, 0x4f,
    0xff, 0x10, 0x1f, 0xff, 0x50, 0x2f, 0xff, 0xff,
    0xff, 0xff, 0xff, 0xff, 0x90, 0x6, 0xff, 0xf0,
    0x1, 0xff, 0xf4, 0x2, 0xff, 0xff, 0xff, 0xff,
    0xff, 0xff, 0xf9, 0x0, 0x7f, 0xfe, 0x0, 0x2f,
    0xff, 0x40, 0x2f, 0xfb, 0x22, 0xff, 0xf6, 0x27,
    0xff, 0x90, 0x9, 0xff, 0xc0, 0x2, 0xff, 0xf3,
    0x2, 0xff, 0xc4, 0x4f, 0xff, 0x74, 0x8f, 0xf9,
    0x0, 0xcf, 0xfb, 0x0, 0x3f, 0xff, 0x30, 0x2f,
    0xff, 0xff, 0xff, 0xff, 0xff, 0xff, 0x90, 0xe,
    0xff, 0x70, 0x4, 0xff, 0xf2, 0x2, 0xff, 0xff,
    0xff, 0xff, 0xff, 0xff, 0xf9, 0x2, 0xff, 0xf4,
    0x0, 0x4f, 0xff, 0x20, 0x0, 0x0, 0x0, 0xff,
    0xf5, 0x0, 0x0, 0x0, 0x7f, 0xff, 0x0, 0x5,
    0xff, 0xf1, 0x4, 0xff, 0xff, 0xff, 0xff, 0xff,
    0xff, 0xfb, 0xc, 0xff, 0xc0, 0x0, 0x6f, 0xff,
    0x0, 0x4f, 0xff, 0xff, 0xff, 0xff, 0xff, 0xff,
    0xb3, 0xff, 0xf9, 0x0, 0x7, 0xff, 0xf0, 0x2,
    0x77, 0x77, 0x7f, 0xff, 0xa7, 0x77, 0x76, 0xcf,
    0xff, 0x30, 0x0, 0x9f, 0xfe, 0x0, 0x0, 0x0,
    0x0, 0xff, 0xf4, 0x0, 0x12, 0x6f, 0xff, 0xc0,
    0x0, 0xb, 0xff, 0xd0, 0x1, 0x24, 0x56, 0x8f,
    0xff, 0xee, 0xff, 0xff, 0xff, 0xf4, 0x0, 0x0,
    0xef, 0xfb, 0x0, 0xff, 0xff, 0xff, 0xff, 0xff,
    0xff, 0xff, 0xff, 0xfb, 0x6, 0x55, 0x9f, 0xff,
    0x80, 0xe, 0xff, 0xff, 0xff, 0xff, 0xff, 0xef,
    0xff, 0xfe, 0x10, 0xdf, 0xff, 0xff, 0xf4, 0x0,
    0xce, 0xdb, 0xa8, 0x75, 0x32, 0x0, 0x2e, 0xff,
    0x30, 0x7, 0xff, 0xff, 0xfb, 0x0, 0x0, 0x0,
    0x0, 0x0, 0x0, 0x0, 0x0, 0x3e, 0x30, 0x0,
    0x4f, 0xfe, 0xd8, 0x0, 0x0, 0x0, 0x0, 0x0,
    0x0, 0x0, 0x0, 0x0, 0x0, 0x0, 0x0, 0x0,
    0x0, 0x0, 0x0,

    /* U+52DD "勝" */
    0x0, 0x0, 0x0, 0x0, 0x0, 0x0, 0x0, 0x0,
    0x0, 0x13, 0x21, 0x0, 0x0, 0x0, 0x0, 0x0,
    0x0, 0x0, 0x0, 0x0, 0x0, 0x4, 0xa1, 0x0,
    0x9f, 0xf9, 0x0, 0x69, 0x30, 0x0, 0x0, 0xae,
    0xee, 0xee, 0xee, 0xd0, 0xbf, 0xfd, 0x10, 0xbf,
    0xf7, 0x2, 0xff, 0xf3, 0x0, 0x0, 0xbf, 0xff,
    0xff, 0xff, 0xe0, 0x4f, 0xff, 0xb0, 0xdf, 0xf5,
    0x1d, 0xff, 0xa0, 0x0, 0x0, 0xbf, 0xff, 0xff,
    0xff, 0xe0, 0x4, 0xff, 0xf3, 0xff, 0xf3, 0xbf,
    0xfe, 0x10, 0x0, 0x0, 0xbf, 0xf8, 0x58, 0xff,
    0xe0, 0x11, 0x9e, 0x52, 0xff, 0xf3, 0x5f, 0xf6,
    0x10, 0x0, 0x0, 0xbf, 0xf4, 0x3, 0xff, 0xe0,
    0xef, 0xff, 0xff, 0xff, 0xff, 0xff, 0xff, 0xf5,
    0x0, 0x0, 0xbf, 0xf4, 0x3, 0xff, 0xe0, 0xef,
    0xff, 0xff, 0xff, 0xff, 0xff, 0xff, 0xf5, 0x0,
    0x0, 0xbf, 0xf7, 0x36, 0xff, 0xe0, 0xbc, 0xcc,
    0xcf, 0xff, 0xec, 0xcc, 0xcc, 0xc4, 0x0, 0x0,
    0xbf, 0xff, 0xff, 0xff, 0xe0, 0x0, 0x0, 0x2f,
    0xff, 0x10, 0x0, 0x0, 0x0, 0x0, 0x0, 0xbf,
    0xff, 0xff, 0xff, 0xe8, 0xdd, 0xdd, 0xef, 0xff,
    0xdd, 0xdd, 0xdd, 0xdd, 0x60, 0x0, 0xbf, 0xfa,
    0x79, 0xff, 0xe9, 0xff, 0xff, 0xff, 0xff, 0xff,
    0xff, 0xff, 0xff, 0x70, 0x0, 0xbf, 0xf4, 0x3,
    0xff, 0xe9, 0xff, 0xff, 0xff, 0xff, 0xff, 0xff,
    0xff, 0xff, 0x70, 0x0, 0xcf, 0xf4, 0x3, 0xff,
    0xe0, 0x1, 0xcf, 0xff, 0x30, 0x5, 0xff, 0xf6,
    0x0, 0x0, 0x0, 0xcf, 0xf7, 0x47, 0xff, 0xe0,
    0xb, 0xff, 0xf9, 0x22, 0x10, 0x9f, 0xff, 0x60,
    0x0, 0x0, 0xcf, 0xff, 0xff, 0xff, 0xe2, 0xdf,
    0xff, 0xd8, 0xff, 0xa0, 0xd, 0xff, 0xfb, 0x20,
    0x0, 0xcf, 0xff, 0xff, 0xff, 0xff, 0xff, 0xfe,
    0x18, 0xff, 0x90, 0x1, 0xdf, 0xff, 0xd0, 0x0,
    0xdf, 0xff, 0xff, 0xff, 0xff, 0xff, 0xf4, 0x2a,
    0xff, 0xa2, 0x22, 0x4e, 0xfe, 0x20, 0x0, 0xef,
    0xf3, 0x14, 0xff, 0xe9, 0xfc, 0xff, 0xff, 0xff,
    0xff, 0xff, 0xff, 0xb5, 0x0, 0x0, 0xff, 0xf0,
    0x3, 0xff, 0xe0, 0x24, 0xff, 0xff, 0xff, 0xff,
    0xff, 0xff, 0x10, 0x0, 0x0, 0xff, 0xf0, 0x3,
    0xff, 0xe0, 0x3, 0xcc, 0xdf, 0xff, 0xcc, 0xdf,
    0xff, 0x0, 0x0, 0x2, 0xff, 0xd0, 0x3, 0xff,
    0xe0, 0x0, 0x0, 0x8f, 0xfd, 0x0, 0x3f, 0xff,
    0x0, 0x0, 0x4, 0xff, 0xc0, 0x3, 0xff, 0xe0,
    0x0, 0x1, 0xef, 0xf8, 0x0, 0x4f, 0xfe, 0x0,
    0x0, 0x6, 0xff, 0xa0, 0x3, 0xff, 0xe0, 0x0,
    0xb, 0xff, 0xf2, 0x0, 0x6f, 0xfd, 0x0, 0x0,
    0x9, 0xff, 0x80, 0x3, 0xff, 0xe0, 0x0, 0xaf,
    0xff, 0x90, 0x0, 0x8f, 0xfb, 0x0, 0x0, 0xd,
    0xff, 0x54, 0x48, 0xff, 0xe0, 0x4d, 0xff, 0xfe,
    0x11, 0x1, 0xdf, 0xf9, 0x0, 0x0, 0x1f, 0xff,
    0x29, 0xff, 0xff, 0xc6, 0xff, 0xff, 0xe2, 0xe,
    0xff, 0xff, 0xf5, 0x0, 0x0, 0x4f, 0xfd, 0x4,
    0xff, 0xff, 0x60, 0xbf, 0xfc, 0x10, 0x9, 0xff,
    0xff, 0xe0, 0x0, 0x0, 0x1, 0x98, 0x1, 0xfe,
    0xc6, 0x0, 0x1d, 0x50, 0x0, 0x5, 0xdd, 0xd9,
    0x10, 0x0, 0x0, 0x0, 0x0, 0x0, 0x0, 0x0,
    0x0, 0x0, 0x0, 0x0, 0x0, 0x0, 0x0, 0x0,
    0x0, 0x0,

    /* U+53D6 "取" */
    0xe, 0xff, 0xff, 0xff, 0xff, 0xff, 0xff, 0xff,
    0x30, 0x0, 0x0, 0x0, 0x0, 0x0, 0x0, 0xe,
    0xff, 0xff, 0xff, 0xff, 0xff, 0xff, 0xff, 0x30,
    0x0, 0x0, 0x0, 0x0, 0x0, 0x0, 0xe, 0xff,
    0xff, 0xff, 0xff, 0xff, 0xff, 0xff, 0xdc, 0xcc,
    0xcc, 0xcc, 0xcd, 0xb7, 0x0, 0x5, 0x6e, 0xff,
    0xb6, 0x66, 0x7f, 0xff, 0x9c, 0xff, 0xff, 0xff,
    0xff, 0xff, 0xff, 0x10, 0x0, 0xd, 0xff, 0x80,
    0x0, 0x2f, 0xff, 0x4a, 0xff, 0xff, 0xff, 0xff,
    0xff, 0xff, 0x0, 0x0, 0xd, 0xff, 0x80, 0x0,
    0x2f, 0xff, 0x47, 0xab, 0xda, 0xaa, 0xaa, 0xef,
    0xfd, 0x0, 0x0, 0xd, 0xff, 0xed, 0xdd, 0xdf,
    0xff, 0x45, 0xcf, 0xf1, 0x0, 0x0, 0xef, 0xfb,
    0x0, 0x0, 0xd, 0xff, 0xff, 0xff, 0xff, 0xff,
    0x44, 0xff, 0xf4, 0x0, 0x2, 0xff, 0xf8, 0x0,
    0x0, 0xd, 0xff, 0xff, 0xff, 0xff, 0xff, 0x40,
    0xff, 0xf8, 0x0, 0x5, 0xff, 0xf5, 0x0, 0x0,
    0xd, 0xff, 0xb5, 0x55, 0x7f, 0xff, 0x40, 0xcf,
    0xfc, 0x0, 0x8, 0xff, 0xf1, 0x0, 0x0, 0xd,
    0xff, 0x80, 0x0, 0x2f, 0xff, 0x40, 0x8f, 0xff,
    0x0, 0xc, 0xff, 0xe0, 0x0, 0x0, 0xd, 0xff,
    0x80, 0x0, 0x2f, 0xff, 0x40, 0x4f, 0xff, 0x50,
    0x1f, 0xff, 0xa0, 0x0, 0x0, 0xd, 0xff, 0xa4,
    0x44, 0x5f, 0xff, 0x40, 0xf, 0xff, 0xb0, 0x7f,
    0xff, 0x60, 0x0, 0x0, 0xd, 0xff, 0xff, 0xff,
    0xff, 0xff, 0x40, 0xa, 0xff, 0xf1, 0xdf, 0xff,
    0x10, 0x0, 0x0, 0xd, 0xff, 0xff, 0xff, 0xff,
    0xff, 0x40, 0x4, 0xff, 0xfa, 0xff, 0xfb, 0x0,
    0x0, 0x0, 0xd, 0xff, 0xff, 0xff, 0xff, 0xff,
    0x40, 0x0, 0xdf, 0xff, 0xff, 0xf6, 0x0, 0x0,
    0x0, 0xd, 0xff, 0x80, 0x0, 0x2f, 0xff, 0x40,
    0x0, 0x7f, 0xff, 0xff, 0xe0, 0x0, 0x0, 0x0,
    0xd, 0xff, 0x80, 0x0, 0x2f, 0xff, 0x40, 0x0,
    0x1f, 0xff, 0xff, 0x70, 0x0, 0x0, 0x0, 0xd,
    0xff, 0x80, 0x1, 0x5f, 0xff, 0x40, 0x0, 0xa,
    0xff, 0xff, 0x0, 0x0, 0x0, 0x1, 0x3e, 0xff,
    0xed, 0xff, 0xff, 0xff, 0x40, 0x0, 0x3f, 0xff,
    0xff, 0x70, 0x0, 0x0, 0x8f, 0xff, 0xff, 0xff,
    0xff, 0xff, 0xff, 0x40, 0x1, 0xef, 0xff, 0xff,
    0xf5, 0x0, 0x0, 0x6f, 0xff, 0xff, 0xff, 0xff,
    0xff, 0xff, 0x40, 0x1d, 0xff, 0xff, 0xff, 0xff,
    0x40, 0x0, 0x3f, 0xff, 0xff, 0xda, 0x85, 0x4f,
    0xff, 0x44, 0xef, 0xff, 0xf6, 0xef, 0xff, 0xf8,
    0x0, 0xa, 0x75, 0x20, 0x0, 0x0, 0x2f, 0xff,
    0xbf, 0xff, 0xff, 0x50, 0x2e, 0xff, 0xff, 0xc1,
    0x0, 0x0, 0x0, 0x0, 0x0, 0x2f, 0xff, 0xaf,
    0xff, 0xf5, 0x0, 0x3, 0xef, 0xff, 0xa0, 0x0,
    0x0, 0x0, 0x0, 0x0, 0x2f, 0xff, 0x49, 0xfd,
    0x30, 0x0, 0x0, 0x1c, 0xfc, 0x0, 0x0, 0x0,
    0x0, 0x0, 0x0, 0x2f, 0xff, 0x40, 0x91, 0x0,
    0x0, 0x0, 0x0, 0x81, 0x0,

    /* U+53F2 "史" */
    0x0, 0x0, 0x0, 0x0, 0x0, 0x0, 0x34, 0x44,
    0x0, 0x0, 0x0, 0x0, 0x0, 0x0, 0x0, 0x0,
    0x0, 0x0, 0x0, 0x0, 0xb, 0xff, 0xf0, 0x0,
    0x0, 0x0, 0x0, 0x0, 0x0, 0x0, 0x0, 0x0,
    0x0, 0x0, 0x0, 0xbf, 0xff, 0x0, 0x0, 0x0,
    0x0, 0x0, 0x0, 0x0, 0x0, 0x0, 0x0, 0x0,
    0x0, 0xb, 0xff, 0xf0, 0x0, 0x0, 0x0, 0x0,
    0x0, 0x0, 0x0, 0x12, 0x22, 0x22, 0x22, 0x22,
    0xcf, 0xff, 0x22, 0x22, 0x22, 0x22, 0x22, 0x0,
    0x0, 0x9, 0xff, 0xff, 0xff, 0xff, 0xff, 0xff,
    0xff, 0xff, 0xff, 0xff, 0xff, 0xe0, 0x0, 0x0,
    0x9f, 0xff, 0xff, 0xff, 0xff, 0xff, 0xff, 0xff,
    0xff, 0xff, 0xff, 0xfe, 0x0, 0x0, 0x9, 0xff,
    0xff, 0xff, 0xff, 0xff, 0xff, 0xff, 0xff, 0xff,
    0xff, 0xff, 0xe0, 0x0, 0x0, 0x9f, 0xff, 0x44,
    0x44, 0x44, 0xcf, 0xff, 0x54, 0x44, 0x44, 0xdf,
    0xfe, 0x0, 0x0, 0x9, 0xff, 0xe0, 0x0, 0x0,
    0xb, 0xff, 0xf0, 0x0, 0x0, 0xc, 0xff, 0xe0,
    0x0, 0x0, 0x9f, 0xfe, 0x0, 0x0, 0x0, 0xbf,
    0xff, 0x0, 0x0, 0x0, 0xcf, 0xfe, 0x0, 0x0,
    0x9, 0xff, 0xe0, 0x0, 0x0, 0xb, 0xff, 0xf0,
    0x0, 0x0, 0xc, 0xff, 0xe0, 0x0, 0x0, 0x9f,
    0xff, 0x77, 0x77, 0x77, 0xdf, 0xff, 0x77, 0x77,
    0x77, 0xef, 0xfe, 0x0, 0x0, 0x9, 0xff, 0xff,
    0xff, 0xff, 0xff, 0xff, 0xff, 0xff, 0xff, 0xff,
    0xff, 0xe0, 0x0, 0x0, 0x9f, 0xff, 0xff, 0xff,
    0xff, 0xff, 0xff, 0xff, 0xff, 0xff, 0xff, 0xfe,
    0x0, 0x0, 0x9, 0xff, 0xff, 0xff, 0xff, 0xff,
    0xff, 0xff, 0xff, 0xff, 0xff, 0xff, 0xe0, 0x0,
    0x0, 0x0, 0x1, 0x61, 0x0, 0x0, 0xdf, 0xfe,
    0x0, 0x0, 0x0, 0x0, 0x0, 0x0, 0x0, 0x0,
    0x2a, 0xff, 0x90, 0x0, 0xf, 0xff, 0xb0, 0x0,
    0x0, 0x0, 0x0, 0x0, 0x0, 0x0, 0x0, 0xef,
    0xff, 0x40, 0x3, 0xff, 0xf8, 0x0, 0x0, 0x0,
    0x0, 0x0, 0x0, 0x0, 0x0, 0x5, 0xff, 0xfe,
    0x20, 0xaf, 0xff, 0x50, 0x0, 0x0, 0x0, 0x0,
    0x0, 0x0, 0x0, 0x0, 0xc, 0xff, 0xfd, 0x3f,
    0xff, 0xf1, 0x0, 0x0, 0x0, 0x0, 0x0, 0x0,
    0x0, 0x0, 0x0, 0x2f, 0xff, 0xff, 0xff, 0xfa,
    0x0, 0x0, 0x0, 0x0, 0x0, 0x0, 0x0, 0x0,
    0x0, 0x0, 0x4f, 0xff, 0xff, 0xff, 0x20, 0x0,
    0x0, 0x0, 0x0, 0x0, 0x0, 0x0, 0x0, 0x0,
    0x0, 0x8f, 0xff, 0xff, 0xf8, 0x20, 0x0, 0x0,
    0x0, 0x0, 0x0, 0x0, 0x0, 0x0, 0x2, 0x9f,
    0xff, 0xff, 0xff, 0xff, 0xd9, 0x63, 0x0, 0x0,
    0x0, 0x0, 0x0, 0x3, 0x7c, 0xff, 0xff, 0xff,
    0xff, 0xff, 0xff, 0xff, 0xff, 0xfd, 0xcb, 0xa9,
    0x92, 0x9f, 0xff, 0xff, 0xff, 0xfe, 0x53, 0xaf,
    0xff, 0xff, 0xff, 0xff, 0xff, 0xff, 0xfd, 0x2,
    0xff, 0xff, 0xff, 0xe7, 0x0, 0x0, 0x16, 0xae,
    0xff, 0xff, 0xff, 0xff, 0xff, 0x50, 0x6, 0xff,
    0xfa, 0x40, 0x0, 0x0, 0x0, 0x0, 0x2, 0x57,
    0x9c, 0xde, 0xff, 0xf0, 0x0, 0x6, 0x30, 0x0,
    0x0, 0x0, 0x0, 0x0, 0x0, 0x0, 0x0, 0x0,
    0x0, 0x11, 0x0,

    /* U+540D "名" */
    0x0, 0x0, 0x0, 0x0, 0x0, 0x24, 0x10, 0x0,
    0x0, 0x0, 0x0, 0x0, 0x0, 0x0, 0x0, 0x0,
    0x0, 0x0, 0xd, 0xff, 0xe6, 0x0, 0x0, 0x0,
    0x0, 0x0, 0x0, 0x0, 0x0, 0x0, 0x0, 0x8,
    0xff, 0xff, 0x10, 0x0, 0x0, 0x0, 0x0, 0x0,
    0x0, 0x0, 0x0, 0x0, 0x4, 0xff, 0xff, 0xa4,
    0x44, 0x44, 0x46, 0x10, 0x0, 0x0, 0x0, 0x0,
    0x0, 0x3, 0xff, 0xff, 0xff, 0xff, 0xff, 0xff,
    0xff, 0x80, 0x0, 0x0, 0x0, 0x0, 0x2, 0xef,
    0xff, 0xff, 0xff, 0xff, 0xff, 0xff, 0xfd, 0x0,
    0x0, 0x0, 0x0, 0x4, 0xef, 0xff, 0xfd, 0xdd,
    0xdd, 0xdd, 0xff, 0xff, 0x60, 0x0, 0x0, 0x0,
    0x6, 0xff, 0xff, 0xe3, 0x0, 0x0, 0x0, 0x2f,
    0xff, 0xe0, 0x0, 0x0, 0x0, 0x1a, 0xff, 0xff,
    0xfa, 0x0, 0x0, 0x0, 0xd, 0xff, 0xf5, 0x0,
    0x0, 0x0, 0x6f, 0xff, 0xff, 0xff, 0xfc, 0x10,
    0x0, 0x8, 0xff, 0xfc, 0x0, 0x0, 0x0, 0xc,
    0xff, 0xff, 0xcf, 0xff, 0xfe, 0x30, 0x6, 0xff,
    0xff, 0x20, 0x0, 0x0, 0x0, 0xc, 0xfe, 0x40,
    0x5f, 0xff, 0xff, 0x55, 0xff, 0xff, 0x50, 0x0,
    0x0, 0x0, 0x0, 0x18, 0x0, 0x0, 0x2e, 0xff,
    0xff, 0xff, 0xff, 0x90, 0x0, 0x0, 0x0, 0x0,
    0x0, 0x0, 0x0, 0x0, 0x1d, 0xff, 0xff, 0xff,
    0xa0, 0x0, 0x0, 0x0, 0x0, 0x0, 0x0, 0x0,
    0x0, 0x0, 0x3f, 0xff, 0xff, 0xb0, 0x0, 0x0,
    0x0, 0x0, 0x0, 0x0, 0x0, 0x0, 0x0, 0x7f,
    0xff, 0xff, 0xff, 0xff, 0xff, 0xff, 0xff, 0xfe,
    0x0, 0x0, 0x0, 0x3, 0xdf, 0xff, 0xff, 0xff,
    0xff, 0xff, 0xff, 0xff, 0xff, 0xe0, 0x0, 0x0,
    0x19, 0xff, 0xff, 0xff, 0xff, 0xff, 0xff, 0xff,
    0xff, 0xff, 0xfe, 0x0, 0x3, 0xaf, 0xff, 0xff,
    0xff, 0xf4, 0x44, 0x44, 0x44, 0x44, 0x4d, 0xff,
    0xe1, 0x9e, 0xff, 0xff, 0xff, 0xff, 0xff, 0x0,
    0x0, 0x0, 0x0, 0x0, 0xcf, 0xfe, 0xb, 0xff,
    0xff, 0xfe, 0x6a, 0xff, 0xf0, 0x0, 0x0, 0x0,
    0x0, 0xc, 0xff, 0xe0, 0x1f, 0xff, 0xd6, 0x0,
    0xaf, 0xff, 0x0, 0x0, 0x0, 0x0, 0x0, 0xcf,
    0xfe, 0x0, 0x69, 0x30, 0x0, 0xa, 0xff, 0xf0,
    0x0, 0x0, 0x0, 0x0, 0xc, 0xff, 0xe0, 0x0,
    0x0, 0x0, 0x0, 0xaf, 0xff, 0x0, 0x0, 0x0,
    0x0, 0x0, 0xcf, 0xfe, 0x0, 0x0, 0x0, 0x0,
    0xa, 0xff, 0xff, 0xff, 0xff, 0xff, 0xff, 0xff,
    0xff, 0xe0, 0x0, 0x0, 0x0, 0x0, 0xaf, 0xff,
    0xff, 0xff, 0xff, 0xff, 0xff, 0xff, 0xfe, 0x0,
    0x0, 0x0, 0x0, 0xa, 0xff, 0xff, 0xff, 0xff,
    0xff, 0xff, 0xff, 0xff, 0xe0, 0x0, 0x0, 0x0,
    0x0, 0xaf, 0xff, 0x44, 0x44, 0x44, 0x44, 0x44,
    0xdf, 0xfe, 0x0, 0x0, 0x0, 0x0, 0xa, 0xff,
    0xf0, 0x0, 0x0, 0x0, 0x0, 0xc, 0xff, 0xe0,
    0x0, 0x0, 0x0, 0x0, 0x0, 0x0, 0x0, 0x0,
    0x0, 0x0, 0x0, 0x0, 0x0,

    /* U+56DE "回" */
    0x9a, 0xaa, 0xaa, 0xaa, 0xaa, 0xaa, 0xaa, 0xaa,
    0xaa, 0xaa, 0xaa, 0xaa, 0xa8, 0xef, 0xff, 0xff,
    0xff, 0xff, 0xff, 0xff, 0xff, 0xff, 0xff, 0xff,
    0xff, 0xfd, 0xef, 0xff, 0xff, 0xff, 0xff, 0xff,
    0xff, 0xff, 0xff, 0xff, 0xff, 0xff, 0xfd, 0xef,
    0xff, 0xff, 0xff, 0xff, 0xff, 0xff, 0xff, 0xff,
    0xff, 0xff, 0xff, 0xfd, 0xef, 0xfd, 0x0, 0x0,
    0x0, 0x0, 0x0, 0x0, 0x0, 0x0, 0x1, 0xff,
    0xfd, 0xef, 0xfd, 0x0, 0x0, 0x0, 0x0, 0x0,
    0x0, 0x0, 0x0, 0x1, 0xff, 0xfd, 0xef, 0xfd,
    0x0, 0x0, 0x0, 0x0, 0x0, 0x0, 0x0, 0x0,
    0x1, 0xff, 0xfd, 0xef, 0xfd, 0x0, 0x3, 0x33,
    0x33, 0x33, 0x33, 0x33, 0x30, 0x1, 0xff, 0xfd,
    0xef, 0xfd, 0x0, 0x4f, 0xff, 0xff, 0xff, 0xff,
    0xff, 0xf0, 0x1, 0xff, 0xfd, 0xef, 0xfd, 0x0,
    0x4f, 0xff, 0xff, 0xff, 0xff, 0xff, 0xf0, 0x1,
    0xff, 0xfd, 0xef, 0xfd, 0x0, 0x4f, 0xff, 0xff,
    0xff, 0xff, 0xff, 0xf0, 0x1, 0xff, 0xfd, 0xef,
    0xfd, 0x0, 0x4f, 0xff, 0x10, 0x0, 0x9, 0xff,
    0xf0, 0x1, 0xff, 0xfd, 0xef, 0xfd, 0x0, 0x4f,
    0xff, 0x10, 0x0, 0x9, 0xff, 0xf0, 0x1, 0xff,
    0xfd, 0xef, 0xfd, 0x0, 0x4f, 0xff, 0x10, 0x0,
    0x9, 0xff, 0xf0, 0x1, 0xff, 0xfd, 0xef, 0xfd,
    0x0, 0x4f, 0xff, 0x10, 0x0, 0x9, 0xff, 0xf0,
    0x1, 0xff, 0xfd, 0xef, 0xfd, 0x0, 0x4f, 0xff,
    0x10, 0x0, 0x9, 0xff, 0xf0, 0x1, 0xff, 0xfd,
    0xef, 0xfd, 0x0, 0x4f, 0xff, 0xff, 0xff, 0xff,
    0xff, 0xf0, 0x1, 0xff, 0xfd, 0xef, 0xfd, 0x0,
    0x4f, 0xff, 0xff, 0xff, 0xff, 0xff, 0xf0, 0x1,
    0xff, 0xfd, 0xef, 0xfd, 0x0, 0x4f, 0xff, 0xff,
    0xff, 0xff, 0xff, 0xf0, 0x1, 0xff, 0xfd, 0xef,
    0xfd, 0x0, 0x2, 0x22, 0x22, 0x22, 0x22, 0x22,
    0x20, 0x1, 0xff, 0xfd, 0xef, 0xfd, 0x0, 0x0,
    0x0, 0x0, 0x0, 0x0, 0x0, 0x0, 0x1, 0xff,
    0xfd, 0xef, 0xfd, 0x0, 0x0, 0x0, 0x0, 0x0,
    0x0, 0x0, 0x0, 0x1, 0xff, 0xfd, 0xef, 0xfe,
    0x44, 0x44, 0x44, 0x44, 0x44, 0x44, 0x44, 0x44,
    0x45, 0xff, 0xfd, 0xef, 0xff, 0xff, 0xff, 0xff,
    0xff, 0xff, 0xff, 0xff, 0xff, 0xff, 0xff, 0xfd,
    0xef, 0xff, 0xff, 0xff, 0xff, 0xff, 0xff, 0xff,
    0xff, 0xff, 0xff, 0xff, 0xfd, 0xef, 0xff, 0xff,
    0xff, 0xff, 0xff, 0xff, 0xff, 0xff, 0xff, 0xff,
    0xff, 0xfd, 0xef, 0xfd, 0x0, 0x0, 0x0, 0x0,
    0x0, 0x0, 0x0, 0x0, 0x1, 0xff, 0xfd, 0xef,
    0xfd, 0x0, 0x0, 0x0, 0x0, 0x0, 0x0, 0x0,
    0x0, 0x1, 0xff, 0xfd,

    /* U+59CB "始" */
    0x0, 0x0, 0x23, 0x21, 0x0, 0x0, 0x0, 0x0,
    0x0, 0x42, 0x0, 0x0, 0x0, 0x0, 0x0, 0x0,
    0x0, 0x9f, 0xfb, 0x0, 0x0, 0x0, 0x0, 0x1,
    0xff, 0xd8, 0x0, 0x0, 0x0, 0x0, 0x0, 0x0,
    0xbf, 0xf9, 0x0, 0x0, 0x0, 0x0, 0x7, 0xff,
    0xf7, 0x0, 0x0, 0x0, 0x0, 0x0, 0x0, 0xdf,
    0xf6, 0x0, 0x0, 0x0, 0x0, 0xd, 0xff, 0xf1,
    0x0, 0x0, 0x0, 0x0, 0x0, 0x0, 0xff, 0xf4,
    0x13, 0x32, 0x0, 0x0, 0x5f, 0xff, 0x90, 0x0,
    0x10, 0x0, 0x0, 0x0, 0x2, 0xff, 0xf2, 0x6f,
    0xfc, 0x0, 0x0, 0xcf, 0xff, 0x10, 0x3b, 0xe1,
    0x0, 0x0, 0x0, 0x4, 0xff, 0xf4, 0x9f, 0xfe,
    0x81, 0x4, 0xff, 0xf9, 0x1, 0xff, 0xfb, 0x0,
    0x0, 0x2f, 0xff, 0xff, 0xff, 0xff, 0xff, 0xf2,
    0xd, 0xff, 0xe1, 0x0, 0x6f, 0xff, 0x60, 0x0,
    0xf, 0xff, 0xff, 0xff, 0xff, 0xff, 0xf1, 0x6f,
    0xff, 0x60, 0x0, 0xc, 0xff, 0xf2, 0x0, 0xe,
    0xff, 0xff, 0xed, 0xef, 0xfe, 0x73, 0xff, 0xfd,
    0x0, 0x0, 0x15, 0xff, 0xfb, 0x0, 0x3, 0x3f,
    0xff, 0x30, 0x8f, 0xfb, 0x2d, 0xff, 0xfe, 0xde,
    0xff, 0xff, 0xff, 0xff, 0x40, 0x0, 0x3f, 0xff,
    0x0, 0x9f, 0xf9, 0x9f, 0xff, 0xff, 0xff, 0xff,
    0xff, 0xff, 0xff, 0xc0, 0x0, 0x7f, 0xfc, 0x0,
    0xbf, 0xf8, 0x3f, 0xff, 0xff, 0xff, 0xff, 0xff,
    0xff, 0xff, 0xf3, 0x0, 0xaf, 0xf8, 0x0, 0xcf,
    0xf7, 0xd, 0xfe, 0xcb, 0x97, 0x64, 0x32, 0x1,
    0xff, 0xc3, 0x0, 0xef, 0xf5, 0x0, 0xff, 0xf5,
    0x3, 0x10, 0x0, 0x0, 0x0, 0x0, 0x0, 0x95,
    0x0, 0x3, 0xff, 0xf2, 0x4, 0xff, 0xf2, 0x0,
    0x0, 0x0, 0x0, 0x0, 0x0, 0x0, 0x0, 0x0,
    0x7, 0xff, 0xfc, 0x18, 0xff, 0xe0, 0x5, 0xff,
    0xff, 0xff, 0xff, 0xff, 0xff, 0xf8, 0x0, 0x1,
    0xcf, 0xff, 0xed, 0xff, 0xa0, 0x5, 0xff, 0xff,
    0xff, 0xff, 0xff, 0xff, 0xf8, 0x0, 0x0, 0xa,
    0xff, 0xff, 0xff, 0x50, 0x5, 0xff, 0xff, 0xff,
    0xff, 0xff, 0xff, 0xf8, 0x0, 0x0, 0x0, 0x8f,
    0xff, 0xff, 0x0, 0x5, 0xff, 0xf3, 0x33, 0x33,
    0x33, 0xff, 0xf8, 0x0, 0x0, 0x0, 0x8, 0xff,
    0xff, 0x80, 0x5, 0xff, 0xe0, 0x0, 0x0, 0x0,
    0xef, 0xf8, 0x0, 0x0, 0x0, 0xd, 0xff, 0xff,
    0xfa, 0x5, 0xff, 0xe0, 0x0, 0x0, 0x0, 0xef,
    0xf8, 0x0, 0x0, 0x0, 0xaf, 0xff, 0xff, 0xff,
    0xa5, 0xff, 0xe0, 0x0, 0x0, 0x0, 0xef, 0xf8,
    0x0, 0x0, 0x7, 0xff, 0xfd, 0x3f, 0xff, 0xd6,
    0xff, 0xe0, 0x0, 0x0, 0x0, 0xef, 0xf8, 0x0,
    0x0, 0x9f, 0xff, 0xf3, 0x3, 0xfe, 0x25, 0xff,
    0xfe, 0xee, 0xee, 0xee, 0xff, 0xf8, 0x0, 0xb,
    0xff, 0xff, 0x70, 0x0, 0x44, 0x5, 0xff, 0xff,
    0xff, 0xff, 0xff, 0xff, 0xf8, 0x0, 0xc, 0xff,
    0xf9, 0x0, 0x0, 0x0, 0x5, 0xff, 0xff, 0xff,
    0xff, 0xff, 0xff, 0xf8, 0x0, 0x1, 0xdf, 0x90,
    0x0, 0x0, 0x0, 0x5, 0xff, 0xf3, 0x33, 0x33,
    0x33, 0xff, 0xf8, 0x0, 0x0, 0x39, 0x0, 0x0,
    0x0, 0x0, 0x5, 0xff, 0xe0, 0x0, 0x0, 0x0,
    0xef, 0xf8, 0x0,

    /* U+5B58 "存" */
    0x0, 0x0, 0x0, 0x0, 0x0, 0x4, 0x10, 0x0,
    0x0, 0x0, 0x0, 0x0, 0x0, 0x0, 0x0, 0x0,
    0x0, 0x0, 0x0, 0x0, 0xf, 0xfe, 0x90, 0x0,
    0x0, 0x0, 0x0, 0x0, 0x0, 0x0, 0x0, 0x0,
    0x0, 0x0, 0x0, 0x5f, 0xff, 0xa0, 0x0, 0x0,
    0x0, 0x0, 0x0, 0x0, 0x0, 0x0, 0x0, 0x0,
    0x0, 0x0, 0xaf, 0xff, 0x50, 0x0, 0x0, 0x0,
    0x0, 0x0, 0x0, 0x0, 0x0, 0x77, 0x77, 0x77,
    0x77, 0xff, 0xff, 0x87, 0x77, 0x77, 0x77, 0x77,
    0x77, 0x77, 0x40, 0x1, 0xff, 0xff, 0xff, 0xff,
    0xff, 0xff, 0xff, 0xff, 0xff, 0xff, 0xff, 0xff,
    0xff, 0x90, 0x1, 0xff, 0xff, 0xff, 0xff, 0xff,
    0xff, 0xff, 0xff, 0xff, 0xff, 0xff, 0xff, 0xff,
    0x90, 0x1, 0xff, 0xff, 0xff, 0xff, 0xff, 0xff,
    0xff, 0xff, 0xff, 0xff, 0xff, 0xff, 0xff, 0x90,
    0x0, 0x0, 0x0, 0x0, 0xdf, 0xff, 0x30, 0x0,
    0x0, 0x0, 0x0, 0x0, 0x0, 0x0, 0x0, 0x0,
    0x0, 0x0, 0x6, 0xff, 0xfb, 0x0, 0x0, 0x0,
    0x0, 0x0, 0x0, 0x0, 0x0, 0x0, 0x0, 0x0,
    0x0, 0x1e, 0xff, 0xf2, 0xf, 0xff, 0xff, 0xff,
    0xff, 0xff, 0xfd, 0x20, 0x0, 0x0, 0x0, 0x0,
    0xbf, 0xff, 0x90, 0xf, 0xff, 0xff, 0xff, 0xff,
    0xff, 0xff, 0xf3, 0x0, 0x0, 0x0, 0x7, 0xff,
    0xfd, 0x0, 0xf, 0xff, 0xff, 0xff, 0xff, 0xff,
    0xff, 0xa0, 0x0, 0x0, 0x0, 0x5f, 0xff, 0xf3,
    0x0, 0x4, 0x44, 0x44, 0x44, 0x7f, 0xff, 0xfa,
    0x0, 0x0, 0x0, 0x5, 0xff, 0xff, 0xe0, 0x0,
    0x0, 0x0, 0x0, 0x5, 0xff, 0xff, 0x80, 0x0,
    0x0, 0x0, 0x6f, 0xff, 0xff, 0xe0, 0x0, 0x0,
    0x0, 0x0, 0x7f, 0xff, 0xf5, 0x0, 0x0, 0x0,
    0xa, 0xff, 0xff, 0xff, 0xe0, 0x0, 0x0, 0x0,
    0x0, 0xaf, 0xff, 0x30, 0x0, 0x0, 0x0, 0xd,
    0xff, 0xff, 0xff, 0xe0, 0x13, 0x33, 0x33, 0x33,
    0xcf, 0xff, 0x33, 0x33, 0x33, 0x30, 0x5, 0xff,
    0xbc, 0xff, 0xe0, 0x4f, 0xff, 0xff, 0xff, 0xff,
    0xff, 0xff, 0xff, 0xff, 0xf1, 0x0, 0xe8, 0xb,
    0xff, 0xe0, 0x4f, 0xff, 0xff, 0xff, 0xff, 0xff,
    0xff, 0xff, 0xff, 0xf1, 0x0, 0x10, 0xb, 0xff,
    0xe0, 0x4f, 0xff, 0xff, 0xff, 0xff, 0xff, 0xff,
    0xff, 0xff, 0xf1, 0x0, 0x0, 0xb, 0xff, 0xe0,
    0x1, 0x11, 0x11, 0x11, 0xbf, 0xff, 0x11, 0x11,
    0x11, 0x10, 0x0, 0x0, 0xb, 0xff, 0xe0, 0x0,
    0x0, 0x0, 0x0, 0xaf, 0xfe, 0x0, 0x0, 0x0,
    0x0, 0x0, 0x0, 0xb, 0xff, 0xe0, 0x0, 0x0,
    0x0, 0x0, 0xaf, 0xfe, 0x0, 0x0, 0x0, 0x0,
    0x0, 0x0, 0xb, 0xff, 0xe0, 0x0, 0x0, 0x0,
    0x0, 0xaf, 0xfe, 0x0, 0x0, 0x0, 0x0, 0x0,
    0x0, 0xb, 0xff, 0xe0, 0x0, 0x0, 0x66, 0x55,
    0xdf, 0xfe, 0x0, 0x0, 0x0, 0x0, 0x0, 0x0,
    0xb, 0xff, 0xe0, 0x0, 0x0, 0xcf, 0xff, 0xff,
    0xfc, 0x0, 0x0, 0x0, 0x0, 0x0, 0x0, 0xb,
    0xff, 0xe0, 0x0, 0x0, 0x6f, 0xff, 0xff, 0xf6,
    0x0, 0x0, 0x0, 0x0, 0x0, 0x0, 0xa, 0xee,
    0xd0, 0x0, 0x0, 0x3f, 0xff, 0xda, 0x50, 0x0,
    0x0, 0x0, 0x0, 0x0, 0x0, 0x0, 0x0, 0x0,
    0x0, 0x0, 0x0, 0x0, 0x0, 0x0, 0x0, 0x0,
    0x0, 0x0,

    /* U+5B9A "定" */
    0x0, 0x0, 0x0, 0x0, 0x0, 0x0, 0x3, 0x79,
    0x0, 0x0, 0x0, 0x0, 0x0, 0x0, 0x0, 0x0,
    0x0, 0x0, 0x0, 0x0, 0x0, 0xbf, 0xff, 0x30,
    0x0, 0x0, 0x0, 0x0, 0x0, 0x0, 0x0, 0x0,
    0x0, 0x0, 0x0, 0x0, 0x6f, 0xff, 0xb0, 0x0,
    0x0, 0x0, 0x0, 0x0, 0x0, 0x0, 0x44, 0x44,
    0x44, 0x44, 0x44, 0x5f, 0xff, 0xf5, 0x44, 0x44,
    0x44, 0x44, 0x44, 0x0, 0x0, 0xef, 0xff, 0xff,
    0xff, 0xff, 0xff, 0xff, 0xff, 0xff, 0xff, 0xff,
    0xff, 0xfe, 0x0, 0x0, 0xef, 0xff, 0xff, 0xff,
    0xff, 0xff, 0xff, 0xff, 0xff, 0xff, 0xff, 0xff,
    0xfe, 0x0, 0x0, 0xef, 0xff, 0xff, 0xff, 0xff,
    0xff, 0xff, 0xff, 0xff, 0xff, 0xff, 0xff, 0xfe,
    0x0, 0x0, 0xef, 0xfa, 0x11, 0x11, 0x11, 0x11,
    0x11, 0x11, 0x11, 0x11, 0x11, 0xcf, 0xfe, 0x0,
    0x0, 0xef, 0xf9, 0x0, 0x0, 0x0, 0x0, 0x0,
    0x0, 0x0, 0x0, 0x0, 0xcf, 0xfe, 0x0, 0x0,
    0xef, 0xf9, 0x24, 0x44, 0x44, 0x44, 0x44, 0x44,
    0x44, 0x44, 0x40, 0xcf, 0xfe, 0x0, 0x0, 0xef,
    0xf9, 0x8f, 0xff, 0xff, 0xff, 0xff, 0xff, 0xff,
    0xff, 0xf1, 0xcf, 0xfe, 0x0, 0x0, 0x33, 0x32,
    0x8f, 0xff, 0xff, 0xff, 0xff, 0xff, 0xff, 0xff,
    0xf1, 0x23, 0x33, 0x0, 0x0, 0x0, 0x0, 0x8f,
    0xff, 0xff, 0xff, 0xff, 0xff, 0xff, 0xff, 0xf1,
    0x0, 0x0, 0x0, 0x0, 0x0, 0x0, 0x12, 0x22,
    0x22, 0x3f, 0xff, 0xb2, 0x22, 0x22, 0x20, 0x0,
    0x0, 0x0, 0x0, 0x0, 0x0, 0x54, 0x20, 0x0,
    0x1f, 0xff, 0xa0, 0x0, 0x0, 0x0, 0x0, 0x0,
    0x0, 0x0, 0x0, 0x3, 0xff, 0xf6, 0x0, 0x1f,
    0xff, 0xa0, 0x0, 0x0, 0x0, 0x0, 0x0, 0x0,
    0x0, 0x0, 0x5, 0xff, 0xf4, 0x0, 0x1f, 0xff,
    0xb3, 0x33, 0x33, 0x33, 0x30, 0x0, 0x0, 0x0,
    0x0, 0x8, 0xff, 0xf1, 0x0, 0x1f, 0xff, 0xff,
    0xff, 0xff, 0xff, 0xf1, 0x0, 0x0, 0x0, 0x0,
    0xa, 0xff, 0xf0, 0x0, 0x1f, 0xff, 0xff, 0xff,
    0xff, 0xff, 0xf1, 0x0, 0x0, 0x0, 0x0, 0xf,
    0xff, 0xf2, 0x0, 0x1f, 0xff, 0xff, 0xff, 0xff,
    0xff, 0xf1, 0x0, 0x0, 0x0, 0x0, 0x4f, 0xff,
    0xfa, 0x0, 0x1f, 0xff, 0xb1, 0x11, 0x11, 0x11,
    0x10, 0x0, 0x0, 0x0, 0x0, 0x8f, 0xff, 0xff,
    0x40, 0x1f, 0xff, 0xa0, 0x0, 0x0, 0x0, 0x0,
    0x0, 0x0, 0x0, 0x0, 0xef, 0xff, 0xff, 0xe2,
    0x1f, 0xff, 0xa0, 0x0, 0x0, 0x0, 0x0, 0x0,
    0x0, 0x0, 0x7, 0xff, 0xfc, 0xff, 0xfe, 0x7f,
    0xff, 0xa0, 0x0, 0x0, 0x0, 0x0, 0x0, 0x0,
    0x0, 0x1f, 0xff, 0xe0, 0xbf, 0xff, 0xff, 0xff,
    0xa0, 0x0, 0x0, 0x0, 0x0, 0x0, 0x0, 0x0,
    0xcf, 0xff, 0x70, 0x1c, 0xff, 0xff, 0xff, 0xec,
    0xba, 0x99, 0x99, 0x99, 0x99, 0x90, 0xb, 0xff,
    0xfe, 0x10, 0x1, 0xbf, 0xff, 0xff, 0xff, 0xff,
    0xff, 0xff, 0xff, 0xff, 0x80, 0xa, 0xff, 0xf4,
    0x0, 0x0, 0x5, 0xdf, 0xff, 0xff, 0xff, 0xff,
    0xff, 0xff, 0xff, 0x20, 0x0, 0x6f, 0x70, 0x0,
    0x0, 0x0, 0x1, 0x59, 0xcd, 0xef, 0xff, 0xff,
    0xff, 0xfe, 0x0, 0x0, 0x3, 0x0, 0x0, 0x0,
    0x0, 0x0, 0x0, 0x0, 0x0, 0x0, 0x0, 0x0,
    0x0, 0x0,

    /* U+5BB6 "家" */
    0x0, 0x0, 0x0, 0x0, 0x0, 0x0, 0x15, 0xa3,
    0x0, 0x0, 0x0, 0x0, 0x0, 0x0, 0x0, 0x0,
    0x0, 0x0, 0x0, 0x0, 0x8f, 0xff, 0xa0, 0x0,
    0x0, 0x0, 0x0, 0x0, 0x0, 0x1, 0x11, 0x11,
    0x11, 0x11, 0x15, 0xff, 0xff, 0x31, 0x11, 0x11,
    0x11, 0x11, 0x10, 0x0, 0xef, 0xff, 0xff, 0xff,
    0xff, 0xff, 0xff, 0xff, 0xff, 0xff, 0xff, 0xff,
    0xff, 0x10, 0xe, 0xff, 0xff, 0xff, 0xff, 0xff,
    0xff, 0xff, 0xff, 0xff, 0xff, 0xff, 0xff, 0xf1,
    0x0, 0xef, 0xff, 0xff, 0xff, 0xff, 0xff, 0xff,
    0xff, 0xff, 0xff, 0xff, 0xff, 0xff, 0x10, 0xe,
    0xff, 0xa2, 0x22, 0x22, 0x22, 0x22, 0x22, 0x22,
    0x22, 0x22, 0x2a, 0xff, 0xf1, 0x0, 0xef, 0xf9,
    0x1, 0x11, 0x11, 0x11, 0x11, 0x11, 0x11, 0x11,
    0x10, 0x9f, 0xff, 0x10, 0xe, 0xff, 0x97, 0xff,
    0xff, 0xff, 0xff, 0xff, 0xff, 0xff, 0xff, 0x69,
    0xff, 0xf1, 0x0, 0xbb, 0xb6, 0x7f, 0xff, 0xff,
    0xff, 0xff, 0xff, 0xff, 0xff, 0xf6, 0x7b, 0xbb,
    0x0, 0x0, 0x0, 0x7, 0xff, 0xff, 0xff, 0xff,
    0xff, 0xff, 0xff, 0xff, 0x60, 0x0, 0x0, 0x0,
    0x0, 0x0, 0x0, 0x1, 0x8e, 0xff, 0xfd, 0x20,
    0x0, 0x0, 0x4, 0x0, 0x0, 0x0, 0x0, 0x0,
    0x0, 0x3a, 0xff, 0xff, 0xff, 0x20, 0x0, 0x0,
    0x1d, 0xf8, 0x0, 0x0, 0x0, 0x1, 0x59, 0xef,
    0xff, 0xff, 0xff, 0xfc, 0x0, 0x0, 0x2e, 0xff,
    0xfb, 0x0, 0x0, 0xa, 0xff, 0xff, 0xff, 0xfc,
    0x56, 0xff, 0xf9, 0x0, 0x5f, 0xff, 0xff, 0x60,
    0x0, 0x0, 0x2f, 0xff, 0xff, 0xa3, 0x2, 0xbf,
    0xff, 0xf3, 0x9f, 0xff, 0xfd, 0x20, 0x0, 0x0,
    0x0, 0x8f, 0xa5, 0x0, 0x29, 0xff, 0xff, 0xff,
    0xff, 0xff, 0xfa, 0x0, 0x0, 0x0, 0x0, 0x0,
    0x0, 0x4, 0xbf, 0xff, 0xfd, 0xaf, 0xff, 0xff,
    0xff, 0xa0, 0x0, 0x0, 0x0, 0x0, 0x3, 0x9e,
    0xff, 0xff, 0xe7, 0x5, 0xff, 0xff, 0xcf, 0xff,
    0x10, 0x0, 0x0, 0x0, 0xbf, 0xff, 0xff, 0xfe,
    0x70, 0x8, 0xff, 0xff, 0xa1, 0xff, 0xf9, 0x0,
    0x0, 0x0, 0x8, 0xff, 0xff, 0xd6, 0x0, 0x4d,
    0xff, 0xff, 0xfc, 0xa, 0xff, 0xf4, 0x0, 0x0,
    0x0, 0xd, 0xe9, 0x30, 0x3, 0xbf, 0xff, 0xff,
    0xff, 0xe0, 0x2f, 0xff, 0xe1, 0x0, 0x0, 0x0,
    0x10, 0x0, 0x4b, 0xff, 0xff, 0xf7, 0xbf, 0xfe,
    0x0, 0x8f, 0xff, 0xd2, 0x0, 0x0, 0x0, 0x28,
    0xef, 0xff, 0xff, 0xa1, 0xd, 0xff, 0xd0, 0x0,
    0xdf, 0xff, 0xe4, 0x0, 0x39, 0xdf, 0xff, 0xff,
    0xfb, 0x30, 0x3, 0xff, 0xfa, 0x0, 0x2, 0xef,
    0xff, 0xfb, 0x12, 0xff, 0xff, 0xff, 0xa3, 0x55,
    0x46, 0xef, 0xff, 0x60, 0x0, 0x2, 0xef, 0xff,
    0xa0, 0x7, 0xff, 0xe8, 0x20, 0x7, 0xff, 0xff,
    0xff, 0xe0, 0x0, 0x0, 0x2, 0xcf, 0xd0, 0x0,
    0x9, 0x40, 0x0, 0x0, 0x1f, 0xff, 0xff, 0xf3,
    0x0, 0x0, 0x0, 0x0, 0x62, 0x0, 0x0, 0x0,
    0x0, 0x0, 0x0, 0xef, 0xfd, 0xa2, 0x0, 0x0,
    0x0, 0x0, 0x0, 0x0, 0x0, 0x0, 0x0, 0x0,
    0x0, 0x0, 0x0, 0x0, 0x0, 0x0, 0x0, 0x0,
    0x0, 0x0, 0x0,

    /* U+5C0D "對" */
    0x0, 0x0, 0x6, 0x77, 0x4, 0x77, 0x10, 0x0,
    0x0, 0x0, 0x0, 0x16, 0x66, 0x10, 0x0, 0x0,
    0x30, 0xdf, 0xf0, 0xaf, 0xf3, 0x11, 0x0, 0x0,
    0x0, 0x3, 0xff, 0xf3, 0x0, 0x4, 0xdf, 0x2d,
    0xff, 0xa, 0xff, 0x3c, 0xf7, 0x0, 0x0, 0x0,
    0x3f, 0xff, 0x30, 0x0, 0x6f, 0xfe, 0xef, 0xf0,
    0xaf, 0xfa, 0xff, 0xf5, 0x0, 0x0, 0x3, 0xff,
    0xf3, 0x0, 0x0, 0xaf, 0xff, 0xff, 0xa, 0xff,
    0xff, 0xf6, 0x0, 0x0, 0x0, 0x3f, 0xff, 0x30,
    0x0, 0x1, 0xed, 0xef, 0xf0, 0xaf, 0xff, 0xf6,
    0x0, 0x0, 0x0, 0x3, 0xff, 0xf3, 0x0, 0x2,
    0x25, 0x3d, 0xff, 0x2b, 0xff, 0x87, 0x22, 0x0,
    0x0, 0x0, 0x3f, 0xff, 0x30, 0x0, 0xef, 0xff,
    0xff, 0xff, 0xff, 0xff, 0xff, 0xf2, 0x0, 0x0,
    0x3, 0xff, 0xf3, 0x0, 0xe, 0xff, 0xff, 0xff,
    0xff, 0xff, 0xff, 0xff, 0xdf, 0xff, 0xff, 0xff,
    0xff, 0xff, 0x80, 0xbc, 0xce, 0xfd, 0xcc, 0xcd,
    0xfe, 0xcc, 0xcd, 0xff, 0xff, 0xff, 0xff, 0xff,
    0xf8, 0x0, 0x5, 0xff, 0xb0, 0x0, 0x3f, 0xfb,
    0x10, 0xbf, 0xff, 0xff, 0xff, 0xff, 0xff, 0x80,
    0x0, 0x2f, 0xff, 0x50, 0x9, 0xff, 0xc0, 0x4,
    0x66, 0x66, 0x68, 0xff, 0xf8, 0x63, 0x0, 0x0,
    0x8f, 0xfc, 0x0, 0xef, 0xf4, 0x0, 0x0, 0x0,
    0x0, 0x3f, 0xff, 0x30, 0x0, 0x2, 0x23, 0xfc,
    0x32, 0x7f, 0xfe, 0x22, 0x0, 0x5, 0x60, 0x3,
    0xff, 0xf3, 0x0, 0x0, 0xff, 0xff, 0xff, 0xff,
    0xff, 0xff, 0xf4, 0x3f, 0xff, 0x10, 0x3f, 0xff,
    0x30, 0x0, 0xf, 0xff, 0xff, 0xff, 0xff, 0xff,
    0xff, 0x40, 0xef, 0xf8, 0x3, 0xff, 0xf3, 0x0,
    0x0, 0xbb, 0xbb, 0xbf, 0xff, 0xdb, 0xbb, 0xb3,
    0x8, 0xff, 0xf0, 0x3f, 0xff, 0x30, 0x0, 0x0,
    0x0, 0x0, 0xff, 0xf5, 0x0, 0x0, 0x0, 0x1f,
    0xff, 0x53, 0xff, 0xf3, 0x0, 0x0, 0x5b, 0xbb,
    0xbf, 0xff, 0xdb, 0xbb, 0xa0, 0x0, 0xcf, 0xfa,
    0x3f, 0xff, 0x30, 0x0, 0x7, 0xff, 0xff, 0xff,
    0xff, 0xff, 0xfe, 0x0, 0x8, 0xff, 0xa3, 0xff,
    0xf3, 0x0, 0x0, 0x7f, 0xff, 0xff, 0xff, 0xff,
    0xff, 0xe0, 0x0, 0x37, 0x20, 0x3f, 0xff, 0x30,
    0x0, 0x1, 0x22, 0x22, 0xff, 0xf7, 0x22, 0x22,
    0x0, 0x0, 0x0, 0x3, 0xff, 0xf3, 0x0, 0x0,
    0x0, 0x0, 0xf, 0xff, 0x50, 0x0, 0x13, 0x0,
    0x0, 0x0, 0x3f, 0xff, 0x30, 0x0, 0x0, 0x0,
    0x2, 0xff, 0xfc, 0xbd, 0xff, 0xf2, 0x0, 0x0,
    0x3, 0xff, 0xf3, 0x0, 0x9, 0xbd, 0xff, 0xff,
    0xff, 0xff, 0xff, 0xff, 0x20, 0x0, 0x0, 0x3f,
    0xff, 0x30, 0x0, 0xef, 0xff, 0xff, 0xff, 0xff,
    0xff, 0xff, 0xf3, 0x2, 0x65, 0x59, 0xff, 0xf2,
    0x0, 0xb, 0xff, 0xff, 0xff, 0xff, 0xec, 0xa8,
    0x64, 0x0, 0x1f, 0xff, 0xff, 0xff, 0x0, 0x0,
    0x8c, 0xa8, 0x75, 0x31, 0x0, 0x0, 0x0, 0x0,
    0x0, 0xbf, 0xff, 0xff, 0x80, 0x0, 0x0, 0x0,
    0x0, 0x0, 0x0, 0x0, 0x0, 0x0, 0x0, 0x6,
    0xff, 0xea, 0x50, 0x0, 0x0,

    /* U+5C1A "尚" */
    0x0, 0x0, 0x0, 0x0, 0x0, 0x68, 0x85, 0x0,
    0x0, 0x0, 0x0, 0x0, 0x0, 0x6, 0x70, 0x0,
    0x0, 0xb, 0xff, 0xa0, 0x0, 0x0, 0xd, 0xa5,
    0x0, 0x7f, 0xff, 0x40, 0x0, 0x0, 0xbf, 0xfa,
    0x0, 0x0, 0x7, 0xff, 0xfd, 0x4, 0xff, 0xfe,
    0x10, 0x0, 0xb, 0xff, 0xa0, 0x0, 0x0, 0xef,
    0xff, 0x50, 0x9, 0xff, 0xfb, 0x0, 0x0, 0xbf,
    0xfa, 0x0, 0x0, 0x8f, 0xff, 0xb0, 0x0, 0xe,
    0xff, 0xf5, 0x0, 0xb, 0xff, 0xa0, 0x0, 0x2f,
    0xff, 0xf2, 0x0, 0x0, 0x5f, 0xff, 0xd0, 0x0,
    0xbf, 0xfa, 0x0, 0xc, 0xff, 0xf6, 0x0, 0x0,
    0x0, 0xdf, 0xd6, 0x0, 0xb, 0xff, 0xa0, 0x2,
    0xcf, 0xfa, 0x0, 0x0, 0x0, 0x5, 0x40, 0x0,
    0x0, 0xbf, 0xfa, 0x0, 0x0, 0x28, 0x0, 0x0,
    0xa, 0xff, 0xff, 0xff, 0xff, 0xff, 0xff, 0xff,
    0xff, 0xff, 0xff, 0xff, 0xe0, 0xaf, 0xff, 0xff,
    0xff, 0xff, 0xff, 0xff, 0xff, 0xff, 0xff, 0xff,
    0xfe, 0xa, 0xff, 0xff, 0xff, 0xff, 0xff, 0xff,
    0xff, 0xff, 0xff, 0xff, 0xff, 0xe0, 0xaf, 0xff,
    0x55, 0x55, 0x55, 0x55, 0x55, 0x55, 0x55, 0x55,
    0xcf, 0xfe, 0xa, 0xff, 0xe0, 0x0, 0x0, 0x0,
    0x0, 0x0, 0x0, 0x0, 0x9, 0xff, 0xe0, 0xaf,
    0xfe, 0x0, 0x14, 0x44, 0x44, 0x44, 0x44, 0x41,
    0x0, 0x9f, 0xfe, 0xa, 0xff, 0xe0, 0x5, 0xff,
    0xff, 0xff, 0xff, 0xff, 0x60, 0x9, 0xff, 0xe0,
    0xaf, 0xfe, 0x0, 0x5f, 0xff, 0xff, 0xff, 0xff,
    0xf6, 0x0, 0x9f, 0xfe, 0xa, 0xff, 0xe0, 0x5,
    0xff, 0xfb, 0xbb, 0xbf, 0xff, 0x60, 0x9, 0xff,
    0xe0, 0xaf, 0xfe, 0x0, 0x5f, 0xfe, 0x0, 0x0,
    0xef, 0xf6, 0x0, 0x9f, 0xfe, 0xa, 0xff, 0xe0,
    0x5, 0xff, 0xe0, 0x0, 0xe, 0xff, 0x60, 0x9,
    0xff, 0xe0, 0xaf, 0xfe, 0x0, 0x5f, 0xfe, 0x22,
    0x22, 0xef, 0xf6, 0x0, 0x9f, 0xfe, 0xa, 0xff,
    0xe0, 0x5, 0xff, 0xff, 0xff, 0xff, 0xff, 0x60,
    0x9, 0xff, 0xe0, 0xaf, 0xfe, 0x0, 0x5f, 0xff,
    0xff, 0xff, 0xff, 0xf6, 0x0, 0x9f, 0xfe, 0xa,
    0xff, 0xe0, 0x5, 0xff, 0xfc, 0xcc, 0xcc, 0xcc,
    0x50, 0x9, 0xff, 0xe0, 0xaf, 0xfe, 0x0, 0x5f,
    0xfe, 0x0, 0x0, 0x0, 0x0, 0x0, 0x9f, 0xfe,
    0xa, 0xff, 0xe0, 0x3, 0xbb, 0xa0, 0x0, 0x0,
    0x7, 0x77, 0x7d, 0xff, 0xe0, 0xaf, 0xfe, 0x0,
    0x0, 0x0, 0x0, 0x0, 0x0, 0x9f, 0xff, 0xff,
    0xfc, 0xa, 0xff, 0xe0, 0x0, 0x0, 0x0, 0x0,
    0x0, 0x3, 0xff, 0xff, 0xff, 0x40, 0xaf, 0xfe,
    0x0, 0x0, 0x0, 0x0, 0x0, 0x0, 0xd, 0xdd,
    0xb7, 0x20, 0x0,

    /* U+5C40 "局" */
    0x0, 0x0, 0x1, 0x11, 0x11, 0x11, 0x11, 0x11,
    0x11, 0x11, 0x11, 0x11, 0x10, 0x0, 0x0, 0x0,
    0xcf, 0xff, 0xff, 0xff, 0xff, 0xff, 0xff, 0xff,
    0xff, 0xff, 0xfa, 0x0, 0x0, 0x0, 0xcf, 0xff,
    0xff, 0xff, 0xff, 0xff, 0xff, 0xff, 0xff, 0xff,
    0xfa, 0x0, 0x0, 0x0, 0xcf, 0xff, 0xff, 0xff,
    0xff, 0xff, 0xff, 0xff, 0xff, 0xff, 0xfa, 0x0,
    0x0, 0x0, 0xcf, 0xfc, 0x0, 0x0, 0x0, 0x0,
    0x0, 0x0, 0x0, 0xff, 0xfa, 0x0, 0x0, 0x0,
    0xcf, 0xfc, 0x0, 0x0, 0x0, 0x0, 0x0, 0x0,
    0x0, 0xff, 0xfa, 0x0, 0x0, 0x0, 0xcf, 0xfd,
    0x44, 0x44, 0x44, 0x44, 0x44, 0x44, 0x44, 0xff,
    0xfa, 0x0, 0x0, 0x0, 0xcf, 0xff, 0xff, 0xff,
    0xff, 0xff, 0xff, 0xff, 0xff, 0xff, 0xfa, 0x0,
    0x0, 0x0, 0xcf, 0xff, 0xff, 0xff, 0xff, 0xff,
    0xff, 0xff, 0xff, 0xff, 0xfa, 0x0, 0x0, 0x0,
    0xdf, 0xff, 0xcc, 0xcc, 0xcc, 0xcc, 0xcc, 0xcc,
    0xcc, 0xcc, 0xc8, 0x0, 0x0, 0x0, 0xdf, 0xfb,
    0x0, 0x0, 0x0, 0x0, 0x0, 0x0, 0x0, 0x0,
    0x0, 0x0, 0x0, 0x0, 0xdf, 0xfc, 0x55, 0x55,
    0x55, 0x55, 0x55, 0x55, 0x55, 0x55, 0x55, 0x54,
    0x0, 0x0, 0xef, 0xff, 0xff, 0xff, 0xff, 0xff,
    0xff, 0xff, 0xff, 0xff, 0xff, 0xfd, 0x0, 0x0,
    0xff, 0xff, 0xff, 0xff, 0xff, 0xff, 0xff, 0xff,
    0xff, 0xff, 0xff, 0xfc, 0x0, 0x2, 0xff, 0xfe,
    0xcc, 0xcc, 0xcc, 0xcc, 0xcc, 0xcc, 0xcc, 0xcc,
    0xff, 0xfc, 0x0, 0x3, 0xff, 0xf5, 0x0, 0x0,
    0x0, 0x0, 0x0, 0x0, 0x0, 0x0, 0xdf, 0xfb,
    0x0, 0x5, 0xff, 0xf2, 0xb, 0xcc, 0xcc, 0xcc,
    0xcc, 0xcc, 0xb0, 0x0, 0xef, 0xfa, 0x0, 0x9,
    0xff, 0xf0, 0xe, 0xff, 0xff, 0xff, 0xff, 0xff,
    0xe0, 0x0, 0xff, 0xfa, 0x0, 0xd, 0xff, 0xd0,
    0xe, 0xff, 0xff, 0xff, 0xff, 0xff, 0xe0, 0x0,
    0xff, 0xf9, 0x0, 0x1f, 0xff, 0x90, 0xe, 0xff,
    0x60, 0x0, 0x6, 0xff, 0xe0, 0x1, 0xff, 0xf8,
    0x0, 0x5f, 0xff, 0x50, 0xe, 0xff, 0x50, 0x0,
    0x6, 0xff, 0xe0, 0x2, 0xff, 0xf7, 0x0, 0xbf,
    0xff, 0x10, 0xe, 0xff, 0x60, 0x0, 0x6, 0xff,
    0xe0, 0x3, 0xff, 0xf6, 0x2, 0xff, 0xfb, 0x0,
    0xe, 0xff, 0xff, 0xff, 0xff, 0xff, 0xe0, 0x5,
    0xff, 0xf4, 0xa, 0xff, 0xf5, 0x0, 0xe, 0xff,
    0xff, 0xff, 0xff, 0xff, 0xe0, 0x9, 0xff, 0xf2,
    0x3f, 0xff, 0xe0, 0x0, 0xe, 0xff, 0xdc, 0xcc,
    0xcc, 0xce, 0xf4, 0x6f, 0xff, 0xf0, 0x5, 0xef,
    0x50, 0x0, 0xe, 0xff, 0x50, 0x0, 0x0, 0x4,
    0xff, 0xff, 0xff, 0xc0, 0x0, 0x2a, 0x0, 0x0,
    0x5, 0x55, 0x20, 0x0, 0x0, 0x0, 0xff, 0xff,
    0xff, 0x40, 0x0, 0x0, 0x0, 0x0, 0x0, 0x0,
    0x0, 0x0, 0x0, 0x0, 0xcf, 0xfe, 0xb4, 0x0,
    0x0, 0x0, 0x0, 0x0, 0x0, 0x0, 0x0, 0x0,
    0x0, 0x0, 0x0, 0x0, 0x0, 0x0,

    /* U+5DF2 "已" */
    0x4f, 0xff, 0xff, 0xff, 0xff, 0xff, 0xff, 0xff,
    0xff, 0xff, 0xff, 0xf1, 0x0, 0x0, 0x4f, 0xff,
    0xff, 0xff, 0xff, 0xff, 0xff, 0xff, 0xff, 0xff,
    0xff, 0xf1, 0x0, 0x0, 0x4f, 0xff, 0xff, 0xff,
    0xff, 0xff, 0xff, 0xff, 0xff, 0xff, 0xff, 0xf1,
    0x0, 0x0, 0x29, 0x99, 0x99, 0x99, 0x99, 0x99,
    0x99, 0x99, 0x99, 0x9e, 0xff, 0xf1, 0x0, 0x0,
    0x0, 0x0, 0x0, 0x0, 0x0, 0x0, 0x0, 0x0,
    0x0, 0xa, 0xff, 0xf1, 0x0, 0x0, 0x0, 0x0,
    0x0, 0x0, 0x0, 0x0, 0x0, 0x0, 0x0, 0xa,
    0xff, 0xf1, 0x0, 0x0, 0x0, 0xff, 0xfa, 0x0,
    0x0, 0x0, 0x0, 0x0, 0x0, 0xa, 0xff, 0xf1,
    0x0, 0x0, 0x0, 0xff, 0xfa, 0x0, 0x0, 0x0,
    0x0, 0x0, 0x0, 0xa, 0xff, 0xf1, 0x0, 0x0,
    0x0, 0xff, 0xfa, 0x0, 0x0, 0x0, 0x0, 0x0,
    0x0, 0xa, 0xff, 0xf1, 0x0, 0x0, 0x0, 0xff,
    0xfa, 0x0, 0x0, 0x0, 0x0, 0x0, 0x0, 0xa,
    0xff, 0xf1, 0x0, 0x0, 0x0, 0xff, 0xff, 0xff,
    0xff, 0xff, 0xff, 0xff, 0xff, 0xff, 0xff, 0xf1,
    0x0, 0x0, 0x0, 0xff, 0xff, 0xff, 0xff, 0xff,
    0xff, 0xff, 0xff, 0xff, 0xff, 0xf1, 0x0, 0x0,
    0x0, 0xff, 0xff, 0xff, 0xff, 0xff, 0xff, 0xff,
    0xff, 0xff, 0xff, 0xf1, 0x0, 0x0, 0x0, 0xff,
    0xfd, 0x99, 0x99, 0x99, 0x99, 0x99, 0x99, 0x9d,
    0xff, 0xf1, 0x0, 0x0, 0x0, 0xff, 0xfa, 0x0,
    0x0, 0x0, 0x0, 0x0, 0x0, 0xa, 0xff, 0xf1,
    0x0, 0x0, 0x0, 0xff, 0xfa, 0x0, 0x0, 0x0,
    0x0, 0x0, 0x0, 0x0, 0x0, 0x0, 0x0, 0x0,
    0x0, 0xff, 0xfa, 0x0, 0x0, 0x0, 0x0, 0x0,
    0x0, 0x0, 0x0, 0x0, 0x0, 0x0, 0x0, 0xff,
    0xfa, 0x0, 0x0, 0x0, 0x0, 0x0, 0x0, 0x0,
    0x0, 0x8, 0x60, 0x0, 0x0, 0xff, 0xfa, 0x0,
    0x0, 0x0, 0x0, 0x0, 0x0, 0x0, 0x0, 0xc,
    0xfe, 0xa0, 0x0, 0xff, 0xfa, 0x0, 0x0, 0x0,
    0x0, 0x0, 0x0, 0x0, 0x0, 0xf, 0xff, 0xd0,
    0x0, 0xff, 0xfb, 0x0, 0x0, 0x0, 0x0, 0x0,
    0x0, 0x0, 0x0, 0x3f, 0xff, 0xb0, 0x0, 0xff,
    0xfe, 0x10, 0x0, 0x0, 0x0, 0x0, 0x0, 0x0,
    0x1, 0xcf, 0xff, 0x70, 0x0, 0xcf, 0xff, 0xfb,
    0xaa, 0xaa, 0xaa, 0xaa, 0xaa, 0xaa, 0xce, 0xff,
    0xff, 0x20, 0x0, 0x7f, 0xff, 0xff, 0xff, 0xff,
    0xff, 0xff, 0xff, 0xff, 0xff, 0xff, 0xfa, 0x0,
    0x0, 0xb, 0xff, 0xff, 0xff, 0xff, 0xff, 0xff,
    0xff, 0xff, 0xff, 0xff, 0xc1, 0x0, 0x0, 0x0,
    0x49, 0xce, 0xef, 0xff, 0xff, 0xff, 0xff, 0xff,
    0xed, 0xa5, 0x0, 0x0,

    /* U+5E73 "平" */
    0x0, 0x89, 0x99, 0x99, 0x99, 0x99, 0x99, 0x99,
    0x99, 0x99, 0x99, 0x99, 0x99, 0x10, 0x0, 0xcf,
    0xff, 0xff, 0xff, 0xff, 0xff, 0xff, 0xff, 0xff,
    0xff, 0xff, 0xff, 0x20, 0x0, 0xcf, 0xff, 0xff,
    0xff, 0xff, 0xff, 0xff, 0xff, 0xff, 0xff, 0xff,
    0xff, 0x20, 0x0, 0xcf, 0xff, 0xff, 0xff, 0xff,
    0xff, 0xff, 0xff, 0xff, 0xff, 0xff, 0xff, 0x20,
    0x0, 0x0, 0x0, 0x0, 0x0, 0x0, 0xaf, 0xff,
    0x10, 0x0, 0x1, 0x0, 0x0, 0x0, 0x0, 0x0,
    0x48, 0xd8, 0x0, 0x0, 0xaf, 0xff, 0x10, 0x0,
    0x2f, 0xd9, 0x40, 0x0, 0x0, 0x0, 0xcf, 0xff,
    0x10, 0x0, 0xaf, 0xff, 0x10, 0x0, 0x8f, 0xff,
    0x90, 0x0, 0x0, 0x0, 0x5f, 0xff, 0x70, 0x0,
    0xaf, 0xff, 0x10, 0x0, 0xdf, 0xff, 0x20, 0x0,
    0x0, 0x0, 0xe, 0xff, 0xe0, 0x0, 0xaf, 0xff,
    0x10, 0x4, 0xff, 0xf9, 0x0, 0x0, 0x0, 0x0,
    0x8, 0xff, 0xf3, 0x0, 0xaf, 0xff, 0x10, 0xb,
    0xff, 0xf2, 0x0, 0x0, 0x0, 0x0, 0x3, 0xff,
    0xf8, 0x0, 0xaf, 0xff, 0x10, 0x3f, 0xff, 0x80,
    0x0, 0x0, 0x0, 0x0, 0x0, 0xeb, 0x61, 0x0,
    0xaf, 0xff, 0x10, 0x17, 0xbe, 0x0, 0x0, 0x0,
    0x0, 0x0, 0x0, 0x0, 0x0, 0x0, 0xaf, 0xff,
    0x10, 0x0, 0x0, 0x0, 0x0, 0x0, 0x6f, 0xff,
    0xff, 0xff, 0xff, 0xff, 0xff, 0xff, 0xff, 0xff,
    0xff, 0xff, 0xff, 0xfe, 0x6f, 0xff, 0xff, 0xff,
    0xff, 0xff, 0xff, 0xff, 0xff, 0xff, 0xff, 0xff,
    0xff, 0xfe, 0x6f, 0xff, 0xff, 0xff, 0xff, 0xff,
    0xff, 0xff, 0xff, 0xff, 0xff, 0xff, 0xff, 0xfe,
    0x4a, 0xaa, 0xaa, 0xaa, 0xaa, 0xaa, 0xef, 0xff,
    0xba, 0xaa, 0xaa, 0xaa, 0xaa, 0xa9, 0x0, 0x0,
    0x0, 0x0, 0x0, 0x0, 0xaf, 0xff, 0x10, 0x0,
    0x0, 0x0, 0x0, 0x0, 0x0, 0x0, 0x0, 0x0,
    0x0, 0x0, 0xaf, 0xff, 0x10, 0x0, 0x0, 0x0,
    0x0, 0x0, 0x0, 0x0, 0x0, 0x0, 0x0, 0x0,
    0xaf, 0xff, 0x10, 0x0, 0x0, 0x0, 0x0, 0x0,
    0x0, 0x0, 0x0, 0x0, 0x0, 0x0, 0xaf, 0xff,
    0x10, 0x0, 0x0, 0x0, 0x0, 0x0, 0x0, 0x0,
    0x0, 0x0, 0x0, 0x0, 0xaf, 0xff, 0x10, 0x0,
    0x0, 0x0, 0x0, 0x0, 0x0, 0x0, 0x0, 0x0,
    0x0, 0x0, 0xaf, 0xff, 0x10, 0x0, 0x0, 0x0,
    0x0, 0x0, 0x0, 0x0, 0x0, 0x0, 0x0, 0x0,
    0xaf, 0xff, 0x10, 0x0, 0x0, 0x0, 0x0, 0x0,
    0x0, 0x0, 0x0, 0x0, 0x0, 0x0, 0xaf, 0xff,
    0x10, 0x0, 0x0, 0x0, 0x0, 0x0, 0x0, 0x0,
    0x0, 0x0, 0x0, 0x0, 0xaf, 0xff, 0x10, 0x0,
    0x0, 0x0, 0x0, 0x0, 0x0, 0x0, 0x0, 0x0,
    0x0, 0x0, 0xaf, 0xff, 0x10, 0x0, 0x0, 0x0,
    0x0, 0x0,

    /* U+5E8F "序" */
    0x0, 0x0, 0x0, 0x0, 0x0, 0x0, 0x0, 0x4,
    0x82, 0x0, 0x0, 0x0, 0x0, 0x0, 0x0, 0x0,
    0x0, 0x0, 0x0, 0x0, 0x0, 0x4f, 0xff, 0x90,
    0x0, 0x0, 0x0, 0x0, 0x0, 0x0, 0x0, 0x0,
    0x0, 0x0, 0x0, 0x0, 0xff, 0xff, 0x10, 0x0,
    0x0, 0x0, 0x0, 0x0, 0x0, 0x55, 0x55, 0x55,
    0x55, 0x55, 0x5d, 0xff, 0xf9, 0x55, 0x55, 0x55,
    0x55, 0x52, 0x0, 0xd, 0xff, 0xff, 0xff, 0xff,
    0xff, 0xff, 0xff, 0xff, 0xff, 0xff, 0xff, 0xff,
    0x60, 0x0, 0xdf, 0xff, 0xff, 0xff, 0xff, 0xff,
    0xff, 0xff, 0xff, 0xff, 0xff, 0xff, 0xf6, 0x0,
    0xd, 0xff, 0xff, 0xff, 0xff, 0xff, 0xff, 0xff,
    0xff, 0xff, 0xff, 0xff, 0xff, 0x60, 0x0, 0xdf,
    0xfa, 0x0, 0x0, 0x0, 0x0, 0x0, 0x0, 0x0,
    0x0, 0x0, 0x0, 0x0, 0x0, 0xd, 0xff, 0xa0,
    0x2c, 0xcc, 0xcc, 0xcc, 0xcc, 0xcc, 0xcc, 0xce,
    0x70, 0x0, 0x0, 0x0, 0xdf, 0xfa, 0x2, 0xff,
    0xff, 0xff, 0xff, 0xff, 0xff, 0xff, 0xff, 0xa0,
    0x0, 0x0, 0xd, 0xff, 0xa0, 0x2f, 0xff, 0xff,
    0xff, 0xff, 0xff, 0xff, 0xff, 0xf6, 0x0, 0x0,
    0x0, 0xdf, 0xfa, 0x0, 0x0, 0x1, 0x20, 0x0,
    0x1, 0x9f, 0xff, 0xf5, 0x0, 0x0, 0x0, 0xd,
    0xff, 0xa0, 0x0, 0x1, 0xcf, 0xa3, 0x1, 0xcf,
    0xff, 0xe4, 0x0, 0x0, 0x0, 0x0, 0xdf, 0xfa,
    0x0, 0x0, 0xcf, 0xff, 0xfc, 0xef, 0xff, 0xb1,
    0x0, 0x0, 0x0, 0x0, 0xe, 0xff, 0x90, 0x0,
    0x1, 0x9f, 0xff, 0xff, 0xff, 0x70, 0x0, 0x0,
    0x0, 0x0, 0x0, 0xef, 0xf9, 0x0, 0x0, 0x0,
    0x19, 0xff, 0xff, 0xfa, 0x10, 0x0, 0x10, 0x0,
    0x0, 0xf, 0xff, 0x88, 0xff, 0xff, 0xff, 0xff,
    0xff, 0xff, 0xff, 0xff, 0xff, 0xe7, 0x10, 0x1,
    0xff, 0xf6, 0x8f, 0xff, 0xff, 0xff, 0xff, 0xff,
    0xff, 0xff, 0xff, 0xff, 0xf1, 0x0, 0x2f, 0xff,
    0x48, 0xff, 0xff, 0xff, 0xff, 0xff, 0xff, 0xff,
    0xff, 0xff, 0xf7, 0x0, 0x4, 0xff, 0xf3, 0x0,
    0x0, 0x0, 0x0, 0x9f, 0xff, 0x20, 0x1, 0xef,
    0xfe, 0x0, 0x0, 0x7f, 0xff, 0x10, 0x0, 0x0,
    0x0, 0x8, 0xff, 0xf1, 0x0, 0x7f, 0xff, 0x50,
    0x0, 0xa, 0xff, 0xe0, 0x0, 0x0, 0x0, 0x0,
    0x8f, 0xff, 0x10, 0x2f, 0xff, 0xb0, 0x0, 0x0,
    0xdf, 0xfb, 0x0, 0x0, 0x0, 0x0, 0x8, 0xff,
    0xf1, 0x1, 0x7e, 0xf1, 0x0, 0x0, 0x1f, 0xff,
    0x70, 0x0, 0x0, 0x0, 0x0, 0x8f, 0xff, 0x10,
    0x0, 0x2, 0x0, 0x0, 0x7, 0xff, 0xf4, 0x0,
    0x0, 0x0, 0x0, 0x8, 0xff, 0xf1, 0x0, 0x0,
    0x0, 0x0, 0x0, 0xef, 0xfe, 0x0, 0x0, 0x3,
    0x44, 0x44, 0xbf, 0xff, 0x0, 0x0, 0x0, 0x0,
    0x0, 0x4f, 0xff, 0x80, 0x0, 0x0, 0x5f, 0xff,
    0xff, 0xff, 0xf0, 0x0, 0x0, 0x0, 0x0, 0x2,
    0xaf, 0xf2, 0x0, 0x0, 0x0, 0xef, 0xff, 0xff,
    0xf8, 0x0, 0x0, 0x0, 0x0, 0x0, 0x0, 0x4a,
    0x0, 0x0, 0x0, 0xa, 0xff, 0xec, 0x95, 0x0,
    0x0, 0x0, 0x0, 0x0, 0x0, 0x0, 0x0, 0x0,
    0x0, 0x0, 0x0, 0x0, 0x0, 0x0, 0x0, 0x0,
    0x0, 0x0, 0x0,

    /* U+5EA6 "度" */
    0x0, 0x0, 0x0, 0x0, 0x0, 0x0, 0x0, 0x15,
    0x87, 0x0, 0x0, 0x0, 0x0, 0x0, 0x0, 0x0,
    0x0, 0x0, 0x0, 0x0, 0x0, 0x0, 0xff, 0xff,
    0x0, 0x0, 0x0, 0x0, 0x0, 0x0, 0x0, 0x0,
    0x0, 0x0, 0x0, 0x0, 0x0, 0xaf, 0xff, 0x60,
    0x0, 0x0, 0x0, 0x0, 0x0, 0x0, 0xc, 0xff,
    0xff, 0xff, 0xff, 0xff, 0xff, 0xff, 0xff, 0xff,
    0xff, 0xff, 0xff, 0x80, 0x0, 0xd, 0xff, 0xff,
    0xff, 0xff, 0xff, 0xff, 0xff, 0xff, 0xff, 0xff,
    0xff, 0xff, 0x90, 0x0, 0xd, 0xff, 0xff, 0xff,
    0xff, 0xff, 0xff, 0xff, 0xff, 0xff, 0xff, 0xff,
    0xff, 0x90, 0x0, 0xd, 0xff, 0xd5, 0x55, 0x55,
    0x55, 0x55, 0x55, 0x55, 0x55, 0x55, 0x55, 0x55,
    0x30, 0x0, 0xd, 0xff, 0xb0, 0x0, 0x6, 0xdd,
    0xc0, 0x0, 0x0, 0x8d, 0xdc, 0x0, 0x0, 0x0,
    0x0, 0xd, 0xff, 0xb0, 0x0, 0x7, 0xff, 0xe0,
    0x0, 0x0, 0x9f, 0xfe, 0x0, 0x0, 0x0, 0x0,
    0xd, 0xff, 0xb8, 0xee, 0xef, 0xff, 0xfe, 0xee,
    0xee, 0xff, 0xff, 0xee, 0xee, 0x30, 0x0, 0xd,
    0xff, 0xb9, 0xff, 0xff, 0xff, 0xff, 0xff, 0xff,
    0xff, 0xff, 0xff, 0xff, 0x40, 0x0, 0xd, 0xff,
    0xb9, 0xff, 0xff, 0xff, 0xff, 0xff, 0xff, 0xff,
    0xff, 0xff, 0xff, 0x40, 0x0, 0xd, 0xff, 0xb0,
    0x0, 0x7, 0xff, 0xe0, 0x0, 0x0, 0x9f, 0xfe,
    0x0, 0x0, 0x0, 0x0, 0xd, 0xff, 0xb0, 0x0,
    0x7, 0xff, 0xe0, 0x0, 0x0, 0x9f, 0xfe, 0x0,
    0x0, 0x0, 0x0, 0xe, 0xff, 0xa0, 0x0, 0x7,
    0xff, 0xff, 0xff, 0xff, 0xff, 0xfe, 0x0, 0x0,
    0x0, 0x0, 0xf, 0xff, 0xa0, 0x0, 0x7, 0xff,
    0xff, 0xff, 0xff, 0xff, 0xfe, 0x0, 0x0, 0x0,
    0x0, 0xf, 0xff, 0x80, 0x0, 0x5, 0xaa, 0xaa,
    0xaa, 0xaa, 0xaa, 0xaa, 0x0, 0x0, 0x0, 0x0,
    0x1f, 0xff, 0x70, 0x0, 0x0, 0x0, 0x0, 0x0,
    0x0, 0x0, 0x0, 0x10, 0x0, 0x0, 0x0, 0x2f,
    0xff, 0x56, 0xff, 0xff, 0xff, 0xff, 0xff, 0xff,
    0xff, 0xff, 0xfb, 0x30, 0x0, 0x0, 0x4f, 0xff,
    0x46, 0xff, 0xff, 0xff, 0xff, 0xff, 0xff, 0xff,
    0xff, 0xff, 0x60, 0x0, 0x0, 0x7f, 0xff, 0x24,
    0xbb, 0xdf, 0xfe, 0xbb, 0xbb, 0xbb, 0xbf, 0xff,
    0xfa, 0x0, 0x0, 0x0, 0xaf, 0xff, 0x0, 0x1,
    0xef, 0xff, 0x70, 0x0, 0x0, 0xaf, 0xff, 0xd0,
    0x0, 0x0, 0x0, 0xdf, 0xfc, 0x0, 0x0, 0x2e,
    0xff, 0xfc, 0x40, 0x6d, 0xff, 0xfd, 0x20, 0x0,
    0x0, 0x1, 0xff, 0xf9, 0x0, 0x0, 0x2, 0xdf,
    0xff, 0xfe, 0xff, 0xff, 0xa0, 0x0, 0x0, 0x0,
    0x7, 0xff, 0xf6, 0x0, 0x0, 0x2, 0x5f, 0xff,
    0xff, 0xff, 0xfd, 0x41, 0x0, 0x0, 0x0, 0xd,
    0xff, 0xf1, 0x69, 0xbc, 0xff, 0xff, 0xff, 0xff,
    0xff, 0xff, 0xff, 0xeb, 0xa8, 0x60, 0x3f, 0xff,
    0xa0, 0x5f, 0xff, 0xff, 0xff, 0xff, 0xba, 0xef,
    0xff, 0xff, 0xff, 0xff, 0x60, 0x18, 0xef, 0x40,
    0xd, 0xff, 0xff, 0xc8, 0x40, 0x0, 0x3, 0x8d,
    0xff, 0xff, 0xfb, 0x0, 0x0, 0x7, 0x0, 0x4,
    0x64, 0x10, 0x0, 0x0, 0x0, 0x0, 0x0, 0x3,
    0x58, 0xa2, 0x0,

    /* U+5F0F "式" */
    0x0, 0x0, 0x0, 0x0, 0x0, 0x0, 0x0, 0x3,
    0x77, 0x72, 0x0, 0x33, 0x0, 0x0, 0x0, 0x0,
    0x0, 0x0, 0x0, 0x0, 0x0, 0x0, 0x7f, 0xff,
    0x60, 0x5f, 0xf7, 0x0, 0x0, 0x0, 0x0, 0x0,
    0x0, 0x0, 0x0, 0x0, 0x7, 0xff, 0xf6, 0x1e,
    0xff, 0xfa, 0x0, 0x0, 0x0, 0x0, 0x0, 0x0,
    0x0, 0x0, 0x0, 0x6f, 0xff, 0x60, 0x2d, 0xff,
    0xfa, 0x0, 0x0, 0x0, 0x0, 0x0, 0x0, 0x0,
    0x0, 0x6, 0xff, 0xf6, 0x0, 0x1c, 0xfe, 0x30,
    0x1, 0x77, 0x77, 0x77, 0x77, 0x77, 0x77, 0x77,
    0xaf, 0xff, 0xa7, 0x77, 0x8f, 0x97, 0x50, 0x3f,
    0xff, 0xff, 0xff, 0xff, 0xff, 0xff, 0xff, 0xff,
    0xff, 0xff, 0xff, 0xff, 0xfb, 0x3, 0xff, 0xff,
    0xff, 0xff, 0xff, 0xff, 0xff, 0xff, 0xff, 0xff,
    0xff, 0xff, 0xff, 0xb0, 0x3f, 0xff, 0xff, 0xff,
    0xff, 0xff, 0xff, 0xff, 0xff, 0xff, 0xff, 0xff,
    0xff, 0xfb, 0x0, 0x0, 0x0, 0x0, 0x0, 0x0,
    0x0, 0x0, 0x3f, 0xff, 0x90, 0x0, 0x0, 0x0,
    0x0, 0x0, 0x0, 0x0, 0x0, 0x0, 0x0, 0x0,
    0x1, 0xff, 0xfa, 0x0, 0x0, 0x0, 0x0, 0x0,
    0x0, 0x0, 0x0, 0x0, 0x0, 0x0, 0x0, 0xf,
    0xff, 0xc0, 0x0, 0x0, 0x0, 0x0, 0x0, 0x66,
    0x66, 0x66, 0x66, 0x66, 0x66, 0x60, 0xef, 0xfe,
    0x0, 0x0, 0x0, 0x0, 0x0, 0x1f, 0xff, 0xff,
    0xff, 0xff, 0xff, 0xfd, 0xd, 0xff, 0xf0, 0x0,
    0x0, 0x0, 0x0, 0x1, 0xff, 0xff, 0xff, 0xff,
    0xff, 0xff, 0xd0, 0xaf, 0xff, 0x20, 0x0, 0x0,
    0x0, 0x0, 0x1f, 0xff, 0xff, 0xff, 0xff, 0xff,
    0xfd, 0x8, 0xff, 0xf4, 0x0, 0x0, 0x0, 0x0,
    0x0, 0x0, 0x0, 0x9f, 0xff, 0x0, 0x0, 0x0,
    0x6f, 0xff, 0x70, 0x0, 0x0, 0x0, 0x0, 0x0,
    0x0, 0x9, 0xff, 0xf0, 0x0, 0x0, 0x3, 0xff,
    0xf9, 0x0, 0x0, 0x0, 0x0, 0x0, 0x0, 0x0,
    0x9f, 0xff, 0x0, 0x0, 0x0, 0xf, 0xff, 0xd0,
    0x0, 0x0, 0x0, 0x0, 0x0, 0x0, 0x9, 0xff,
    0xf0, 0x0, 0x0, 0x0, 0xdf, 0xff, 0x10, 0x0,
    0x10, 0x0, 0x0, 0x0, 0x0, 0x9f, 0xff, 0x0,
    0x0, 0x0, 0x9, 0xff, 0xf5, 0x0, 0xa, 0x70,
    0x0, 0x0, 0x0, 0x9, 0xff, 0xf0, 0x0, 0x0,
    0x10, 0x4f, 0xff, 0xa0, 0x0, 0xbf, 0xc3, 0x0,
    0x0, 0x0, 0x9f, 0xff, 0x36, 0x9c, 0xeb, 0x0,
    0xff, 0xff, 0x0, 0xc, 0xff, 0x70, 0x0, 0x2,
    0x4c, 0xff, 0xff, 0xff, 0xff, 0xc0, 0xa, 0xff,
    0xf7, 0x0, 0xff, 0xf5, 0x19, 0xcf, 0xff, 0xff,
    0xff, 0xff, 0xff, 0xfd, 0x0, 0x3f, 0xff, 0xf2,
    0x3f, 0xff, 0x20, 0xff, 0xff, 0xff, 0xff, 0xff,
    0xfe, 0xa7, 0x30, 0x0, 0xbf, 0xff, 0xfe, 0xff,
    0xe0, 0xb, 0xff, 0xff, 0xff, 0xb8, 0x51, 0x0,
    0x0, 0x0, 0x2, 0xff, 0xff, 0xff, 0xf9, 0x0,
    0x7f, 0xc9, 0x62, 0x0, 0x0, 0x0, 0x0, 0x0,
    0x0, 0x5, 0xff, 0xff, 0xfe, 0x20, 0x0, 0x0,
    0x0, 0x0, 0x0, 0x0, 0x0, 0x0, 0x0, 0x0,
    0x2, 0xae, 0xeb, 0x20, 0x0,

    /* U+5F97 "得" */
    0x0, 0x0, 0x0, 0x3, 0x0, 0x0, 0x0, 0x0,
    0x0, 0x0, 0x0, 0x0, 0x0, 0x0, 0x0, 0x0,
    0x0, 0x9, 0xfd, 0x71, 0x6, 0x99, 0x99, 0x99,
    0x99, 0x99, 0x99, 0x99, 0x20, 0x0, 0x0, 0x6,
    0xff, 0xff, 0x20, 0xaf, 0xff, 0xff, 0xff, 0xff,
    0xff, 0xff, 0xf3, 0x0, 0x0, 0x5, 0xff, 0xff,
    0x50, 0xa, 0xff, 0xff, 0xff, 0xff, 0xff, 0xff,
    0xff, 0x30, 0x0, 0x6, 0xff, 0xff, 0x70, 0x0,
    0xaf, 0xfc, 0x0, 0x0, 0x0, 0x5, 0xff, 0xf3,
    0x0, 0x9, 0xff, 0xff, 0x80, 0x0, 0xa, 0xff,
    0xd6, 0x66, 0x66, 0x66, 0xaf, 0xff, 0x30, 0xd,
    0xff, 0xff, 0x70, 0x0, 0x0, 0xaf, 0xff, 0xff,
    0xff, 0xff, 0xff, 0xff, 0xf3, 0x0, 0x9f, 0xff,
    0x60, 0x47, 0x10, 0xa, 0xff, 0xff, 0xff, 0xff,
    0xff, 0xff, 0xff, 0x30, 0x0, 0xee, 0x30, 0x1e,
    0xff, 0x90, 0xaf, 0xfc, 0x0, 0x0, 0x0, 0x5,
    0xff, 0xf3, 0x0, 0x4, 0x10, 0xb, 0xff, 0xf6,
    0xa, 0xff, 0xe9, 0x99, 0x99, 0x99, 0xbf, 0xff,
    0x30, 0x0, 0x0, 0x9, 0xff, 0xfb, 0x0, 0xaf,
    0xff, 0xff, 0xff, 0xff, 0xff, 0xff, 0xf3, 0x0,
    0x0, 0x8, 0xff, 0xfe, 0x10, 0xa, 0xff, 0xff,
    0xff, 0xff, 0xff, 0xff, 0xff, 0x30, 0x0, 0x9,
    0xff, 0xff, 0x70, 0x0, 0x0, 0x0, 0x0, 0x0,
    0x0, 0x0, 0x0, 0x0, 0x0, 0xa, 0xff, 0xff,
    0xf6, 0x3, 0xee, 0xee, 0xee, 0xee, 0xee, 0xee,
    0xee, 0xee, 0xe3, 0x2d, 0xff, 0xff, 0xff, 0x60,
    0x3f, 0xff, 0xff, 0xff, 0xff, 0xff, 0xff, 0xff,
    0xff, 0x32, 0xff, 0xff, 0xff, 0xf6, 0x3, 0xff,
    0xff, 0xff, 0xff, 0xff, 0xff, 0xff, 0xff, 0xf3,
    0xa, 0xff, 0x9f, 0xff, 0x60, 0x0, 0x0, 0x0,
    0x0, 0x0, 0xe, 0xff, 0xb0, 0x0, 0x0, 0x3f,
    0x71, 0xff, 0xf6, 0x1, 0x11, 0x11, 0x11, 0x11,
    0x11, 0xef, 0xfb, 0x11, 0x11, 0x0, 0x50, 0x1f,
    0xff, 0x60, 0xff, 0xff, 0xff, 0xff, 0xff, 0xff,
    0xff, 0xff, 0xff, 0xd0, 0x0, 0x1, 0xff, 0xf6,
    0xf, 0xff, 0xff, 0xff, 0xff, 0xff, 0xff, 0xff,
    0xff, 0xfd, 0x0, 0x0, 0x1f, 0xff, 0x60, 0xef,
    0xff, 0xff, 0xff, 0xff, 0xff, 0xff, 0xff, 0xff,
    0xc0, 0x0, 0x1, 0xff, 0xf6, 0x0, 0x0, 0x8f,
    0x40, 0x0, 0x0, 0xef, 0xfb, 0x0, 0x0, 0x0,
    0x0, 0x1f, 0xff, 0x60, 0x0, 0xbf, 0xff, 0x30,
    0x0, 0xe, 0xff, 0xb0, 0x0, 0x0, 0x0, 0x1,
    0xff, 0xf6, 0x0, 0x2, 0xef, 0xfe, 0x20, 0x0,
    0xef, 0xfb, 0x0, 0x0, 0x0, 0x0, 0x1f, 0xff,
    0x60, 0x0, 0x3, 0xff, 0xfd, 0x0, 0xe, 0xff,
    0xb0, 0x0, 0x0, 0x0, 0x1, 0xff, 0xf6, 0x0,
    0x0, 0x7, 0xff, 0x72, 0x22, 0xff, 0xfb, 0x0,
    0x0, 0x0, 0x0, 0x1f, 0xff, 0x60, 0x0, 0x0,
    0x9, 0x23, 0xff, 0xff, 0xff, 0x90, 0x0, 0x0,
    0x0, 0x1, 0xff, 0xf6, 0x0, 0x0, 0x0, 0x0,
    0xd, 0xff, 0xff, 0xf4, 0x0, 0x0, 0x0, 0x0,
    0x1f, 0xff, 0x60, 0x0, 0x0, 0x0, 0x0, 0x8f,
    0xfd, 0x94, 0x0, 0x0, 0x0,

    /* U+5FA9 "復" */
    0x0, 0x0, 0x0, 0x42, 0x0, 0x0, 0x0, 0x73,
    0x0, 0x0, 0x0, 0x0, 0x0, 0x0, 0x0, 0x0,
    0x0, 0x2, 0xff, 0xc6, 0x0, 0x4, 0xff, 0xf4,
    0x0, 0x0, 0x0, 0x0, 0x0, 0x0, 0x0, 0x0,
    0xd, 0xff, 0xf8, 0x0, 0xa, 0xff, 0xf0, 0x0,
    0x0, 0x0, 0x0, 0x0, 0x0, 0x0, 0x0, 0xbf,
    0xff, 0xc0, 0x0, 0x3f, 0xff, 0xfc, 0xcc, 0xcc,
    0xcc, 0xcc, 0xcc, 0x70, 0x0, 0xb, 0xff, 0xfe,
    0x20, 0x0, 0xcf, 0xff, 0xff, 0xff, 0xff, 0xff,
    0xff, 0xff, 0x90, 0x1, 0xcf, 0xff, 0xf3, 0x0,
    0x7, 0xff, 0xff, 0xff, 0xff, 0xff, 0xff, 0xff,
    0xff, 0x90, 0xe, 0xff, 0xff, 0x40, 0x0, 0x4f,
    0xff, 0xd0, 0x0, 0x0, 0x0, 0x0, 0x0, 0x0,
    0x0, 0xa, 0xff, 0xf4, 0x7, 0x23, 0xff, 0xff,
    0xa6, 0x66, 0x66, 0x66, 0x66, 0x66, 0x50, 0x0,
    0x1, 0xfe, 0x40, 0x7f, 0xfe, 0xff, 0xff, 0xff,
    0xff, 0xff, 0xff, 0xff, 0xff, 0xe0, 0x0, 0x0,
    0x62, 0x2, 0xff, 0xfd, 0x1a, 0xbf, 0xff, 0xff,
    0xff, 0xff, 0xff, 0xff, 0xe0, 0x0, 0x0, 0x0,
    0x1d, 0xff, 0xf3, 0x0, 0x1f, 0xff, 0x10, 0x0,
    0x0, 0x6, 0xff, 0xe0, 0x0, 0x0, 0x0, 0xbf,
    0xff, 0x80, 0x0, 0x1f, 0xff, 0xff, 0xff, 0xff,
    0xff, 0xff, 0xe0, 0x0, 0x0, 0xa, 0xff, 0xff,
    0x10, 0x0, 0x1f, 0xff, 0xff, 0xff, 0xff, 0xff,
    0xff, 0xe0, 0x0, 0x0, 0xaf, 0xff, 0xff, 0x10,
    0x0, 0x1f, 0xff, 0x42, 0x22, 0x22, 0x28, 0xff,
    0xe0, 0x0, 0x1b, 0xff, 0xff, 0xff, 0x10, 0x0,
    0x1f, 0xff, 0x76, 0x66, 0x66, 0x6a, 0xff, 0xe0,
    0x0, 0x6f, 0xff, 0xff, 0xff, 0x10, 0x0, 0x1f,
    0xff, 0xff, 0xff, 0xff, 0xff, 0xff, 0xe0, 0x0,
    0xd, 0xff, 0xff, 0xff, 0x10, 0x0, 0x1f, 0xff,
    0xff, 0xff, 0xff, 0xff, 0xff, 0xe0, 0x0, 0x6,
    0xf8, 0x9f, 0xff, 0x10, 0x16, 0x90, 0x1d, 0xff,
    0xd0, 0x0, 0x0, 0x0, 0x0, 0x0, 0x0, 0x50,
    0x9f, 0xff, 0x10, 0xbf, 0xfa, 0xdf, 0xff, 0xff,
    0xff, 0xff, 0xfe, 0x70, 0x0, 0x0, 0x0, 0x9f,
    0xff, 0x10, 0x1e, 0xff, 0xff, 0xff, 0xff, 0xff,
    0xff, 0xff, 0xf1, 0x0, 0x0, 0x0, 0x9f, 0xff,
    0x10, 0x1b, 0xff, 0xff, 0xb9, 0x99, 0x99, 0xff,
    0xff, 0x60, 0x0, 0x0, 0x0, 0x9f, 0xff, 0x15,
    0xef, 0xff, 0xff, 0xe6, 0x0, 0x1c, 0xff, 0xfc,
    0x0, 0x0, 0x0, 0x0, 0x9f, 0xff, 0x11, 0xdf,
    0xfe, 0xff, 0xff, 0xc6, 0xef, 0xff, 0xc1, 0x0,
    0x0, 0x0, 0x0, 0x9f, 0xff, 0x10, 0x1d, 0x80,
    0x5f, 0xff, 0xff, 0xff, 0xfc, 0x0, 0x0, 0x0,
    0x0, 0x0, 0x9f, 0xff, 0x10, 0x0, 0x0, 0x29,
    0xff, 0xff, 0xff, 0xfb, 0x73, 0x0, 0x0, 0x0,
    0x0, 0x9f, 0xff, 0x10, 0x36, 0x9d, 0xff, 0xff,
    0xff, 0xff, 0xff, 0xff, 0xfc, 0x90, 0x0, 0x0,
    0x9f, 0xff, 0x1b, 0xff, 0xff, 0xff, 0xff, 0xc9,
    0xef, 0xff, 0xff, 0xff, 0x80, 0x0, 0x0, 0x9f,
    0xff, 0x12, 0xff, 0xff, 0xfe, 0x93, 0x0, 0x4,
    0xbf, 0xff, 0xfd, 0x0, 0x0, 0x0, 0x9f, 0xff,
    0x10, 0xaf, 0xb7, 0x40, 0x0, 0x0, 0x0, 0x0,
    0x48, 0xc4, 0x0, 0x0, 0x0, 0x0, 0x0, 0x0,
    0x0, 0x0, 0x0, 0x0, 0x0, 0x0, 0x0, 0x0,
    0x0, 0x0,

    /* U+5FC5 "必" */
    0x0, 0x0, 0x0, 0x0, 0x0, 0xa, 0x20, 0x0,
    0x0, 0x0, 0x0, 0x0, 0x0, 0x0, 0x0, 0x0,
    0x0, 0x0, 0x0, 0x0, 0xbf, 0xf6, 0x0, 0x0,
    0x0, 0x0, 0x0, 0x0, 0x0, 0x0, 0x0, 0x0,
    0x0, 0x0, 0x9, 0xff, 0xff, 0xc2, 0x0, 0x0,
    0x0, 0x3d, 0x71, 0x0, 0x0, 0x0, 0x0, 0x0,
    0x0, 0x1, 0xcf, 0xff, 0xff, 0x50, 0x0, 0x0,
    0xcf, 0xff, 0x60, 0x0, 0x0, 0x0, 0x0, 0x0,
    0x0, 0x8, 0xff, 0xff, 0xf9, 0x0, 0x4, 0xff,
    0xff, 0x10, 0x0, 0x0, 0x0, 0x0, 0x0, 0x0,
    0x0, 0x3e, 0xff, 0xff, 0x60, 0xd, 0xff, 0xf7,
    0x0, 0x0, 0x0, 0x0, 0x0, 0x0, 0x0, 0x0,
    0x1, 0xcf, 0xfa, 0x0, 0x7f, 0xff, 0xd0, 0x0,
    0x0, 0x0, 0x0, 0x0, 0x0, 0x3f, 0xff, 0x90,
    0x9, 0xd0, 0x2, 0xff, 0xff, 0x40, 0x0, 0x0,
    0x0, 0x1, 0x84, 0x0, 0x3f, 0xff, 0x90, 0x0,
    0x0, 0xc, 0xff, 0xfa, 0x0, 0x0, 0x0, 0x0,
    0x5, 0xff, 0xf4, 0x3f, 0xff, 0x90, 0x0, 0x0,
    0x8f, 0xff, 0xd0, 0x0, 0x0, 0x0, 0x0, 0x9,
    0xff, 0xf1, 0x3f, 0xff, 0x90, 0x0, 0x5, 0xff,
    0xff, 0x30, 0x70, 0x0, 0x0, 0x0, 0xc, 0xff,
    0xd0, 0x3f, 0xff, 0x90, 0x0, 0x3f, 0xff, 0xf8,
    0x8e, 0xf8, 0x0, 0x0, 0x0, 0xf, 0xff, 0xa0,
    0x3f, 0xff, 0x90, 0x1, 0xef, 0xff, 0xc1, 0xff,
    0xff, 0x20, 0x0, 0x0, 0x4f, 0xff, 0x60, 0x3f,
    0xff, 0x90, 0x1d, 0xff, 0xfd, 0x10, 0x7f, 0xff,
    0xb0, 0x0, 0x0, 0x9f, 0xff, 0x30, 0x3f, 0xff,
    0x91, 0xcf, 0xff, 0xe2, 0x0, 0xe, 0xff, 0xf4,
    0x0, 0x0, 0xef, 0xfe, 0x0, 0x3f, 0xff, 0xac,
    0xff, 0xff, 0x30, 0x0, 0x6, 0xff, 0xfd, 0x0,
    0x5, 0xff, 0xf9, 0x0, 0x3f, 0xff, 0xff, 0xff,
    0xf4, 0x0, 0x0, 0x0, 0xdf, 0xff, 0x40, 0xd,
    0xff, 0xf3, 0x0, 0x3f, 0xff, 0xff, 0xff, 0x40,
    0x0, 0x0, 0x0, 0x6f, 0xff, 0xb0, 0x8, 0xef,
    0xc0, 0x0, 0x3f, 0xff, 0xff, 0xf3, 0x0, 0x0,
    0x0, 0x0, 0xe, 0xff, 0xf2, 0x0, 0x4, 0x30,
    0x0, 0x9f, 0xff, 0xfe, 0x30, 0x0, 0x0, 0x6,
    0x0, 0x9, 0xff, 0xc2, 0x0, 0x0, 0x0, 0x2d,
    0xff, 0xff, 0xd2, 0x0, 0x0, 0x0, 0x1f, 0xd8,
    0x23, 0xd4, 0x0, 0x0, 0x0, 0x7, 0xff, 0xff,
    0xff, 0x90, 0x0, 0x0, 0x0, 0x3f, 0xff, 0x60,
    0x0, 0x0, 0x0, 0x5, 0xdf, 0xff, 0xff, 0xff,
    0x90, 0x0, 0x0, 0x0, 0x5f, 0xff, 0x50, 0x0,
    0x0, 0x4, 0xcf, 0xff, 0xff, 0xef, 0xff, 0xa0,
    0x0, 0x0, 0x0, 0xaf, 0xff, 0x20, 0x0, 0x0,
    0xb, 0xff, 0xff, 0xf7, 0x1f, 0xff, 0xfa, 0x99,
    0x99, 0x9b, 0xff, 0xfe, 0x0, 0x0, 0x0, 0x0,
    0xdf, 0xf9, 0x10, 0xe, 0xff, 0xff, 0xff, 0xff,
    0xff, 0xff, 0xf9, 0x0, 0x0, 0x0, 0x0, 0x2b,
    0x30, 0x0, 0x5, 0xff, 0xff, 0xff, 0xff, 0xff,
    0xff, 0xd1, 0x0, 0x0, 0x0, 0x0, 0x0, 0x0,
    0x0, 0x0, 0x4b, 0xdf, 0xff, 0xff, 0xff, 0xc9,
    0x0, 0x0, 0x0, 0x0,

    /* U+5FEB "快" */
    0x0, 0x0, 0x12, 0x22, 0x0, 0x0, 0x0, 0x0,
    0x2, 0x22, 0x10, 0x0, 0x0, 0x0, 0x0, 0x0,
    0x0, 0x7f, 0xff, 0x10, 0x0, 0x0, 0x0, 0x1f,
    0xff, 0x80, 0x0, 0x0, 0x0, 0x0, 0x0, 0x0,
    0x7f, 0xff, 0x10, 0x0, 0x0, 0x0, 0x1f, 0xff,
    0x80, 0x0, 0x0, 0x0, 0x0, 0x0, 0x0, 0x7f,
    0xff, 0x10, 0x0, 0x0, 0x0, 0x1f, 0xff, 0x80,
    0x0, 0x0, 0x0, 0x0, 0x0, 0x0, 0x7f, 0xff,
    0x10, 0x0, 0x0, 0x0, 0x1f, 0xff, 0x80, 0x0,
    0x0, 0x0, 0x0, 0x0, 0x0, 0x7f, 0xff, 0x25,
    0x5, 0xff, 0xff, 0xff, 0xff, 0xff, 0xff, 0xff,
    0xf0, 0x0, 0x1, 0x75, 0x9f, 0xff, 0xff, 0x45,
    0xff, 0xff, 0xff, 0xff, 0xff, 0xff, 0xff, 0xf0,
    0x0, 0x3, 0xff, 0xef, 0xff, 0xff, 0xc5, 0xff,
    0xff, 0xff, 0xff, 0xff, 0xff, 0xff, 0xf0, 0x0,
    0x5, 0xff, 0xcf, 0xff, 0xef, 0xf5, 0x55, 0x55,
    0x7f, 0xff, 0xb5, 0x5a, 0xff, 0xf0, 0x0, 0x7,
    0xff, 0xbf, 0xff, 0x8f, 0xf8, 0x0, 0x0, 0x1f,
    0xff, 0x80, 0x7, 0xff, 0xf0, 0x0, 0xa, 0xff,
    0x9f, 0xff, 0x2f, 0xfe, 0x0, 0x0, 0x1f, 0xff,
    0x80, 0x7, 0xff, 0xf0, 0x0, 0xd, 0xff, 0x7f,
    0xff, 0x1c, 0xe8, 0x0, 0x0, 0x1f, 0xff, 0x80,
    0x7, 0xff, 0xf0, 0x0, 0xf, 0xfc, 0x7f, 0xff,
    0x13, 0x0, 0x0, 0x0, 0x2f, 0xff, 0x70, 0x7,
    0xff, 0xf0, 0x0, 0x4f, 0xf9, 0x7f, 0xff, 0x10,
    0x11, 0x11, 0x11, 0x4f, 0xff, 0x81, 0x18, 0xff,
    0xf1, 0x10, 0x3a, 0xf5, 0x7f, 0xff, 0x10, 0xaf,
    0xff, 0xff, 0xff, 0xff, 0xff, 0xff, 0xff, 0xff,
    0xe0, 0x0, 0x0, 0x7f, 0xff, 0x10, 0xaf, 0xff,
    0xff, 0xff, 0xff, 0xff, 0xff, 0xff, 0xff, 0xe0,
    0x0, 0x0, 0x7f, 0xff, 0x10, 0xaf, 0xff, 0xff,
    0xff, 0xff, 0xff, 0xff, 0xff, 0xff, 0xe0, 0x0,
    0x0, 0x7f, 0xff, 0x10, 0x35, 0x55, 0x55, 0xef,
    0xfe, 0x55, 0x97, 0x55, 0x55, 0x40, 0x0, 0x0,
    0x7f, 0xff, 0x10, 0x0, 0x0, 0x1, 0xff, 0xf9,
    0x3b, 0xfc, 0x0, 0x0, 0x0, 0x0, 0x0, 0x7f,
    0xff, 0x10, 0x0, 0x0, 0x7, 0xff, 0xf4, 0x9f,
    0xff, 0x60, 0x0, 0x0, 0x0, 0x0, 0x7f, 0xff,
    0x10, 0x0, 0x0, 0xe, 0xff, 0xf0, 0x1e, 0xff,
    0xf1, 0x0, 0x0, 0x0, 0x0, 0x7f, 0xff, 0x10,
    0x0, 0x0, 0x8f, 0xff, 0x80, 0x6, 0xff, 0xfb,
    0x0, 0x0, 0x0, 0x0, 0x7f, 0xff, 0x10, 0x0,
    0x4, 0xff, 0xfe, 0x0, 0x0, 0xcf, 0xff, 0x50,
    0x0, 0x0, 0x0, 0x7f, 0xff, 0x10, 0x0, 0x4f,
    0xff, 0xf7, 0x0, 0x0, 0x3f, 0xff, 0xe1, 0x0,
    0x0, 0x0, 0x7f, 0xff, 0x10, 0x5, 0xff, 0xff,
    0xb0, 0x0, 0x0, 0x9, 0xff, 0xfa, 0x0, 0x0,
    0x0, 0x7f, 0xff, 0x11, 0xbf, 0xff, 0xfd, 0x0,
    0x0, 0x0, 0x1, 0xef, 0xff, 0x30, 0x0, 0x0,
    0x7f, 0xff, 0x1c, 0xff, 0xff, 0xe1, 0x0, 0x0,
    0x0, 0x0, 0x7f, 0xff, 0xc0, 0x0, 0x0, 0x7f,
    0xff, 0x11, 0xdf, 0xfc, 0x10, 0x0, 0x0, 0x0,
    0x0, 0xe, 0xfe, 0x50, 0x0, 0x0, 0x7f, 0xff,
    0x10, 0x1e, 0x80, 0x0, 0x0, 0x0, 0x0, 0x0,
    0x5, 0x80, 0x0, 0x0, 0x0, 0x0, 0x0, 0x0,
    0x0, 0x0, 0x0, 0x0, 0x0, 0x0, 0x0, 0x0,
    0x0, 0x0,

    /* U+6062 "恢" */
    0x0, 0x0, 0x12, 0x22, 0x0, 0x0, 0x0, 0x12,
    0x0, 0x0, 0x0, 0x0, 0x0, 0x0, 0x0, 0x0,
    0x0, 0x5f, 0xff, 0x0, 0x0, 0x0, 0x7f, 0xfd,
    0x0, 0x0, 0x0, 0x0, 0x0, 0x0, 0x0, 0x0,
    0x5f, 0xff, 0x0, 0x0, 0x0, 0x9f, 0xfb, 0x0,
    0x0, 0x0, 0x0, 0x0, 0x0, 0x0, 0x0, 0x5f,
    0xff, 0x0, 0x0, 0x0, 0xbf, 0xf9, 0x0, 0x0,
    0x0, 0x0, 0x0, 0x0, 0x0, 0x0, 0x5f, 0xff,
    0x0, 0x3, 0x33, 0xdf, 0xf9, 0x33, 0x33, 0x33,
    0x33, 0x33, 0x20, 0x0, 0x0, 0x5f, 0xff, 0x4,
    0x1f, 0xff, 0xff, 0xff, 0xff, 0xff, 0xff, 0xff,
    0xff, 0xc0, 0x0, 0x64, 0x7f, 0xff, 0xff, 0x6f,
    0xff, 0xff, 0xff, 0xff, 0xff, 0xff, 0xff, 0xff,
    0xc0, 0x0, 0xff, 0xff, 0xff, 0xff, 0xdf, 0xff,
    0xff, 0xff, 0xff, 0xff, 0xff, 0xff, 0xff, 0xb0,
    0x1, 0xff, 0xff, 0xff, 0xef, 0xf1, 0x6, 0xff,
    0xe0, 0x0, 0x14, 0x43, 0x0, 0x0, 0x0, 0x3,
    0xff, 0xdf, 0xff, 0x9f, 0xf6, 0x9, 0xff, 0xb0,
    0x0, 0x6f, 0xfb, 0x0, 0x0, 0x0, 0x4, 0xff,
    0xbf, 0xff, 0x4f, 0xfa, 0xc, 0xff, 0x80, 0x0,
    0x6f, 0xfa, 0x0, 0x0, 0x0, 0x7, 0xff, 0xaf,
    0xff, 0x1f, 0xfa, 0xf, 0xff, 0xcc, 0x70, 0x6f,
    0xfa, 0x0, 0xa7, 0x30, 0xa, 0xff, 0x7f, 0xff,
    0x7, 0x20, 0x3f, 0xff, 0xff, 0xa0, 0x7f, 0xf9,
    0x2, 0xff, 0xa0, 0xe, 0xfe, 0x6f, 0xff, 0x0,
    0x0, 0x8f, 0xfe, 0xef, 0xc0, 0x8f, 0xf9, 0x6,
    0xff, 0x60, 0x1b, 0xfa, 0x5f, 0xff, 0x0, 0x0,
    0xdf, 0xfa, 0xcf, 0xf0, 0x9f, 0xf8, 0xb, 0xff,
    0x10, 0x0, 0x12, 0x5f, 0xff, 0x0, 0x2, 0xff,
    0xf5, 0xaf, 0xf1, 0xaf, 0xf6, 0xf, 0xfd, 0x0,
    0x0, 0x0, 0x5f, 0xff, 0x0, 0x8, 0xff, 0xf1,
    0x8f, 0xf2, 0xcf, 0xf5, 0x5f, 0xf8, 0x0, 0x0,
    0x0, 0x5f, 0xff, 0x0, 0xe, 0xff, 0xb0, 0x7f,
    0xf4, 0xef, 0xf3, 0xcf, 0xf2, 0x0, 0x0, 0x0,
    0x5f, 0xff, 0x0, 0x6f, 0xff, 0x50, 0x6f, 0xf7,
    0xff, 0xf5, 0xdf, 0xc0, 0x0, 0x0, 0x0, 0x5f,
    0xff, 0x0, 0xdf, 0xfe, 0x0, 0x24, 0x15, 0xff,
    0xfa, 0x5, 0x40, 0x0, 0x0, 0x0, 0x5f, 0xff,
    0x9, 0xff, 0xf7, 0x0, 0x0, 0xb, 0xff, 0xff,
    0x10, 0x0, 0x0, 0x0, 0x0, 0x5f, 0xff, 0x4f,
    0xff, 0xf1, 0x0, 0x0, 0x2f, 0xff, 0xff, 0xa0,
    0x0, 0x0, 0x0, 0x0, 0x5f, 0xff, 0x5f, 0xff,
    0x70, 0x0, 0x0, 0xcf, 0xff, 0xff, 0xf5, 0x0,
    0x0, 0x0, 0x0, 0x5f, 0xff, 0x3, 0xec, 0x0,
    0x0, 0x9, 0xff, 0xf7, 0x8f, 0xfe, 0x30, 0x0,
    0x0, 0x0, 0x5f, 0xff, 0x0, 0x32, 0x0, 0x0,
    0xaf, 0xff, 0xd0, 0xd, 0xff, 0xe3, 0x0, 0x0,
    0x0, 0x5f, 0xff, 0x0, 0x0, 0x0, 0x6e, 0xff,
    0xfe, 0x20, 0x3, 0xff, 0xff, 0x80, 0x0, 0x0,
    0x5f, 0xff, 0x0, 0x0, 0x7, 0xff, 0xff, 0xe3,
    0x0, 0x0, 0x7f, 0xff, 0xf4, 0x0, 0x0, 0x5f,
    0xff, 0x0, 0x0, 0x0, 0xbf, 0xfc, 0x10, 0x0,
    0x0, 0x7, 0xff, 0x50, 0x0, 0x0, 0x5f, 0xff,
    0x0, 0x0, 0x0, 0x2c, 0x40, 0x0, 0x0, 0x0,
    0x0, 0x38, 0x0,

    /* U+6230 "戰" */
    0x0, 0x0, 0x0, 0x0, 0x0, 0x0, 0x0, 0x0,
    0x0, 0x28, 0x88, 0x10, 0x1, 0x0, 0x0, 0x3,
    0xee, 0xee, 0xee, 0x75, 0xee, 0xee, 0xee, 0x50,
    0x3f, 0xff, 0x31, 0x8f, 0x50, 0x0, 0x3, 0xff,
    0xff, 0xff, 0x86, 0xff, 0xff, 0xff, 0x60, 0x3f,
    0xff, 0x3a, 0xff, 0xe1, 0x0, 0x3, 0xff, 0x86,
    0xff, 0x86, 0xff, 0x68, 0xff, 0x60, 0x2f, 0xff,
    0x32, 0xff, 0xf9, 0x0, 0x3, 0xff, 0x42, 0xff,
    0x86, 0xff, 0x13, 0xff, 0x60, 0x2f, 0xff, 0x40,
    0x8f, 0xff, 0x20, 0x3, 0xff, 0x86, 0xff, 0x86,
    0xff, 0x67, 0xff, 0x60, 0x1f, 0xff, 0x40, 0xf,
    0xff, 0x90, 0x3, 0xff, 0xff, 0xff, 0x86, 0xff,
    0xff, 0xff, 0x60, 0xf, 0xff, 0x50, 0x9, 0xfe,
    0x50, 0x3, 0xff, 0xff, 0xff, 0x85, 0xff, 0xff,
    0xff, 0x60, 0xf, 0xff, 0x60, 0x2, 0x70, 0x0,
    0x0, 0x0, 0x0, 0x0, 0x0, 0x0, 0x0, 0x0,
    0x0, 0xf, 0xff, 0xa7, 0x8a, 0xcd, 0xe0, 0x0,
    0xff, 0xff, 0xff, 0xff, 0xff, 0xff, 0xff, 0x8c,
    0xef, 0xff, 0xff, 0xff, 0xff, 0xf1, 0x0, 0xff,
    0xff, 0xff, 0xff, 0xff, 0xff, 0xff, 0x8f, 0xff,
    0xff, 0xff, 0xff, 0xff, 0xf3, 0x0, 0xff, 0xf9,
    0x9c, 0xff, 0xc9, 0x9f, 0xff, 0x6f, 0xff, 0xff,
    0xfd, 0xba, 0x86, 0x40, 0x0, 0xff, 0xf0, 0x8,
    0xff, 0x70, 0xf, 0xff, 0x48, 0x7b, 0xff, 0xc0,
    0x7, 0xa2, 0x0, 0x0, 0xff, 0xff, 0xff, 0xff,
    0xff, 0xff, 0xff, 0x20, 0x8, 0xff, 0xd0, 0xd,
    0xff, 0x40, 0x0, 0xff, 0xff, 0xff, 0xff, 0xff,
    0xff, 0xff, 0x20, 0x6, 0xff, 0xf0, 0x3f, 0xff,
    0x10, 0x0, 0xff, 0xf8, 0x8c, 0xff, 0xc8, 0x8f,
    0xff, 0x20, 0x4, 0xff, 0xf1, 0xaf, 0xf9, 0x0,
    0x0, 0xff, 0xf0, 0x8, 0xff, 0x70, 0xf, 0xff,
    0x20, 0x2, 0xff, 0xf5, 0xff, 0xf3, 0x0, 0x0,
    0xff, 0xfa, 0xad, 0xff, 0xda, 0xaf, 0xff, 0x20,
    0x0, 0xff, 0xfe, 0xff, 0xc0, 0x0, 0x0, 0xff,
    0xff, 0xff, 0xff, 0xff, 0xff, 0xff, 0x20, 0x0,
    0xdf, 0xff, 0xff, 0x30, 0x0, 0x0, 0xef, 0xff,
    0xff, 0xff, 0xff, 0xff, 0xff, 0x20, 0x0, 0xaf,
    0xff, 0xf9, 0x0, 0x0, 0x0, 0x0, 0x0, 0xb,
    0xff, 0xb0, 0x0, 0x0, 0x0, 0x0, 0x7f, 0xff,
    0xe0, 0x4, 0x0, 0x2e, 0xee, 0xee, 0xef, 0xff,
    0xfe, 0xee, 0xee, 0xd0, 0x1, 0xdf, 0xff, 0x60,
    0x2f, 0x60, 0x2f, 0xff, 0xff, 0xff, 0xff, 0xff,
    0xff, 0xff, 0xf0, 0x1d, 0xff, 0xff, 0x90, 0x3f,
    0xf7, 0x2f, 0xff, 0xff, 0xff, 0xff, 0xff, 0xff,
    0xff, 0xf1, 0xdf, 0xff, 0xff, 0xe0, 0x6f, 0xf5,
    0x4, 0x44, 0x44, 0x4c, 0xff, 0xc4, 0x44, 0x44,
    0xae, 0xff, 0xfe, 0xff, 0xfa, 0xcf, 0xf2, 0x0,
    0x0, 0x0, 0xb, 0xff, 0xb0, 0x0, 0x1b, 0xff,
    0xff, 0xd1, 0xdf, 0xff, 0xff, 0xe0, 0x0, 0x0,
    0x0, 0xb, 0xff, 0xb0, 0x0, 0xa, 0xff, 0xfd,
    0x10, 0x5f, 0xff, 0xff, 0x90, 0x0, 0x0, 0x0,
    0xb, 0xff, 0xb0, 0x0, 0x0, 0xbf, 0xa0, 0x0,
    0xa, 0xff, 0xff, 0x20, 0x0, 0x0, 0x0, 0xb,
    0xff, 0xb0, 0x0, 0x0, 0x16, 0x0, 0x0, 0x0,
    0x8e, 0xe4, 0x0, 0x0, 0x0, 0x0, 0x0, 0x0,
    0x0, 0x0, 0x0, 0x0, 0x0, 0x0, 0x0, 0x0,
    0x0, 0x0,

    /* U+624B "手" */
    0x0, 0x0, 0x0, 0x0, 0x0, 0x0, 0x0, 0x0,
    0x0, 0x0, 0x14, 0x60, 0x0, 0x0, 0x0, 0x0,
    0x0, 0x0, 0x0, 0x0, 0x0, 0x24, 0x68, 0xbe,
    0xff, 0xf7, 0x0, 0x0, 0x0, 0x24, 0x56, 0x78,
    0x9b, 0xcd, 0xef, 0xff, 0xff, 0xff, 0xff, 0xff,
    0x50, 0x0, 0x0, 0xaf, 0xff, 0xff, 0xff, 0xff,
    0xff, 0xff, 0xff, 0xff, 0xff, 0xfc, 0x90, 0x0,
    0x0, 0x5f, 0xff, 0xff, 0xff, 0xff, 0xff, 0xff,
    0xfd, 0xb8, 0x63, 0x0, 0x0, 0x0, 0x0, 0x1f,
    0xed, 0xcb, 0xa9, 0x88, 0xdf, 0xff, 0x0, 0x0,
    0x0, 0x0, 0x0, 0x0, 0x0, 0x0, 0x0, 0x0,
    0x0, 0x0, 0xbf, 0xff, 0x0, 0x0, 0x0, 0x0,
    0x0, 0x0, 0x0, 0x0, 0x0, 0x0, 0x0, 0x0,
    0xbf, 0xff, 0x0, 0x0, 0x0, 0x0, 0x0, 0x0,
    0x0, 0x0, 0x0, 0x0, 0x0, 0x0, 0xbf, 0xff,
    0x0, 0x0, 0x0, 0x0, 0x0, 0x0, 0x0, 0x9f,
    0xff, 0xff, 0xff, 0xff, 0xff, 0xff, 0xff, 0xff,
    0xff, 0xff, 0xff, 0x10, 0x0, 0x9f, 0xff, 0xff,
    0xff, 0xff, 0xff, 0xff, 0xff, 0xff, 0xff, 0xff,
    0xff, 0x10, 0x0, 0x9f, 0xff, 0xff, 0xff, 0xff,
    0xff, 0xff, 0xff, 0xff, 0xff, 0xff, 0xff, 0x10,
    0x0, 0x36, 0x66, 0x66, 0x66, 0x66, 0xdf, 0xff,
    0x66, 0x66, 0x66, 0x66, 0x66, 0x0, 0x0, 0x0,
    0x0, 0x0, 0x0, 0x0, 0xbf, 0xff, 0x0, 0x0,
    0x0, 0x0, 0x0, 0x0, 0x0, 0x0, 0x0, 0x0,
    0x0, 0x0, 0xbf, 0xff, 0x0, 0x0, 0x0, 0x0,
    0x0, 0x0, 0x0, 0x0, 0x0, 0x0, 0x0, 0x0,
    0xbf, 0xff, 0x0, 0x0, 0x0, 0x0, 0x0, 0x0,
    0xaf, 0xff, 0xff, 0xff, 0xff, 0xff, 0xff, 0xff,
    0xff, 0xff, 0xff, 0xff, 0xff, 0xfe, 0xaf, 0xff,
    0xff, 0xff, 0xff, 0xff, 0xff, 0xff, 0xff, 0xff,
    0xff, 0xff, 0xff, 0xfe, 0xaf, 0xff, 0xff, 0xff,
    0xff, 0xff, 0xff, 0xff, 0xff, 0xff, 0xff, 0xff,
    0xff, 0xfe, 0x47, 0x77, 0x77, 0x77, 0x77, 0x77,
    0xdf, 0xff, 0x77, 0x77, 0x77, 0x77, 0x77, 0x77,
    0x0, 0x0, 0x0, 0x0, 0x0, 0x0, 0xbf, 0xff,
    0x0, 0x0, 0x0, 0x0, 0x0, 0x0, 0x0, 0x0,
    0x0, 0x0, 0x0, 0x0, 0xbf, 0xff, 0x0, 0x0,
    0x0, 0x0, 0x0, 0x0, 0x0, 0x0, 0x0, 0x0,
    0x0, 0x0, 0xbf, 0xff, 0x0, 0x0, 0x0, 0x0,
    0x0, 0x0, 0x0, 0x0, 0x0, 0x0, 0x0, 0x0,
    0xbf, 0xff, 0x0, 0x0, 0x0, 0x0, 0x0, 0x0,
    0x0, 0x0, 0x0, 0x0, 0x0, 0x0, 0xcf, 0xff,
    0x0, 0x0, 0x0, 0x0, 0x0, 0x0, 0x0, 0x0,
    0x0, 0x88, 0x87, 0x78, 0xff, 0xff, 0x0, 0x0,
    0x0, 0x0, 0x0, 0x0, 0x0, 0x0, 0x0, 0x9f,
    0xff, 0xff, 0xff, 0xfc, 0x0, 0x0, 0x0, 0x0,
    0x0, 0x0, 0x0, 0x0, 0x0, 0x2f, 0xff, 0xff,
    0xff, 0xf3, 0x0, 0x0, 0x0, 0x0, 0x0, 0x0,
    0x0, 0x0, 0x0, 0xd, 0xff, 0xfe, 0xc8, 0x20,
    0x0, 0x0, 0x0, 0x0, 0x0, 0x0, 0x0, 0x0,
    0x0, 0x0, 0x0, 0x0, 0x0, 0x0, 0x0, 0x0,
    0x0, 0x0, 0x0, 0x0,

    /* U+6307 "指" */
    0x0, 0x0, 0x5, 0x55, 0x20, 0x0, 0x25, 0x55,
    0x0, 0x0, 0x0, 0x0, 0x0, 0x0, 0x0, 0x0,
    0x2, 0xff, 0xf6, 0x0, 0x7, 0xff, 0xf1, 0x0,
    0x0, 0x0, 0x0, 0x0, 0x0, 0x0, 0x0, 0x2f,
    0xff, 0x60, 0x0, 0x7f, 0xff, 0x10, 0x0, 0x0,
    0x0, 0x0, 0x0, 0x0, 0x0, 0x2, 0xff, 0xf6,
    0x0, 0x7, 0xff, 0xf3, 0x22, 0x22, 0x22, 0x22,
    0x22, 0x10, 0x0, 0x0, 0x2f, 0xff, 0x60, 0x0,
    0x7f, 0xff, 0xff, 0xff, 0xff, 0xff, 0xff, 0xfd,
    0x0, 0x0, 0x2, 0xff, 0xf6, 0x0, 0x7, 0xff,
    0xff, 0xff, 0xff, 0xff, 0xff, 0xff, 0xd0, 0xa,
    0xbb, 0xbf, 0xff, 0xdb, 0xb4, 0x7f, 0xff, 0xff,
    0xff, 0xff, 0xff, 0xff, 0xfd, 0x0, 0xef, 0xff,
    0xff, 0xff, 0xff, 0x67, 0xff, 0xf1, 0x0, 0x0,
    0x0, 0x0, 0x0, 0x0, 0xe, 0xff, 0xff, 0xff,
    0xff, 0xf6, 0x7f, 0xff, 0x20, 0x0, 0x0, 0x0,
    0x0, 0x0, 0x0, 0x9a, 0xab, 0xff, 0xfc, 0xaa,
    0x45, 0xff, 0xf7, 0x0, 0x0, 0x0, 0x0, 0x1,
    0x22, 0x0, 0x0, 0x2f, 0xff, 0x60, 0x0, 0x3f,
    0xff, 0xff, 0xff, 0xff, 0xff, 0xff, 0xff, 0x90,
    0x0, 0x2, 0xff, 0xf6, 0x0, 0x0, 0xaf, 0xff,
    0xff, 0xff, 0xff, 0xff, 0xff, 0xfb, 0x0, 0x0,
    0x2f, 0xff, 0x60, 0x0, 0x0, 0x6d, 0xef, 0xff,
    0xff, 0xff, 0xff, 0xff, 0xb0, 0x0, 0x2, 0xff,
    0xf7, 0x48, 0x50, 0x0, 0x0, 0x0, 0x0, 0x0,
    0x0, 0x0, 0x0, 0x0, 0x0, 0x2f, 0xff, 0xff,
    0xf9, 0x0, 0x0, 0x0, 0x0, 0x0, 0x0, 0x0,
    0x0, 0x1, 0x59, 0xdf, 0xff, 0xff, 0xff, 0xb3,
    0xff, 0xff, 0xff, 0xff, 0xff, 0xff, 0xff, 0x80,
    0x4f, 0xff, 0xff, 0xff, 0xff, 0xe8, 0x3f, 0xff,
    0xff, 0xff, 0xff, 0xff, 0xff, 0xf8, 0x0, 0xff,
    0xff, 0xff, 0xfa, 0x30, 0x3, 0xff, 0xfe, 0xee,
    0xee, 0xee, 0xef, 0xff, 0x80, 0xc, 0xfe, 0xbf,
    0xff, 0x60, 0x0, 0x3f, 0xff, 0x30, 0x0, 0x0,
    0x0, 0xff, 0xf8, 0x0, 0x43, 0x2, 0xff, 0xf6,
    0x0, 0x3, 0xff, 0xf3, 0x0, 0x0, 0x0, 0xf,
    0xff, 0x80, 0x0, 0x0, 0x2f, 0xff, 0x60, 0x0,
    0x3f, 0xff, 0xff, 0xff, 0xff, 0xff, 0xff, 0xf8,
    0x0, 0x0, 0x2, 0xff, 0xf6, 0x0, 0x3, 0xff,
    0xff, 0xff, 0xff, 0xff, 0xff, 0xff, 0x80, 0x0,
    0x0, 0x2f, 0xff, 0x60, 0x0, 0x3f, 0xff, 0xcb,
    0xbb, 0xbb, 0xbb, 0xff, 0xf8, 0x0, 0x0, 0x2,
    0xff, 0xf6, 0x0, 0x3, 0xff, 0xf3, 0x0, 0x0,
    0x0, 0xf, 0xff, 0x80, 0x0, 0x0, 0x2f, 0xff,
    0x60, 0x0, 0x3f, 0xff, 0xcb, 0xbb, 0xbb, 0xbb,
    0xff, 0xf8, 0x0, 0x26, 0x68, 0xff, 0xf6, 0x0,
    0x3, 0xff, 0xff, 0xff, 0xff, 0xff, 0xff, 0xff,
    0x80, 0x2, 0xff, 0xff, 0xff, 0x40, 0x0, 0x3f,
    0xff, 0xff, 0xff, 0xff, 0xff, 0xff, 0xf8, 0x0,
    0xd, 0xff, 0xff, 0xd0, 0x0, 0x3, 0xff, 0xf5,
    0x22, 0x22, 0x22, 0x2f, 0xff, 0x80, 0x0, 0x8e,
    0xdb, 0x60, 0x0, 0x0, 0x3f, 0xff, 0x30, 0x0,
    0x0, 0x0, 0xdd, 0xd7, 0x0,

    /* U+64A4 "撤" */
    0x0, 0x5, 0xaa, 0x60, 0x0, 0x0, 0x9, 0x74,
    0x0, 0x0, 0x7, 0x75, 0x10, 0x0, 0x0, 0x0,
    0x8, 0xff, 0x90, 0x0, 0x0, 0x2f, 0xff, 0x40,
    0x0, 0xd, 0xff, 0x40, 0x0, 0x0, 0x0, 0x8,
    0xff, 0x90, 0x2, 0x22, 0x9f, 0xff, 0x32, 0x21,
    0xf, 0xff, 0x10, 0x0, 0x0, 0x0, 0x8, 0xff,
    0x90, 0x3f, 0xff, 0xff, 0xff, 0xff, 0xf8, 0x1f,
    0xff, 0x0, 0x0, 0x0, 0x0, 0x8, 0xff, 0x90,
    0x3f, 0xff, 0xff, 0xff, 0xff, 0xf8, 0x3f, 0xfc,
    0x0, 0x0, 0x0, 0x0, 0x8, 0xff, 0x90, 0x2a,
    0xaf, 0xff, 0xda, 0xaa, 0xa5, 0x5f, 0xfa, 0x0,
    0x0, 0x0, 0xe, 0xff, 0xff, 0xff, 0x50, 0x3f,
    0xff, 0x10, 0x50, 0x0, 0x8f, 0xff, 0xff, 0xff,
    0xf1, 0xe, 0xff, 0xff, 0xff, 0x60, 0xbf, 0xf8,
    0x3f, 0xf7, 0x0, 0xcf, 0xff, 0xff, 0xff, 0xf1,
    0xe, 0xff, 0xff, 0xff, 0x66, 0xff, 0xe1, 0x1e,
    0xff, 0x10, 0xff, 0xff, 0xff, 0xff, 0xf1, 0x5,
    0x5b, 0xff, 0xc5, 0x5f, 0xff, 0xfe, 0xff, 0xff,
    0x74, 0xff, 0xc1, 0x1f, 0xff, 0x10, 0x0, 0x8,
    0xff, 0x90, 0xe, 0xff, 0xff, 0xff, 0xff, 0xea,
    0xff, 0xb0, 0x2f, 0xfc, 0x0, 0x0, 0x8, 0xff,
    0x90, 0x9, 0xfd, 0xb9, 0x75, 0x9f, 0xef, 0xff,
    0xd0, 0x4f, 0xfa, 0x0, 0x0, 0x8, 0xff, 0x90,
    0x1, 0x0, 0x0, 0x0, 0x24, 0x8f, 0xff, 0xf0,
    0x6f, 0xf8, 0x0, 0x0, 0x8, 0xff, 0xb8, 0x5a,
    0xff, 0xff, 0xff, 0xff, 0xdf, 0xff, 0xf2, 0x8f,
    0xf5, 0x0, 0x0, 0x8, 0xff, 0xff, 0x9a, 0xff,
    0xff, 0xff, 0xff, 0x6c, 0xff, 0xf5, 0xcf, 0xf3,
    0x0, 0x17, 0xcf, 0xff, 0xff, 0xca, 0xff, 0xaa,
    0xad, 0xff, 0x53, 0x5f, 0xf9, 0xff, 0xf1, 0x0,
    0x1f, 0xff, 0xff, 0xff, 0x9a, 0xff, 0x31, 0x9,
    0xff, 0x50, 0xc, 0xfe, 0xff, 0xd0, 0x0, 0xd,
    0xff, 0xff, 0xb0, 0xa, 0xff, 0xef, 0x69, 0xff,
    0x50, 0x9, 0xff, 0xff, 0x80, 0x0, 0x9, 0xfe,
    0xff, 0x90, 0xb, 0xff, 0xff, 0xff, 0xff, 0x50,
    0x5, 0xff, 0xff, 0x40, 0x0, 0x2, 0x18, 0xff,
    0x90, 0xb, 0xff, 0x5e, 0xca, 0xff, 0x50, 0x1,
    0xff, 0xff, 0x0, 0x0, 0x0, 0x8, 0xff, 0x90,
    0xc, 0xff, 0x2, 0x2b, 0xff, 0x50, 0x0, 0xcf,
    0xfb, 0x0, 0x0, 0x0, 0x8, 0xff, 0x90, 0xd,
    0xfe, 0x17, 0xef, 0xff, 0x50, 0x0, 0xdf, 0xf9,
    0x0, 0x0, 0x0, 0x8, 0xff, 0x90, 0xf, 0xff,
    0xff, 0xff, 0xff, 0x50, 0x7, 0xff, 0xff, 0x20,
    0x0, 0x0, 0x8, 0xff, 0x90, 0x2f, 0xff, 0xff,
    0xfe, 0xff, 0x50, 0x1f, 0xff, 0xff, 0xc0, 0x0,
    0x0, 0x8, 0xff, 0x90, 0x5f, 0xfa, 0xfa, 0x29,
    0xff, 0x50, 0xbf, 0xff, 0xff, 0xf8, 0x0, 0x2,
    0x3a, 0xff, 0x90, 0xaf, 0xf3, 0x10, 0x9, 0xff,
    0x5a, 0xff, 0xf6, 0x9f, 0xff, 0x80, 0x8, 0xff,
    0xff, 0x71, 0xff, 0xf0, 0x5, 0xdf, 0xff, 0xdf,
    0xff, 0xa0, 0x1e, 0xff, 0xf3, 0x3, 0xff, 0xff,
    0x23, 0xff, 0x90, 0x1, 0xff, 0xff, 0x5f, 0xfc,
    0x0, 0x3, 0xff, 0x70, 0x0, 0xfe, 0xb4, 0x0,
    0x2d, 0x20, 0x0, 0xdf, 0xc5, 0x6, 0xc0, 0x0,
    0x0, 0x4b, 0x0, 0x0, 0x0, 0x0, 0x0, 0x0,
    0x0, 0x0, 0x0, 0x0, 0x0, 0x0, 0x0, 0x0,
    0x0, 0x0,

    /* U+6548 "效" */
    0x0, 0x0, 0x0, 0x1, 0x62, 0x0, 0x0, 0x0,
    0x0, 0x7, 0x42, 0x0, 0x0, 0x0, 0x0, 0x0,
    0x0, 0x0, 0xaf, 0xfb, 0x0, 0x0, 0x0, 0x0,
    0x1f, 0xff, 0x50, 0x0, 0x0, 0x0, 0x0, 0x0,
    0x0, 0x7f, 0xff, 0x40, 0x0, 0x0, 0x0, 0x5f,
    0xff, 0x20, 0x0, 0x0, 0x0, 0x0, 0x0, 0x0,
    0xe, 0xff, 0xb0, 0x0, 0x0, 0x0, 0x8f, 0xff,
    0x0, 0x0, 0x0, 0x0, 0x2, 0x55, 0x55, 0x5b,
    0xfc, 0x65, 0x55, 0x54, 0x0, 0xbf, 0xfc, 0x0,
    0x0, 0x0, 0x0, 0x7, 0xff, 0xff, 0xff, 0xff,
    0xff, 0xff, 0xfe, 0x0, 0xef, 0xfb, 0x33, 0x33,
    0x33, 0x30, 0x7, 0xff, 0xff, 0xff, 0xff, 0xff,
    0xff, 0xfe, 0x2, 0xff, 0xff, 0xff, 0xff, 0xff,
    0xf0, 0x6, 0xdd, 0xed, 0xdd, 0xdd, 0xde, 0xfd,
    0xdc, 0x6, 0xff, 0xff, 0xff, 0xff, 0xff, 0xf0,
    0x0, 0x0, 0x9d, 0x82, 0x0, 0x5d, 0xe1, 0x0,
    0xb, 0xff, 0xff, 0xff, 0xff, 0xff, 0xf0, 0x0,
    0x1, 0xff, 0xf7, 0x1, 0xff, 0xfa, 0x0, 0x1f,
    0xff, 0x71, 0x11, 0xff, 0xf7, 0x10, 0x0, 0x9,
    0xff, 0xe0, 0x0, 0x6f, 0xff, 0x50, 0x7f, 0xff,
    0x10, 0x3, 0xff, 0xf4, 0x0, 0x0, 0x1f, 0xff,
    0x80, 0x0, 0xb, 0xff, 0xe1, 0xef, 0xff, 0x10,
    0x6, 0xff, 0xf1, 0x0, 0x0, 0xbf, 0xfe, 0x10,
    0x2, 0x22, 0xff, 0xfd, 0xff, 0xff, 0x50, 0x9,
    0xff, 0xe0, 0x0, 0x6, 0xff, 0xf6, 0x10, 0xc,
    0xff, 0xff, 0xff, 0xff, 0xff, 0xa0, 0xc, 0xff,
    0xa0, 0x0, 0x1f, 0xff, 0xc9, 0xf4, 0x1f, 0xff,
    0x9e, 0x8f, 0xff, 0xff, 0xf0, 0x1f, 0xff, 0x60,
    0x0, 0x5, 0xff, 0xef, 0xff, 0xaf, 0xff, 0x20,
    0x7, 0xfc, 0xff, 0xf6, 0x6f, 0xff, 0x20, 0x0,
    0x0, 0x47, 0x5f, 0xff, 0xff, 0xfc, 0x0, 0x0,
    0xb2, 0x9f, 0xfc, 0xcf, 0xfc, 0x0, 0x0, 0x0,
    0x0, 0x6, 0xff, 0xff, 0xf6, 0x0, 0x0, 0x0,
    0x2f, 0xff, 0xff, 0xf7, 0x0, 0x0, 0x0, 0x0,
    0x0, 0x8f, 0xff, 0xf3, 0x0, 0x0, 0x0, 0xc,
    0xff, 0xff, 0xf1, 0x0, 0x0, 0x0, 0x0, 0x0,
    0x4f, 0xff, 0xfc, 0x0, 0x0, 0x0, 0x5, 0xff,
    0xff, 0x90, 0x0, 0x0, 0x0, 0x0, 0x1, 0xef,
    0xff, 0xff, 0xa0, 0x0, 0x0, 0x1, 0xff, 0xff,
    0x30, 0x0, 0x0, 0x0, 0x0, 0xb, 0xff, 0xff,
    0xff, 0xf6, 0x0, 0x0, 0xb, 0xff, 0xff, 0xb0,
    0x0, 0x0, 0x0, 0x0, 0x7f, 0xff, 0xc4, 0xff,
    0xff, 0x20, 0x0, 0xaf, 0xff, 0xff, 0xf9, 0x0,
    0x0, 0x0, 0x9, 0xff, 0xfe, 0x10, 0x8f, 0xff,
    0x80, 0xa, 0xff, 0xff, 0xff, 0xff, 0x70, 0x0,
    0x1, 0xcf, 0xff, 0xf4, 0x0, 0xd, 0xf7, 0x2,
    0xcf, 0xff, 0xf4, 0x6f, 0xff, 0xfa, 0x0, 0xc,
    0xff, 0xff, 0x60, 0x0, 0x3, 0x41, 0x8f, 0xff,
    0xff, 0x40, 0x9, 0xff, 0xff, 0xd2, 0x2, 0xef,
    0xe4, 0x0, 0x0, 0x0, 0x9, 0xff, 0xff, 0xe3,
    0x0, 0x0, 0xaf, 0xff, 0xc1, 0x0, 0x3d, 0x20,
    0x0, 0x0, 0x0, 0x0, 0x9f, 0xf9, 0x10, 0x0,
    0x0, 0x8, 0xfe, 0x10, 0x0, 0x0, 0x0, 0x0,
    0x0, 0x0, 0x0, 0x9, 0x30, 0x0, 0x0, 0x0,
    0x0, 0x53, 0x0,

    /* U+6578 "數" */
    0x0, 0x0, 0x0, 0x1, 0x44, 0x10, 0x0, 0x0,
    0x0, 0x1, 0x20, 0x0, 0x0, 0x0, 0x0, 0x0,
    0x0, 0x0, 0x5, 0xff, 0x50, 0x0, 0x0, 0x0,
    0x8, 0xff, 0x80, 0x0, 0x0, 0x0, 0x0, 0x2e,
    0xee, 0xef, 0xff, 0xfe, 0xee, 0xe8, 0x0, 0xb,
    0xff, 0x60, 0x0, 0x0, 0x0, 0x0, 0x2f, 0xff,
    0xff, 0xff, 0xff, 0xff, 0xf8, 0x0, 0xf, 0xff,
    0x20, 0x0, 0x0, 0x0, 0x0, 0x2f, 0xfa, 0x58,
    0xff, 0x95, 0x8f, 0xf8, 0x0, 0x2f, 0xff, 0x0,
    0x0, 0x0, 0x0, 0xa, 0xbf, 0xfc, 0x8a, 0xff,
    0xb8, 0xaf, 0xfd, 0xa1, 0x6f, 0xfb, 0x0, 0x0,
    0x0, 0x0, 0xf, 0xff, 0xff, 0xff, 0xff, 0xff,
    0xff, 0xff, 0xf2, 0x9f, 0xff, 0xff, 0xff, 0xff,
    0xf1, 0xf, 0xff, 0xfe, 0xcd, 0xff, 0xdc, 0xdf,
    0xff, 0xf2, 0xdf, 0xff, 0xff, 0xff, 0xff, 0xf1,
    0x0, 0x2f, 0xf8, 0x5, 0xff, 0x60, 0x4f, 0xf8,
    0x2, 0xff, 0xff, 0xff, 0xff, 0xff, 0xf1, 0x0,
    0x2f, 0xff, 0xff, 0xff, 0xff, 0xff, 0xf8, 0x7,
    0xff, 0xe2, 0x24, 0xff, 0xf2, 0x20, 0x0, 0x2f,
    0xff, 0xff, 0xff, 0xff, 0xff, 0xf8, 0xd, 0xff,
    0xf0, 0x3, 0xff, 0xd0, 0x0, 0x0, 0x3, 0x33,
    0x37, 0xff, 0x83, 0x33, 0x31, 0x4f, 0xff, 0xf3,
    0x6, 0xff, 0xa0, 0x0, 0x0, 0xaf, 0xff, 0xff,
    0xff, 0xff, 0xff, 0xfe, 0xbf, 0xff, 0xf6, 0x8,
    0xff, 0x80, 0x0, 0x0, 0xaf, 0xff, 0xff, 0xff,
    0xff, 0xff, 0xff, 0xff, 0xff, 0xf9, 0xb, 0xff,
    0x50, 0x0, 0x0, 0xaf, 0xf5, 0x5, 0xff, 0x60,
    0x3f, 0xff, 0xff, 0xcd, 0xfe, 0xf, 0xff, 0x10,
    0x0, 0x0, 0xaf, 0xf7, 0x48, 0xff, 0x84, 0x6f,
    0xff, 0x7f, 0x59, 0xff, 0x5f, 0xfe, 0x0, 0x0,
    0x0, 0xaf, 0xff, 0xff, 0xff, 0xff, 0xff, 0xff,
    0x7, 0x6, 0xff, 0xdf, 0xf9, 0x0, 0x0, 0x0,
    0x7b, 0xbb, 0xef, 0xfe, 0xbb, 0xbb, 0xbb, 0x0,
    0x1, 0xff, 0xff, 0xf4, 0x0, 0x0, 0x2, 0x22,
    0x23, 0xef, 0xf5, 0x27, 0xff, 0x92, 0x20, 0x0,
    0xcf, 0xff, 0xe0, 0x0, 0x0, 0xe, 0xff, 0xff,
    0xff, 0xff, 0xff, 0xff, 0xff, 0xf0, 0x0, 0x7f,
    0xff, 0x80, 0x0, 0x0, 0xe, 0xff, 0xff, 0xff,
    0xff, 0xff, 0xff, 0xff, 0xf0, 0x0, 0x6f, 0xff,
    0x50, 0x0, 0x0, 0x3, 0x44, 0xff, 0xf7, 0x44,
    0x4e, 0xff, 0x54, 0x40, 0x3, 0xff, 0xff, 0xe1,
    0x0, 0x0, 0x0, 0x9, 0xff, 0xf8, 0x30, 0x8f,
    0xfd, 0x0, 0x0, 0x1e, 0xff, 0xff, 0xfb, 0x0,
    0x0, 0x0, 0x2d, 0xff, 0xff, 0xfe, 0xff, 0xf3,
    0x0, 0x2, 0xcf, 0xff, 0xbf, 0xff, 0x70, 0x0,
    0x0, 0x0, 0x16, 0xdf, 0xff, 0xff, 0xe5, 0x0,
    0x6f, 0xff, 0xf4, 0xd, 0xff, 0xfa, 0x0, 0x0,
    0x3, 0x7c, 0xff, 0xff, 0xff, 0xff, 0xeb, 0xff,
    0xff, 0x50, 0x3, 0xff, 0xff, 0xd2, 0x1c, 0xff,
    0xff, 0xff, 0xd6, 0x3a, 0xff, 0xff, 0xff, 0xe5,
    0x0, 0x0, 0x5f, 0xff, 0xc0, 0xa, 0xff, 0xfd,
    0x93, 0x0, 0x0, 0x2a, 0x5f, 0xfa, 0x10, 0x0,
    0x0, 0x3, 0xed, 0x0, 0x2, 0x85, 0x10, 0x0,
    0x0, 0x0, 0x0, 0x6, 0x40, 0x0, 0x0, 0x0,
    0x0, 0x23, 0x0,

    /* U+65B0 "新" */
    0x0, 0x0, 0x0, 0x48, 0xc8, 0x0, 0x0, 0x0,
    0x0, 0x0, 0x0, 0x0, 0x4, 0x0, 0x0, 0x0,
    0x0, 0x0, 0xff, 0xff, 0x0, 0x0, 0x0, 0x0,
    0x0, 0x0, 0x49, 0xef, 0xb0, 0x0, 0x0, 0x0,
    0x0, 0x9f, 0xff, 0x60, 0x0, 0x0, 0x0, 0x47,
    0xbf, 0xff, 0xff, 0xfc, 0x10, 0x5, 0xbb, 0xbb,
    0xdf, 0xff, 0xeb, 0xbb, 0xb0, 0x3f, 0xff, 0xff,
    0xff, 0xff, 0xe9, 0x20, 0x7, 0xff, 0xff, 0xff,
    0xff, 0xff, 0xff, 0xf0, 0x3f, 0xff, 0xff, 0xfc,
    0x83, 0x0, 0x0, 0x7, 0xff, 0xff, 0xff, 0xff,
    0xff, 0xff, 0xf0, 0x3f, 0xff, 0x73, 0x0, 0x0,
    0x0, 0x0, 0x1, 0x26, 0xbf, 0x42, 0x22, 0xbe,
    0xb6, 0x20, 0x3f, 0xff, 0x10, 0x0, 0x0, 0x0,
    0x0, 0x0, 0xb, 0xff, 0x70, 0x0, 0xef, 0xf7,
    0x0, 0x3f, 0xff, 0x10, 0x0, 0x0, 0x0, 0x0,
    0x0, 0x7, 0xff, 0xb0, 0x3, 0xff, 0xf1, 0x0,
    0x3f, 0xff, 0x10, 0x0, 0x0, 0x0, 0x0, 0x0,
    0x3, 0xff, 0xb0, 0x8, 0xff, 0xb0, 0x0, 0x3f,
    0xff, 0x10, 0x0, 0x0, 0x0, 0x0, 0x9, 0xaa,
    0xfc, 0xaa, 0xae, 0xff, 0xca, 0xa5, 0x3f, 0xff,
    0x75, 0x55, 0x55, 0x55, 0x51, 0xe, 0xff, 0xff,
    0xff, 0xff, 0xff, 0xff, 0xf8, 0x3f, 0xff, 0xff,
    0xff, 0xff, 0xff, 0xf3, 0xe, 0xff, 0xff, 0xff,
    0xff, 0xff, 0xff, 0xf8, 0x3f, 0xff, 0xff, 0xff,
    0xff, 0xff, 0xf3, 0x4, 0x55, 0x55, 0x6f, 0xff,
    0x85, 0x55, 0x52, 0x3f, 0xff, 0xff, 0xff, 0xff,
    0xff, 0xf3, 0x0, 0x0, 0x0, 0x2f, 0xff, 0x50,
    0x0, 0x0, 0x4f, 0xff, 0x10, 0x5f, 0xff, 0x20,
    0x0, 0x9, 0xcc, 0xcc, 0xcf, 0xff, 0xdc, 0xcc,
    0xc0, 0x4f, 0xff, 0x10, 0x5f, 0xff, 0x20, 0x0,
    0xb, 0xff, 0xff, 0xff, 0xff, 0xff, 0xff, 0xf0,
    0x5f, 0xff, 0x0, 0x5f, 0xff, 0x20, 0x0, 0xb,
    0xff, 0xff, 0xff, 0xff, 0xff, 0xff, 0xf0, 0x6f,
    0xff, 0x0, 0x5f, 0xff, 0x20, 0x0, 0x2, 0x33,
    0x33, 0x5f, 0xff, 0x83, 0x34, 0x30, 0x6f, 0xff,
    0x0, 0x5f, 0xff, 0x20, 0x0, 0x0, 0x7, 0x50,
    0x2f, 0xff, 0x51, 0xaa, 0x0, 0x9f, 0xfd, 0x0,
    0x5f, 0xff, 0x20, 0x0, 0x0, 0x1f, 0xfe, 0x2f,
    0xff, 0x5d, 0xff, 0x40, 0xbf, 0xfb, 0x0, 0x5f,
    0xff, 0x20, 0x0, 0x0, 0x7f, 0xf9, 0x2f, 0xff,
    0x55, 0xff, 0xd0, 0xef, 0xfa, 0x0, 0x5f, 0xff,
    0x20, 0x0, 0x0, 0xef, 0xf2, 0x2f, 0xff, 0x50,
    0xdf, 0xf8, 0xff, 0xf7, 0x0, 0x5f, 0xff, 0x20,
    0x0, 0x7, 0xff, 0xc0, 0x2f, 0xff, 0x50, 0x6f,
    0xfe, 0xff, 0xf3, 0x0, 0x5f, 0xff, 0x20, 0x0,
    0x1f, 0xff, 0x40, 0x2f, 0xff, 0x50, 0xc, 0x4e,
    0xff, 0xf0, 0x0, 0x5f, 0xff, 0x20, 0x0, 0x7,
    0xfc, 0x0, 0x2f, 0xff, 0x50, 0x0, 0x5f, 0xff,
    0xb0, 0x0, 0x5f, 0xff, 0x20, 0x0, 0x0, 0x43,
    0x0, 0x2f, 0xff, 0x50, 0x0, 0xbf, 0xff, 0x50,
    0x0, 0x5f, 0xff, 0x20, 0x0, 0x0, 0x0, 0x0,
    0x2f, 0xff, 0x50, 0x0, 0x1b, 0xfd, 0x0, 0x0,
    0x5f, 0xff, 0x20, 0x0, 0x0, 0x0, 0x0, 0x2e,
    0xee, 0x40, 0x0, 0x0, 0x86, 0x0, 0x0, 0x5f,
    0xff, 0x20, 0x0, 0x0, 0x0, 0x0, 0x0, 0x0,
    0x0, 0x0, 0x0, 0x0, 0x0, 0x0, 0x0, 0x0,
    0x0, 0x0,

    /* U+65B9 "方" */
    0x0, 0x0, 0x0, 0x0, 0x0, 0x0, 0x2, 0x83,
    0x0, 0x0, 0x0, 0x0, 0x0, 0x0, 0x0, 0x0,
    0x0, 0x0, 0x0, 0x2, 0xcf, 0xfc, 0x0, 0x0,
    0x0, 0x0, 0x0, 0x0, 0x0, 0x0, 0x0, 0x0,
    0x0, 0x0, 0xef, 0xff, 0x50, 0x0, 0x0, 0x0,
    0x0, 0x0, 0x0, 0x0, 0x0, 0x0, 0x0, 0x0,
    0x8f, 0xff, 0xc0, 0x0, 0x0, 0x0, 0x0, 0x0,
    0x0, 0x0, 0x0, 0x0, 0x0, 0x0, 0x1f, 0xff,
    0xe1, 0x0, 0x0, 0x0, 0x0, 0x0, 0x18, 0x88,
    0x88, 0x88, 0x88, 0x88, 0x8d, 0xfe, 0x98, 0x88,
    0x88, 0x88, 0x88, 0x86, 0x3f, 0xff, 0xff, 0xff,
    0xff, 0xff, 0xff, 0xff, 0xff, 0xff, 0xff, 0xff,
    0xff, 0xfa, 0x3f, 0xff, 0xff, 0xff, 0xff, 0xff,
    0xff, 0xff, 0xff, 0xff, 0xff, 0xff, 0xff, 0xfa,
    0x3f, 0xff, 0xff, 0xff, 0xff, 0xff, 0xff, 0xff,
    0xff, 0xff, 0xff, 0xff, 0xff, 0xfa, 0x0, 0x0,
    0x0, 0x0, 0xbf, 0xff, 0x40, 0x0, 0x0, 0x0,
    0x0, 0x0, 0x0, 0x0, 0x0, 0x0, 0x0, 0x0,
    0xcf, 0xff, 0x20, 0x0, 0x0, 0x0, 0x0, 0x0,
    0x0, 0x0, 0x0, 0x0, 0x0, 0x0, 0xdf, 0xff,
    0x10, 0x0, 0x0, 0x0, 0x0, 0x0, 0x0, 0x0,
    0x0, 0x0, 0x0, 0x0, 0xef, 0xff, 0x88, 0x88,
    0x88, 0x88, 0x88, 0x88, 0x60, 0x0, 0x0, 0x0,
    0x0, 0x0, 0xff, 0xff, 0xff, 0xff, 0xff, 0xff,
    0xff, 0xff, 0xb0, 0x0, 0x0, 0x0, 0x0, 0x2,
    0xff, 0xff, 0xff, 0xff, 0xff, 0xff, 0xff, 0xff,
    0xa0, 0x0, 0x0, 0x0, 0x0, 0x4, 0xff, 0xff,
    0xff, 0xff, 0xff, 0xff, 0xff, 0xff, 0x90, 0x0,
    0x0, 0x0, 0x0, 0x8, 0xff, 0xf5, 0x0, 0x0,
    0x0, 0x0, 0x2f, 0xff, 0x80, 0x0, 0x0, 0x0,
    0x0, 0xc, 0xff, 0xf1, 0x0, 0x0, 0x0, 0x0,
    0x3f, 0xff, 0x70, 0x0, 0x0, 0x0, 0x0, 0x1f,
    0xff, 0xd0, 0x0, 0x0, 0x0, 0x0, 0x5f, 0xff,
    0x50, 0x0, 0x0, 0x0, 0x0, 0x7f, 0xff, 0x90,
    0x0, 0x0, 0x0, 0x0, 0x6f, 0xff, 0x40, 0x0,
    0x0, 0x0, 0x0, 0xef, 0xff, 0x20, 0x0, 0x0,
    0x0, 0x0, 0x8f, 0xff, 0x20, 0x0, 0x0, 0x0,
    0x7, 0xff, 0xfb, 0x0, 0x0, 0x0, 0x0, 0x0,
    0xbf, 0xff, 0x0, 0x0, 0x0, 0x0, 0x2f, 0xff,
    0xf4, 0x0, 0x0, 0x0, 0x0, 0x0, 0xdf, 0xfe,
    0x0, 0x0, 0x0, 0x1, 0xdf, 0xff, 0xc0, 0x0,
    0x0, 0x0, 0x0, 0x1, 0xff, 0xfb, 0x0, 0x0,
    0x0, 0x2d, 0xff, 0xfe, 0x10, 0x0, 0x0, 0x0,
    0x0, 0x7, 0xff, 0xf8, 0x0, 0x0, 0x5, 0xff,
    0xff, 0xf4, 0x0, 0x0, 0x18, 0x77, 0x66, 0x8f,
    0xff, 0xf4, 0x0, 0x0, 0x6f, 0xff, 0xff, 0x70,
    0x0, 0x0, 0xc, 0xff, 0xff, 0xff, 0xff, 0xd0,
    0x0, 0x0, 0x9, 0xff, 0xf7, 0x0, 0x0, 0x0,
    0x5, 0xff, 0xff, 0xff, 0xfe, 0x30, 0x0, 0x0,
    0x0, 0xce, 0x40, 0x0, 0x0, 0x0, 0x2, 0xff,
    0xff, 0xfd, 0x91, 0x0, 0x0, 0x0, 0x0, 0x11,
    0x0, 0x0, 0x0, 0x0, 0x0, 0x0, 0x0, 0x0,
    0x0, 0x0, 0x0, 0x0,

    /* U+666E "普" */
    0x0, 0x0, 0x0, 0x1, 0x61, 0x0, 0x0, 0x0,
    0x0, 0x6, 0x20, 0x0, 0x0, 0x0, 0x0, 0x0,
    0x0, 0xaf, 0xfc, 0x0, 0x0, 0x0, 0x0, 0x7f,
    0xfd, 0x40, 0x0, 0x0, 0x0, 0x0, 0x0, 0xaf,
    0xff, 0x60, 0x0, 0x0, 0x1, 0xef, 0xfe, 0x10,
    0x0, 0x0, 0x0, 0x0, 0x0, 0x2f, 0xff, 0x90,
    0x0, 0x0, 0xa, 0xff, 0xf6, 0x0, 0x0, 0x0,
    0x0, 0xef, 0xff, 0xff, 0xff, 0xff, 0xff, 0xff,
    0xff, 0xff, 0xff, 0xff, 0xff, 0x70, 0x0, 0xef,
    0xff, 0xff, 0xff, 0xff, 0xff, 0xff, 0xff, 0xff,
    0xff, 0xff, 0xff, 0x70, 0x0, 0xcd, 0xdf, 0xed,
    0xde, 0xff, 0xfd, 0xdf, 0xff, 0xfd, 0xde, 0xfd,
    0xdd, 0x60, 0x0, 0x5, 0xbf, 0x90, 0x8, 0xff,
    0xd0, 0xb, 0xff, 0xa0, 0x8, 0xfd, 0x80, 0x0,
    0x0, 0x7, 0xff, 0xf2, 0x8, 0xff, 0xd0, 0xb,
    0xff, 0xa0, 0xe, 0xff, 0x90, 0x0, 0x0, 0x0,
    0xef, 0xf9, 0x8, 0xff, 0xd0, 0xb, 0xff, 0xa0,
    0x4f, 0xff, 0x20, 0x0, 0x0, 0x0, 0x8f, 0xfe,
    0x8, 0xff, 0xd0, 0xb, 0xff, 0xa0, 0xbf, 0xfa,
    0x0, 0x0, 0x0, 0x0, 0x4f, 0xa3, 0x8, 0xff,
    0xd0, 0xb, 0xff, 0xb1, 0x7c, 0xf3, 0x0, 0x0,
    0x7f, 0xff, 0xff, 0xff, 0xff, 0xff, 0xff, 0xff,
    0xff, 0xff, 0xff, 0xff, 0xff, 0xfe, 0x7f, 0xff,
    0xff, 0xff, 0xff, 0xff, 0xff, 0xff, 0xff, 0xff,
    0xff, 0xff, 0xff, 0xfe, 0x6d, 0xdd, 0xdd, 0xdd,
    0xdd, 0xdd, 0xdd, 0xdd, 0xdd, 0xdd, 0xdd, 0xdd,
    0xdd, 0xdc, 0x0, 0x0, 0x0, 0x0, 0x0, 0x0,
    0x0, 0x0, 0x0, 0x0, 0x0, 0x0, 0x0, 0x0,
    0x0, 0x0, 0xcf, 0xff, 0xff, 0xff, 0xff, 0xff,
    0xff, 0xff, 0xff, 0xff, 0x30, 0x0, 0x0, 0x0,
    0xcf, 0xff, 0xff, 0xff, 0xff, 0xff, 0xff, 0xff,
    0xff, 0xff, 0x30, 0x0, 0x0, 0x0, 0xcf, 0xfe,
    0xaa, 0xaa, 0xaa, 0xaa, 0xaa, 0xaa, 0xcf, 0xff,
    0x30, 0x0, 0x0, 0x0, 0xcf, 0xfc, 0x0, 0x0,
    0x0, 0x0, 0x0, 0x0, 0x7f, 0xff, 0x30, 0x0,
    0x0, 0x0, 0xcf, 0xfe, 0x99, 0x99, 0x99, 0x99,
    0x99, 0x99, 0xcf, 0xff, 0x30, 0x0, 0x0, 0x0,
    0xcf, 0xff, 0xff, 0xff, 0xff, 0xff, 0xff, 0xff,
    0xff, 0xff, 0x30, 0x0, 0x0, 0x0, 0xcf, 0xff,
    0xff, 0xff, 0xff, 0xff, 0xff, 0xff, 0xff, 0xff,
    0x30, 0x0, 0x0, 0x0, 0xcf, 0xfc, 0x0, 0x0,
    0x0, 0x0, 0x0, 0x0, 0x7f, 0xff, 0x30, 0x0,
    0x0, 0x0, 0xcf, 0xfc, 0x0, 0x0, 0x0, 0x0,
    0x0, 0x0, 0x7f, 0xff, 0x30, 0x0, 0x0, 0x0,
    0xcf, 0xff, 0xff, 0xff, 0xff, 0xff, 0xff, 0xff,
    0xff, 0xff, 0x30, 0x0, 0x0, 0x0, 0xcf, 0xff,
    0xff, 0xff, 0xff, 0xff, 0xff, 0xff, 0xff, 0xff,
    0x30, 0x0, 0x0, 0x0, 0xcf, 0xff, 0xcc, 0xcc,
    0xcc, 0xcc, 0xcc, 0xcc, 0xdf, 0xff, 0x30, 0x0,
    0x0, 0x0, 0xcf, 0xfc, 0x0, 0x0, 0x0, 0x0,
    0x0, 0x0, 0x6d, 0xdd, 0x30, 0x0,

    /* U+672A "未" */
    0x0, 0x0, 0x0, 0x0, 0x0, 0x0, 0x2, 0x22,
    0x20, 0x0, 0x0, 0x0, 0x0, 0x0, 0x0, 0x0,
    0x0, 0x0, 0x0, 0x0, 0x0, 0xb, 0xff, 0xf1,
    0x0, 0x0, 0x0, 0x0, 0x0, 0x0, 0x0, 0x0,
    0x0, 0x0, 0x0, 0x0, 0xb, 0xff, 0xf1, 0x0,
    0x0, 0x0, 0x0, 0x0, 0x0, 0x0, 0x0, 0x0,
    0x0, 0x0, 0x0, 0xb, 0xff, 0xf1, 0x0, 0x0,
    0x0, 0x0, 0x0, 0x0, 0x0, 0x0, 0x0, 0x0,
    0x0, 0x0, 0xb, 0xff, 0xf1, 0x0, 0x0, 0x0,
    0x0, 0x0, 0x0, 0x0, 0x0, 0xef, 0xff, 0xff,
    0xff, 0xff, 0xff, 0xff, 0xff, 0xff, 0xff, 0xff,
    0x80, 0x0, 0x0, 0x0, 0xef, 0xff, 0xff, 0xff,
    0xff, 0xff, 0xff, 0xff, 0xff, 0xff, 0xff, 0x80,
    0x0, 0x0, 0x0, 0xef, 0xff, 0xff, 0xff, 0xff,
    0xff, 0xff, 0xff, 0xff, 0xff, 0xff, 0x80, 0x0,
    0x0, 0x0, 0x89, 0x99, 0x99, 0x99, 0x9e, 0xff,
    0xfa, 0x99, 0x99, 0x99, 0x99, 0x50, 0x0, 0x0,
    0x0, 0x0, 0x0, 0x0, 0x0, 0xb, 0xff, 0xf1,
    0x0, 0x0, 0x0, 0x0, 0x0, 0x0, 0x0, 0x0,
    0x0, 0x0, 0x0, 0x0, 0xb, 0xff, 0xf1, 0x0,
    0x0, 0x0, 0x0, 0x0, 0x0, 0x0, 0x0, 0x0,
    0x0, 0x0, 0x0, 0xb, 0xff, 0xf1, 0x0, 0x0,
    0x0, 0x0, 0x0, 0x0, 0x1, 0x88, 0x88, 0x88,
    0x88, 0x88, 0x8e, 0xff, 0xf9, 0x88, 0x88, 0x88,
    0x88, 0x88, 0x60, 0x2, 0xff, 0xff, 0xff, 0xff,
    0xff, 0xff, 0xff, 0xff, 0xff, 0xff, 0xff, 0xff,
    0xff, 0xb0, 0x2, 0xff, 0xff, 0xff, 0xff, 0xff,
    0xff, 0xff, 0xff, 0xff, 0xff, 0xff, 0xff, 0xff,
    0xb0, 0x2, 0xff, 0xff, 0xff, 0xff, 0xff, 0xff,
    0xff, 0xff, 0xff, 0xff, 0xff, 0xff, 0xff, 0xb0,
    0x0, 0x0, 0x0, 0x0, 0x0, 0xc, 0xff, 0xff,
    0xff, 0xf4, 0x0, 0x0, 0x0, 0x0, 0x0, 0x0,
    0x0, 0x0, 0x0, 0x0, 0xbf, 0xff, 0xff, 0xff,
    0xfe, 0x20, 0x0, 0x0, 0x0, 0x0, 0x0, 0x0,
    0x0, 0x0, 0x9, 0xff, 0xff, 0xff, 0xff, 0xff,
    0xe2, 0x0, 0x0, 0x0, 0x0, 0x0, 0x0, 0x0,
    0x0, 0xaf, 0xff, 0xfd, 0xff, 0xfb, 0xff, 0xfe,
    0x30, 0x0, 0x0, 0x0, 0x0, 0x0, 0x0, 0x1c,
    0xff, 0xff, 0x3b, 0xff, 0xf1, 0xaf, 0xff, 0xf4,
    0x0, 0x0, 0x0, 0x0, 0x0, 0x4, 0xef, 0xff,
    0xf3, 0xb, 0xff, 0xf1, 0xb, 0xff, 0xff, 0x80,
    0x0, 0x0, 0x0, 0x0, 0x9f, 0xff, 0xff, 0x40,
    0xb, 0xff, 0xf1, 0x0, 0xbf, 0xff, 0xfc, 0x20,
    0x0, 0x0, 0x6e, 0xff, 0xff, 0xf4, 0x0, 0xb,
    0xff, 0xf1, 0x0, 0xc, 0xff, 0xff, 0xf9, 0x10,
    0xd, 0xff, 0xff, 0xfe, 0x30, 0x0, 0xb, 0xff,
    0xf1, 0x0, 0x0, 0xaf, 0xff, 0xff, 0xf3, 0x3,
    0xff, 0xff, 0xc1, 0x0, 0x0, 0xb, 0xff, 0xf1,
    0x0, 0x0, 0x7, 0xff, 0xff, 0x80, 0x0, 0x5f,
    0xf6, 0x0, 0x0, 0x0, 0xb, 0xff, 0xf1, 0x0,
    0x0, 0x0, 0x3c, 0xfb, 0x0, 0x0, 0x6, 0x10,
    0x0, 0x0, 0x0, 0xb, 0xff, 0xf1, 0x0, 0x0,
    0x0, 0x0, 0x61, 0x0, 0x0, 0x0, 0x0, 0x0,
    0x0, 0x0, 0xb, 0xff, 0xf1, 0x0, 0x0, 0x0,
    0x0, 0x0, 0x0,

    /* U+675F "束" */
    0x0, 0x0, 0x0, 0x0, 0x0, 0x0, 0x2, 0x22,
    0x20, 0x0, 0x0, 0x0, 0x0, 0x0, 0x0, 0x0,
    0x0, 0x0, 0x0, 0x0, 0x0, 0xe, 0xff, 0xd0,
    0x0, 0x0, 0x0, 0x0, 0x0, 0x0, 0x0, 0x0,
    0x0, 0x0, 0x0, 0x0, 0xe, 0xff, 0xd0, 0x0,
    0x0, 0x0, 0x0, 0x0, 0x0, 0x0, 0xce, 0xee,
    0xee, 0xee, 0xee, 0xef, 0xff, 0xfe, 0xee, 0xee,
    0xee, 0xee, 0xed, 0x0, 0x0, 0xdf, 0xff, 0xff,
    0xff, 0xff, 0xff, 0xff, 0xff, 0xff, 0xff, 0xff,
    0xff, 0xfe, 0x0, 0x0, 0xdf, 0xff, 0xff, 0xff,
    0xff, 0xff, 0xff, 0xff, 0xff, 0xff, 0xff, 0xff,
    0xfe, 0x0, 0x0, 0x56, 0x66, 0x66, 0x66, 0x66,
    0x6f, 0xff, 0xe6, 0x66, 0x66, 0x66, 0x66, 0x66,
    0x0, 0x0, 0x0, 0x0, 0x0, 0x0, 0x0, 0xe,
    0xff, 0xd0, 0x0, 0x0, 0x0, 0x0, 0x0, 0x0,
    0x0, 0x0, 0x0, 0x0, 0x0, 0x0, 0xe, 0xff,
    0xd0, 0x0, 0x0, 0x0, 0x0, 0x0, 0x0, 0x0,
    0x0, 0xef, 0xff, 0xff, 0xff, 0xff, 0xff, 0xff,
    0xff, 0xff, 0xff, 0xff, 0x20, 0x0, 0x0, 0x0,
    0xef, 0xff, 0xff, 0xff, 0xff, 0xff, 0xff, 0xff,
    0xff, 0xff, 0xff, 0x20, 0x0, 0x0, 0x0, 0xef,
    0xff, 0xff, 0xff, 0xff, 0xff, 0xff, 0xff, 0xff,
    0xff, 0xff, 0x20, 0x0, 0x0, 0x0, 0xef, 0xfa,
    0x22, 0x22, 0x2e, 0xff, 0xd2, 0x22, 0x22, 0x9f,
    0xff, 0x20, 0x0, 0x0, 0x0, 0xef, 0xf9, 0x0,
    0x0, 0xe, 0xff, 0xd0, 0x0, 0x0, 0x8f, 0xff,
    0x20, 0x0, 0x0, 0x0, 0xef, 0xf9, 0x0, 0x0,
    0xe, 0xff, 0xd0, 0x0, 0x0, 0x8f, 0xff, 0x20,
    0x0, 0x0, 0x0, 0xef, 0xfb, 0x44, 0x44, 0x4f,
    0xff, 0xe4, 0x44, 0x44, 0xaf, 0xff, 0x20, 0x0,
    0x0, 0x0, 0xef, 0xff, 0xff, 0xff, 0xff, 0xff,
    0xff, 0xff, 0xff, 0xff, 0xff, 0x20, 0x0, 0x0,
    0x0, 0xef, 0xff, 0xff, 0xff, 0xff, 0xff, 0xff,
    0xff, 0xff, 0xff, 0xff, 0x20, 0x0, 0x0, 0x0,
    0xce, 0xee, 0xee, 0xef, 0xff, 0xff, 0xff, 0xfe,
    0xee, 0xee, 0xee, 0x20, 0x0, 0x0, 0x0, 0x0,
    0x0, 0x0, 0x8f, 0xff, 0xff, 0xff, 0xf9, 0x0,
    0x0, 0x0, 0x0, 0x0, 0x0, 0x0, 0x0, 0x0,
    0xa, 0xff, 0xff, 0xff, 0xff, 0xff, 0xb0, 0x0,
    0x0, 0x0, 0x0, 0x0, 0x0, 0x0, 0x3, 0xdf,
    0xff, 0xff, 0xff, 0xee, 0xff, 0xfe, 0x40, 0x0,
    0x0, 0x0, 0x0, 0x0, 0x0, 0x7f, 0xff, 0xfd,
    0x2e, 0xff, 0xd1, 0xdf, 0xff, 0xf9, 0x10, 0x0,
    0x0, 0x0, 0x0, 0x6e, 0xff, 0xff, 0xc1, 0xe,
    0xff, 0xd0, 0xb, 0xff, 0xff, 0xf7, 0x0, 0x0,
    0x1, 0x7d, 0xff, 0xff, 0xf9, 0x0, 0xe, 0xff,
    0xd0, 0x0, 0x9f, 0xff, 0xff, 0xe8, 0x20, 0xc,
    0xff, 0xff, 0xff, 0x60, 0x0, 0xe, 0xff, 0xd0,
    0x0, 0x6, 0xff, 0xff, 0xff, 0xc0, 0x1, 0xdf,
    0xff, 0xb1, 0x0, 0x0, 0xe, 0xff, 0xd0, 0x0,
    0x0, 0x1b, 0xff, 0xfd, 0x10, 0x0, 0x3f, 0xb4,
    0x0, 0x0, 0x0, 0xe, 0xff, 0xd0, 0x0, 0x0,
    0x0, 0x4c, 0xf3, 0x0, 0x0, 0x1, 0x0, 0x0,
    0x0, 0x0, 0xe, 0xff, 0xd0, 0x0, 0x0, 0x0,
    0x0, 0x20, 0x0,

    /* U+6975 "極" */
    0x0, 0x0, 0x22, 0x20, 0x0, 0x0, 0x0, 0x0,
    0x0, 0x0, 0x0, 0x0, 0x0, 0x0, 0x0, 0x0,
    0xf, 0xff, 0x20, 0x2f, 0xff, 0xff, 0xff, 0xff,
    0xff, 0xff, 0xff, 0xff, 0xf0, 0x0, 0x0, 0xff,
    0xf2, 0x2, 0xff, 0xff, 0xff, 0xff, 0xff, 0xff,
    0xff, 0xff, 0xff, 0x0, 0x0, 0xf, 0xff, 0x20,
    0x2f, 0xff, 0xff, 0xff, 0xff, 0xff, 0xff, 0xff,
    0xff, 0xf0, 0x0, 0x0, 0xff, 0xf2, 0x0, 0x22,
    0x22, 0x2c, 0xff, 0x82, 0x22, 0x22, 0x22, 0x22,
    0x0, 0x22, 0x2f, 0xff, 0x42, 0x20, 0x0, 0x1,
    0xff, 0xf3, 0x0, 0x0, 0x0, 0x0, 0x0, 0xd,
    0xff, 0xff, 0xff, 0xff, 0x10, 0x0, 0x5f, 0xff,
    0xcc, 0xc0, 0x0, 0x0, 0x0, 0x0, 0xdf, 0xff,
    0xff, 0xff, 0xf1, 0x0, 0xb, 0xff, 0xff, 0xff,
    0x39, 0x99, 0x99, 0x72, 0xd, 0xff, 0xff, 0xff,
    0xff, 0x10, 0x1, 0xcc, 0xcc, 0xff, 0xf4, 0xff,
    0xff, 0xff, 0x80, 0x0, 0xf, 0xff, 0x20, 0xd,
    0xff, 0xff, 0xf2, 0xf, 0xff, 0x4f, 0xff, 0xff,
    0xf6, 0x0, 0x2, 0xff, 0xf4, 0x0, 0xef, 0xff,
    0xff, 0x20, 0xff, 0xf0, 0x0, 0xa, 0xff, 0x30,
    0x0, 0x7f, 0xff, 0xd0, 0xe, 0xfc, 0xbf, 0xf2,
    0x1f, 0xff, 0x8, 0x70, 0xdf, 0xf0, 0x0, 0xb,
    0xff, 0xff, 0x70, 0xef, 0x63, 0xff, 0x21, 0xff,
    0xfb, 0xff, 0x5f, 0xfd, 0x0, 0x0, 0xff, 0xff,
    0xff, 0x2e, 0xf6, 0x3f, 0xf2, 0x1f, 0xff, 0x6f,
    0xff, 0xff, 0x90, 0x0, 0x5f, 0xff, 0xff, 0xfb,
    0xef, 0x63, 0xff, 0x21, 0xff, 0xf0, 0xbf, 0xff,
    0xf4, 0x0, 0xa, 0xff, 0xff, 0xdf, 0xff, 0xf6,
    0x3f, 0xf2, 0x2f, 0xff, 0x1, 0xef, 0xff, 0x0,
    0x1, 0xff, 0xff, 0xf6, 0xf8, 0xef, 0x63, 0xff,
    0x22, 0xff, 0xe0, 0x9, 0xff, 0xe0, 0x0, 0x7f,
    0xff, 0xff, 0x2a, 0xe, 0xfb, 0xaf, 0xf2, 0x3f,
    0xfe, 0x2, 0xff, 0xff, 0x80, 0xe, 0xff, 0xff,
    0xf2, 0x0, 0xef, 0xff, 0xff, 0x24, 0xff, 0xd0,
    0xcf, 0xff, 0xff, 0x27, 0xff, 0xaf, 0xff, 0x20,
    0xe, 0xff, 0xff, 0xf2, 0x5f, 0xfc, 0xaf, 0xff,
    0xcf, 0xf9, 0x4f, 0xf3, 0xff, 0xf2, 0x0, 0xce,
    0x50, 0x0, 0x8, 0xff, 0xff, 0xff, 0x71, 0xff,
    0x80, 0xcc, 0xf, 0xff, 0x20, 0x0, 0x0, 0x7,
    0xdd, 0xff, 0xf9, 0xdf, 0x90, 0x7, 0x40, 0x5,
    0x40, 0xff, 0xf2, 0x0, 0x0, 0x0, 0x2f, 0xff,
    0xff, 0x32, 0x70, 0x0, 0x0, 0x0, 0x0, 0xf,
    0xff, 0x20, 0x0, 0x0, 0x0, 0xff, 0xfd, 0x50,
    0x0, 0x0, 0x0, 0x0, 0x0, 0x0, 0xff, 0xf2,
    0x13, 0x33, 0x33, 0x33, 0x43, 0x33, 0x33, 0x33,
    0x33, 0x33, 0x20, 0x0, 0xf, 0xff, 0x29, 0xff,
    0xff, 0xff, 0xff, 0xff, 0xff, 0xff, 0xff, 0xff,
    0xfd, 0x0, 0x0, 0xff, 0xf2, 0x9f, 0xff, 0xff,
    0xff, 0xff, 0xff, 0xff, 0xff, 0xff, 0xff, 0xd0,
    0x0, 0xf, 0xff, 0x29, 0xff, 0xff, 0xff, 0xff,
    0xff, 0xff, 0xff, 0xff, 0xff, 0xfd, 0x0, 0x0,
    0xff, 0xf2, 0x0, 0x0, 0x0, 0x0, 0x0, 0x0,
    0x0, 0x0, 0x0, 0x0, 0x0,

    /* U+6A19 "標" */
    0x0, 0x0, 0x2, 0x22, 0x0, 0x0, 0x0, 0x0,
    0x0, 0x0, 0x0, 0x0, 0x0, 0x0, 0x0, 0x0,
    0x1, 0xff, 0xf2, 0x0, 0x12, 0x22, 0x22, 0x22,
    0x22, 0x22, 0x22, 0x22, 0x20, 0x0, 0x0, 0x1f,
    0xff, 0x20, 0xc, 0xff, 0xff, 0xff, 0xff, 0xff,
    0xff, 0xff, 0xff, 0x50, 0x0, 0x1, 0xff, 0xf2,
    0x0, 0xcf, 0xff, 0xff, 0xff, 0xff, 0xff, 0xff,
    0xff, 0xf5, 0x0, 0x0, 0x1f, 0xff, 0x20, 0x8,
    0xaa, 0xaa, 0xef, 0xfa, 0xdf, 0xfa, 0xaa, 0xaa,
    0x30, 0x0, 0x1, 0xff, 0xf2, 0x0, 0x3, 0x33,
    0x3c, 0xfe, 0x3a, 0xff, 0x33, 0x33, 0x20, 0xc,
    0xff, 0xff, 0xff, 0xff, 0xf5, 0xff, 0xff, 0xff,
    0xff, 0xff, 0xff, 0xff, 0xfc, 0x0, 0xdf, 0xff,
    0xff, 0xff, 0xff, 0x5f, 0xff, 0xff, 0xff, 0xff,
    0xff, 0xff, 0xff, 0xc0, 0xd, 0xff, 0xff, 0xff,
    0xff, 0xf5, 0xff, 0xc4, 0xdf, 0xe4, 0xbf, 0xf4,
    0x7f, 0xfc, 0x0, 0x55, 0x5c, 0xff, 0xf7, 0x55,
    0x4f, 0xfb, 0xb, 0xfd, 0x9, 0xff, 0x4, 0xff,
    0xc0, 0x0, 0x0, 0xef, 0xff, 0x30, 0x3, 0xff,
    0xd7, 0xdf, 0xe7, 0xcf, 0xf7, 0xaf, 0xfc, 0x0,
    0x0, 0x3f, 0xff, 0xfc, 0x0, 0x3f, 0xff, 0xff,
    0xff, 0xff, 0xff, 0xff, 0xff, 0xc0, 0x0, 0x8,
    0xff, 0xff, 0xf6, 0x3, 0xff, 0xff, 0xff, 0xff,
    0xff, 0xff, 0xff, 0xfc, 0x0, 0x0, 0xdf, 0xff,
    0xff, 0xf1, 0x0, 0x0, 0x0, 0x0, 0x0, 0x0,
    0x0, 0x0, 0x0, 0x0, 0x2f, 0xff, 0xff, 0xff,
    0xa0, 0xc, 0xcc, 0xcc, 0xcc, 0xcc, 0xcc, 0xcc,
    0x70, 0x0, 0x9, 0xff, 0xff, 0xfe, 0xff, 0x40,
    0xff, 0xff, 0xff, 0xff, 0xff, 0xff, 0xf9, 0x0,
    0x1, 0xff, 0xef, 0xff, 0x7f, 0xf7, 0xf, 0xff,
    0xff, 0xff, 0xff, 0xff, 0xff, 0x80, 0x0, 0x8f,
    0xf8, 0xff, 0xf3, 0xda, 0x0, 0x0, 0x0, 0x0,
    0x0, 0x0, 0x0, 0x0, 0x0, 0x2f, 0xff, 0x3f,
    0xff, 0x23, 0xa, 0xdd, 0xdd, 0xdd, 0xdd, 0xdd,
    0xdd, 0xdd, 0xdd, 0x57, 0xff, 0xb1, 0xff, 0xf2,
    0x0, 0xcf, 0xff, 0xff, 0xff, 0xff, 0xff, 0xff,
    0xff, 0xf6, 0x1f, 0xf5, 0x1f, 0xff, 0x20, 0xb,
    0xff, 0xff, 0xff, 0xff, 0xff, 0xff, 0xff, 0xff,
    0x60, 0x9e, 0x1, 0xff, 0xf2, 0x0, 0x0, 0x12,
    0x0, 0xe, 0xff, 0x40, 0x2, 0x0, 0x0, 0x2,
    0x50, 0x1f, 0xff, 0x20, 0x0, 0xc, 0xfe, 0x70,
    0xef, 0xf4, 0x19, 0xfb, 0x0, 0x0, 0x0, 0x1,
    0xff, 0xf2, 0x0, 0x6, 0xff, 0xf4, 0xe, 0xff,
    0x44, 0xff, 0xf9, 0x0, 0x0, 0x0, 0x1f, 0xff,
    0x20, 0x3, 0xff, 0xfb, 0x0, 0xef, 0xf4, 0x7,
    0xff, 0xf6, 0x0, 0x0, 0x1, 0xff, 0xf2, 0x2,
    0xef, 0xff, 0x20, 0xe, 0xff, 0x40, 0xb, 0xff,
    0xf1, 0x0, 0x0, 0x1f, 0xff, 0x20, 0xbf, 0xff,
    0x50, 0x0, 0xef, 0xf4, 0x0, 0x1e, 0xff, 0x70,
    0x0, 0x1, 0xff, 0xf2, 0x0, 0x8f, 0x70, 0x0,
    0xe, 0xff, 0x40, 0x0, 0x6d, 0x40, 0x0, 0x0,
    0x1f, 0xff, 0x20, 0x0, 0x20, 0x0, 0x0, 0xef,
    0xf4, 0x0, 0x0, 0x0, 0x0,

    /* U+6B65 "步" */
    0x0, 0x0, 0x0, 0x0, 0x0, 0x0, 0x39, 0x99,
    0x50, 0x0, 0x0, 0x0, 0x0, 0x0, 0x0, 0x0,
    0x0, 0x0, 0x0, 0x0, 0x5f, 0xff, 0x80, 0x0,
    0x0, 0x0, 0x0, 0x0, 0x0, 0x0, 0x5a, 0xaa,
    0x10, 0x0, 0x5f, 0xff, 0x91, 0x11, 0x11, 0x11,
    0x10, 0x0, 0x0, 0x0, 0x8f, 0xff, 0x20, 0x0,
    0x5f, 0xff, 0xff, 0xff, 0xff, 0xff, 0xf4, 0x0,
    0x0, 0x0, 0x8f, 0xff, 0x20, 0x0, 0x5f, 0xff,
    0xff, 0xff, 0xff, 0xff, 0xf4, 0x0, 0x0, 0x0,
    0x8f, 0xff, 0x20, 0x0, 0x5f, 0xff, 0xff, 0xff,
    0xff, 0xff, 0xf4, 0x0, 0x0, 0x0, 0x8f, 0xff,
    0x20, 0x0, 0x5f, 0xff, 0xb4, 0x44, 0x44, 0x44,
    0x41, 0x0, 0x0, 0x0, 0x8f, 0xff, 0x20, 0x0,
    0x5f, 0xff, 0x80, 0x0, 0x0, 0x0, 0x0, 0x0,
    0x0, 0x0, 0x8f, 0xff, 0x20, 0x0, 0x5f, 0xff,
    0x80, 0x0, 0x0, 0x0, 0x0, 0x0, 0xaf, 0xff,
    0xff, 0xff, 0xff, 0xff, 0xff, 0xff, 0xff, 0xff,
    0xff, 0xff, 0xff, 0xf3, 0xbf, 0xff, 0xff, 0xff,
    0xff, 0xff, 0xff, 0xff, 0xff, 0xff, 0xff, 0xff,
    0xff, 0xf3, 0xbf, 0xff, 0xff, 0xff, 0xff, 0xff,
    0xff, 0xff, 0xff, 0xff, 0xff, 0xff, 0xff, 0xf3,
    0x56, 0x66, 0x66, 0x66, 0x66, 0x66, 0xdf, 0xff,
    0x76, 0x66, 0x66, 0x66, 0x66, 0x61, 0x0, 0x0,
    0x0, 0x47, 0x20, 0x0, 0xcf, 0xff, 0x10, 0x0,
    0x0, 0x40, 0x0, 0x0, 0x0, 0x0, 0x1, 0xef,
    0xfc, 0x10, 0xcf, 0xff, 0x10, 0x0, 0x3, 0xfe,
    0x71, 0x0, 0x0, 0x0, 0x1d, 0xff, 0xf9, 0x0,
    0xcf, 0xff, 0x10, 0x0, 0xc, 0xff, 0xf9, 0x0,
    0x0, 0x1, 0xdf, 0xff, 0xd0, 0x0, 0xcf, 0xff,
    0x10, 0x0, 0x9f, 0xff, 0xe1, 0x0, 0x0, 0x4e,
    0xff, 0xfe, 0x10, 0x0, 0xcf, 0xff, 0x10, 0x8,
    0xff, 0xff, 0x50, 0x0, 0x8, 0xff, 0xff, 0xe2,
    0x0, 0x0, 0xcf, 0xff, 0x10, 0xaf, 0xff, 0xf9,
    0x0, 0x0, 0xa, 0xff, 0xfe, 0x20, 0x0, 0x0,
    0xcf, 0xff, 0x3c, 0xff, 0xff, 0xa0, 0x0, 0x0,
    0x0, 0xaf, 0xc2, 0x0, 0x0, 0x0, 0xcf, 0xff,
    0xef, 0xff, 0xfb, 0x0, 0x0, 0x0, 0x0, 0x7,
    0x0, 0x0, 0x0, 0x0, 0x38, 0xff, 0xff, 0xff,
    0x90, 0x0, 0x0, 0x0, 0x0, 0x0, 0x0, 0x0,
    0x0, 0x16, 0xdf, 0xff, 0xff, 0xf6, 0x0, 0x0,
    0x0, 0x0, 0x0, 0x0, 0x0, 0x3, 0x7c, 0xff,
    0xff, 0xff, 0xfb, 0x10, 0x0, 0x0, 0x0, 0x0,
    0x1, 0x46, 0x9c, 0xff, 0xff, 0xff, 0xff, 0xfc,
    0x40, 0x0, 0x0, 0x0, 0x0, 0x0, 0x9f, 0xff,
    0xff, 0xff, 0xff, 0xff, 0xfa, 0x30, 0x0, 0x0,
    0x0, 0x0, 0x0, 0x0, 0x1e, 0xff, 0xff, 0xff,
    0xff, 0xb5, 0x0, 0x0, 0x0, 0x0, 0x0, 0x0,
    0x0, 0x0, 0x8, 0xff, 0xfe, 0xb7, 0x30, 0x0,
    0x0, 0x0, 0x0, 0x0, 0x0, 0x0, 0x0, 0x0,
    0x1, 0x63, 0x10, 0x0, 0x0, 0x0, 0x0, 0x0,
    0x0, 0x0, 0x0, 0x0, 0x0, 0x0,

    /* U+6B77 "歷" */
    0x0, 0x4, 0x44, 0x44, 0x44, 0x44, 0x44, 0x44,
    0x44, 0x44, 0x44, 0x44, 0x44, 0x44, 0x20, 0x0,
    0xff, 0xff, 0xff, 0xff, 0xff, 0xff, 0xff, 0xff,
    0xff, 0xff, 0xff, 0xff, 0xf7, 0x0, 0xf, 0xff,
    0xff, 0xff, 0xff, 0xff, 0xff, 0xff, 0xff, 0xff,
    0xff, 0xff, 0xff, 0x70, 0x0, 0xff, 0xff, 0xff,
    0xff, 0xff, 0xff, 0xff, 0xff, 0xff, 0xff, 0xff,
    0xff, 0xf7, 0x0, 0xf, 0xff, 0x60, 0x0, 0x13,
    0x7b, 0x60, 0x0, 0x0, 0x14, 0x7b, 0xf6, 0x0,
    0x0, 0x0, 0xff, 0xf7, 0xbd, 0xff, 0xff, 0xff,
    0x83, 0xce, 0xff, 0xff, 0xff, 0xf7, 0x0, 0x0,
    0xf, 0xff, 0x6d, 0xff, 0xff, 0xfa, 0x51, 0xf,
    0xff, 0xff, 0xfe, 0x72, 0x0, 0x0, 0x0, 0xff,
    0xf6, 0x35, 0x4c, 0xff, 0x30, 0x0, 0x44, 0x34,
    0xff, 0xd0, 0x0, 0x0, 0x0, 0xf, 0xff, 0x68,
    0x88, 0xef, 0xfa, 0x88, 0x18, 0x88, 0xaf, 0xfe,
    0x88, 0x87, 0x0, 0x0, 0xff, 0xf6, 0xff, 0xff,
    0xff, 0xff, 0xf3, 0xff, 0xff, 0xff, 0xff, 0xff,
    0xc0, 0x0, 0xf, 0xff, 0x5f, 0xff, 0xff, 0xff,
    0xff, 0x3f, 0xff, 0xff, 0xff, 0xff, 0xfb, 0x0,
    0x0, 0xff, 0xf5, 0x7, 0xff, 0xff, 0xf7, 0x0,
    0x8, 0xff, 0xff, 0xfd, 0x30, 0x0, 0x0, 0xf,
    0xff, 0x55, 0xff, 0xff, 0xff, 0xfc, 0x16, 0xff,
    0xff, 0xff, 0xff, 0x80, 0x0, 0x1, 0xff, 0xfb,
    0xff, 0xed, 0xff, 0xef, 0xb9, 0xff, 0xf6, 0xff,
    0xed, 0xff, 0xc2, 0x0, 0x1f, 0xff, 0xff, 0xf4,
    0xbf, 0xf4, 0x94, 0xff, 0xf7, 0x2f, 0xfd, 0x1c,
    0xff, 0x70, 0x3, 0xff, 0xf9, 0xf6, 0xb, 0xff,
    0x30, 0x5, 0xf6, 0x2, 0xff, 0xd0, 0xb, 0xc0,
    0x0, 0x4f, 0xff, 0x13, 0x0, 0x46, 0x61, 0x5,
    0xce, 0xc0, 0x16, 0x65, 0x0, 0x1, 0x0, 0x5,
    0xff, 0xf0, 0x0, 0x0, 0x0, 0x0, 0x6f, 0xff,
    0x10, 0x0, 0x0, 0x0, 0x0, 0x0, 0x7f, 0xfd,
    0x0, 0xa, 0xaa, 0x40, 0x6, 0xff, 0xf2, 0x11,
    0x11, 0x11, 0x0, 0x0, 0xa, 0xff, 0xb0, 0x0,
    0xff, 0xf6, 0x0, 0x6f, 0xff, 0xff, 0xff, 0xff,
    0xf0, 0x0, 0x0, 0xdf, 0xf9, 0x0, 0xf, 0xff,
    0x60, 0x6, 0xff, 0xff, 0xff, 0xff, 0xff, 0x0,
    0x0, 0xf, 0xff, 0x70, 0x0, 0xff, 0xf6, 0x0,
    0x6f, 0xff, 0xba, 0xaa, 0xaa, 0xa0, 0x0, 0x3,
    0xff, 0xf4, 0x0, 0xf, 0xff, 0x60, 0x6, 0xff,
    0xf1, 0x0, 0x0, 0x0, 0x0, 0x0, 0x9f, 0xff,
    0x0, 0x0, 0xff, 0xf6, 0x0, 0x7f, 0xff, 0x10,
    0x0, 0x0, 0x0, 0x0, 0xe, 0xff, 0xc4, 0xff,
    0xff, 0xff, 0xff, 0xff, 0xff, 0xff, 0xff, 0xff,
    0xff, 0xff, 0x74, 0xff, 0xf7, 0x4f, 0xff, 0xff,
    0xff, 0xff, 0xff, 0xff, 0xff, 0xff, 0xff, 0xff,
    0xf7, 0x6, 0xef, 0x14, 0xff, 0xff, 0xff, 0xff,
    0xff, 0xff, 0xff, 0xff, 0xff, 0xff, 0xff, 0x70,
    0x0, 0x50, 0x0, 0x0, 0x0, 0x0, 0x0, 0x0,
    0x0, 0x0, 0x0, 0x0, 0x0, 0x0,

    /* U+6BD4 "比" */
    0x0, 0x66, 0x64, 0x0, 0x0, 0x0, 0x0, 0x77,
    0x76, 0x0, 0x0, 0x0, 0x0, 0x0, 0x1, 0xff,
    0xfb, 0x0, 0x0, 0x0, 0x0, 0xef, 0xfd, 0x0,
    0x0, 0x0, 0x0, 0x0, 0x1, 0xff, 0xfb, 0x0,
    0x0, 0x0, 0x0, 0xef, 0xfd, 0x0, 0x0, 0x0,
    0x0, 0x0, 0x1, 0xff, 0xfb, 0x0, 0x0, 0x0,
    0x0, 0xef, 0xfd, 0x0, 0x0, 0x0, 0x0, 0x0,
    0x1, 0xff, 0xfb, 0x0, 0x0, 0x0, 0x0, 0xef,
    0xfd, 0x0, 0x0, 0x0, 0x0, 0x0, 0x1, 0xff,
    0xfb, 0x0, 0x0, 0x0, 0x0, 0xef, 0xfd, 0x0,
    0x0, 0x0, 0x0, 0x0, 0x1, 0xff, 0xfb, 0x0,
    0x0, 0x0, 0x0, 0xef, 0xfd, 0x0, 0x0, 0x0,
    0x0, 0x0, 0x1, 0xff, 0xfb, 0x0, 0x0, 0x0,
    0x0, 0xef, 0xfd, 0x0, 0x0, 0x0, 0x0, 0x0,
    0x1, 0xff, 0xfb, 0x0, 0x0, 0x0, 0x0, 0xef,
    0xfd, 0x0, 0x0, 0x0, 0x0, 0x0, 0x1, 0xff,
    0xfd, 0x88, 0x88, 0x88, 0x30, 0xef, 0xfe, 0x88,
    0x88, 0x88, 0x81, 0x0, 0x1, 0xff, 0xff, 0xff,
    0xff, 0xff, 0x60, 0xef, 0xff, 0xff, 0xff, 0xff,
    0xf3, 0x0, 0x1, 0xff, 0xff, 0xff, 0xff, 0xff,
    0x60, 0xef, 0xff, 0xff, 0xff, 0xff, 0xf3, 0x0,
    0x1, 0xff, 0xff, 0xff, 0xff, 0xff, 0x60, 0xef,
    0xff, 0xff, 0xff, 0xff, 0xf3, 0x0, 0x1, 0xff,
    0xfb, 0x0, 0x0, 0x0, 0x0, 0xef, 0xfd, 0x0,
    0x0, 0x0, 0x0, 0x0, 0x1, 0xff, 0xfb, 0x0,
    0x0, 0x0, 0x0, 0xef, 0xfd, 0x0, 0x0, 0x0,
    0x0, 0x0, 0x1, 0xff, 0xfb, 0x0, 0x0, 0x0,
    0x0, 0xef, 0xfd, 0x0, 0x0, 0x0, 0x0, 0x0,
    0x1, 0xff, 0xfb, 0x0, 0x0, 0x0, 0x0, 0xef,
    0xfd, 0x0, 0x0, 0x0, 0x0, 0x0, 0x1, 0xff,
    0xfb, 0x0, 0x0, 0x0, 0x0, 0xef, 0xfd, 0x0,
    0x0, 0x0, 0x0, 0x0, 0x1, 0xff, 0xfb, 0x0,
    0x0, 0x0, 0x0, 0xef, 0xfd, 0x0, 0x0, 0x0,
    0x0, 0x0, 0x1, 0xff, 0xfb, 0x0, 0x0, 0x0,
    0x0, 0xef, 0xfd, 0x0, 0x0, 0x0, 0x20, 0x0,
    0x1, 0xff, 0xfb, 0x0, 0x0, 0x0, 0x0, 0xef,
    0xfd, 0x0, 0x0, 0x2, 0xf8, 0x20, 0x1, 0xff,
    0xfb, 0x0, 0x0, 0x1, 0x20, 0xef, 0xfd, 0x0,
    0x0, 0x3, 0xff, 0xf3, 0x1, 0xff, 0xfb, 0x3,
    0x6a, 0xdf, 0x90, 0xef, 0xfd, 0x0, 0x0, 0x4,
    0xff, 0xf2, 0x4, 0xff, 0xff, 0xff, 0xff, 0xff,
    0xa0, 0xef, 0xfd, 0x0, 0x0, 0x7, 0xff, 0xf0,
    0x1d, 0xff, 0xff, 0xff, 0xff, 0xff, 0xc0, 0xdf,
    0xff, 0x65, 0x44, 0x5e, 0xff, 0xc0, 0x5f, 0xff,
    0xff, 0xff, 0xfe, 0xa6, 0x20, 0x9f, 0xff, 0xff,
    0xff, 0xff, 0xff, 0x80, 0xb, 0xff, 0xfe, 0xa6,
    0x20, 0x0, 0x0, 0x3f, 0xff, 0xff, 0xff, 0xff,
    0xfe, 0x10, 0x3, 0xe8, 0x30, 0x0, 0x0, 0x0,
    0x0, 0x5, 0xdf, 0xff, 0xff, 0xff, 0xc2, 0x0,
    0x0, 0x0, 0x0, 0x0, 0x0, 0x0, 0x0, 0x0,
    0x0, 0x22, 0x22, 0x20, 0x0, 0x0,

    /* U+6D88 "消" */
    0x0, 0x0, 0x0, 0x0, 0x0, 0x0, 0x0, 0x0,
    0x4, 0x77, 0x70, 0x0, 0x0, 0x0, 0x0, 0x0,
    0xc, 0x80, 0x0, 0x0, 0x3, 0x40, 0x0, 0x8f,
    0xff, 0x10, 0x2, 0xa4, 0x0, 0x0, 0xa, 0xff,
    0xe6, 0x0, 0x4c, 0xfe, 0x10, 0x8, 0xff, 0xf1,
    0x0, 0x8f, 0xfe, 0x30, 0x3, 0xff, 0xff, 0xfc,
    0x34, 0xff, 0xfa, 0x0, 0x8f, 0xff, 0x10, 0xe,
    0xff, 0xe0, 0x0, 0x2, 0xbf, 0xff, 0xfc, 0xb,
    0xff, 0xf3, 0x8, 0xff, 0xf1, 0x6, 0xff, 0xf6,
    0x0, 0x0, 0x0, 0x6e, 0xfe, 0x10, 0x2f, 0xff,
    0x90, 0x8f, 0xff, 0x10, 0xdf, 0xfe, 0x0, 0x0,
    0x0, 0x0, 0x1b, 0x40, 0x0, 0xbf, 0xff, 0x8,
    0xff, 0xf1, 0x6f, 0xff, 0x50, 0x0, 0x0, 0x0,
    0x0, 0x0, 0x0, 0x4, 0xfa, 0x20, 0x8f, 0xff,
    0x10, 0x6c, 0xc0, 0x0, 0x0, 0x0, 0x0, 0x0,
    0x0, 0x0, 0x13, 0x0, 0x9, 0xff, 0xf2, 0x0,
    0x1, 0x0, 0x0, 0x8, 0x70, 0x0, 0x0, 0x0,
    0xef, 0xff, 0xff, 0xff, 0xff, 0xff, 0xff, 0xff,
    0x50, 0x4, 0xff, 0xe7, 0x0, 0x0, 0xe, 0xff,
    0xff, 0xff, 0xff, 0xff, 0xff, 0xff, 0xf5, 0x1,
    0xef, 0xff, 0xfe, 0x60, 0x0, 0xef, 0xff, 0xff,
    0xff, 0xff, 0xff, 0xff, 0xff, 0x50, 0x4, 0xdf,
    0xff, 0xff, 0x10, 0xe, 0xff, 0x82, 0x22, 0x22,
    0x22, 0x24, 0xff, 0xf5, 0x0, 0x0, 0x6e, 0xff,
    0x60, 0x0, 0xef, 0xf6, 0x19, 0x50, 0x0, 0x0,
    0x2f, 0xff, 0x50, 0x0, 0x0, 0x19, 0xc0, 0x0,
    0xe, 0xff, 0x69, 0xff, 0xfb, 0x50, 0x2, 0xff,
    0xf5, 0x0, 0x0, 0x0, 0x0, 0x0, 0x0, 0xef,
    0xf8, 0xcf, 0xff, 0xff, 0xe5, 0x2f, 0xff, 0x50,
    0x0, 0x0, 0x0, 0x2, 0x0, 0xe, 0xff, 0x60,
    0x27, 0xdf, 0xff, 0x52, 0xff, 0xf5, 0x0, 0x0,
    0x0, 0x1, 0xf7, 0x0, 0xef, 0xf6, 0x0, 0x0,
    0x5c, 0xc0, 0x2f, 0xff, 0x50, 0x0, 0x0, 0x0,
    0x9f, 0xf8, 0xe, 0xff, 0x60, 0x0, 0x0, 0x49,
    0xbf, 0xff, 0xf5, 0x0, 0x0, 0x0, 0x2f, 0xff,
    0xd0, 0xff, 0xf6, 0x14, 0x8c, 0xff, 0xff, 0xff,
    0xff, 0x50, 0x0, 0x0, 0xb, 0xff, 0xf5, 0xf,
    0xff, 0xcf, 0xff, 0xff, 0xff, 0xff, 0xff, 0xf5,
    0x0, 0x0, 0x4, 0xff, 0xfd, 0x0, 0xff, 0xf6,
    0xff, 0xff, 0xfd, 0x94, 0x2f, 0xff, 0x50, 0x0,
    0x0, 0xdf, 0xff, 0x40, 0x1f, 0xff, 0x2c, 0xea,
    0x51, 0x0, 0x2, 0xff, 0xf5, 0x0, 0x0, 0x7f,
    0xff, 0xc0, 0x3, 0xff, 0xf1, 0x0, 0x0, 0x0,
    0x0, 0x2f, 0xff, 0x50, 0x0, 0x2f, 0xff, 0xf3,
    0x0, 0x6f, 0xff, 0x0, 0x0, 0x0, 0x0, 0x2,
    0xff, 0xf5, 0x0, 0xb, 0xff, 0xfa, 0x0, 0xa,
    0xff, 0xd0, 0x0, 0x0, 0x5, 0x44, 0x7f, 0xff,
    0x50, 0x0, 0xcf, 0xff, 0x20, 0x0, 0xff, 0xf9,
    0x0, 0x0, 0x0, 0xbf, 0xff, 0xff, 0xf3, 0x0,
    0x0, 0xaf, 0x80, 0x0, 0x2d, 0xff, 0x40, 0x0,
    0x0, 0x6, 0xff, 0xff, 0xfd, 0x0, 0x0, 0x0,
    0x60, 0x0, 0x0, 0x8, 0xd0, 0x0, 0x0, 0x0,
    0x2f, 0xff, 0xc8, 0x10, 0x0, 0x0, 0x0, 0x0,
    0x0, 0x0, 0x1, 0x0, 0x0, 0x0, 0x0, 0x0,
    0x0, 0x0, 0x0,

    /* U+6E05 "清" */
    0x0, 0x0, 0x0, 0x0, 0x0, 0x0, 0x0, 0x0,
    0x4, 0x44, 0x10, 0x0, 0x0, 0x0, 0x0, 0x0,
    0x2, 0xa1, 0x0, 0x0, 0x0, 0x0, 0x0, 0x2f,
    0xff, 0x60, 0x0, 0x0, 0x0, 0x0, 0x0, 0x1d,
    0xfe, 0x50, 0xf, 0xff, 0xff, 0xff, 0xff, 0xff,
    0xff, 0xff, 0xff, 0xff, 0x70, 0x0, 0x9f, 0xff,
    0xfa, 0x2f, 0xff, 0xff, 0xff, 0xff, 0xff, 0xff,
    0xff, 0xff, 0xff, 0x70, 0x0, 0x9, 0xff, 0xff,
    0xa9, 0x99, 0x99, 0x99, 0xaf, 0xff, 0xc9, 0x99,
    0x99, 0x99, 0x40, 0x0, 0x0, 0x5f, 0xfd, 0x0,
    0x0, 0x0, 0x0, 0x3f, 0xff, 0x60, 0x0, 0x0,
    0x0, 0x0, 0x0, 0x0, 0x3, 0xd3, 0x3, 0xff,
    0xff, 0xff, 0xff, 0xff, 0xff, 0xff, 0xff, 0xfa,
    0x0, 0x0, 0x0, 0x0, 0x0, 0x3, 0xff, 0xff,
    0xff, 0xff, 0xff, 0xff, 0xff, 0xff, 0xfa, 0x0,
    0x0, 0x0, 0x0, 0x0, 0x1, 0x55, 0x55, 0x55,
    0x7f, 0xff, 0x95, 0x55, 0x55, 0x53, 0x0, 0x0,
    0xa3, 0x0, 0x0, 0x0, 0x0, 0x0, 0x0, 0x3f,
    0xff, 0x60, 0x0, 0x0, 0x0, 0x0, 0x8, 0xff,
    0x91, 0x0, 0xef, 0xff, 0xff, 0xff, 0xff, 0xff,
    0xff, 0xff, 0xff, 0xff, 0xf1, 0x3f, 0xff, 0xff,
    0x60, 0xef, 0xff, 0xff, 0xff, 0xff, 0xff, 0xff,
    0xff, 0xff, 0xff, 0xf1, 0x6, 0xef, 0xff, 0xf3,
    0x78, 0x88, 0x88, 0x88, 0x88, 0x88, 0x88, 0x88,
    0x88, 0x88, 0x81, 0x0, 0x19, 0xff, 0x90, 0x0,
    0x27, 0x77, 0x77, 0x77, 0x77, 0x77, 0x77, 0x77,
    0x60, 0x0, 0x0, 0x0, 0x3c, 0x10, 0x0, 0x5f,
    0xff, 0xff, 0xff, 0xff, 0xff, 0xff, 0xff, 0xc0,
    0x0, 0x0, 0x0, 0x0, 0x0, 0x0, 0x5f, 0xff,
    0xff, 0xff, 0xff, 0xff, 0xff, 0xff, 0xc0, 0x0,
    0x0, 0x0, 0x0, 0x20, 0x0, 0x5f, 0xff, 0x40,
    0x0, 0x0, 0x0, 0xe, 0xff, 0xc0, 0x0, 0x0,
    0x0, 0x3, 0xf6, 0x0, 0x5f, 0xff, 0x75, 0x55,
    0x55, 0x55, 0x5e, 0xff, 0xc0, 0x0, 0x0, 0x0,
    0xb, 0xff, 0x80, 0x5f, 0xff, 0xff, 0xff, 0xff,
    0xff, 0xff, 0xff, 0xc0, 0x0, 0x0, 0x0, 0x2f,
    0xff, 0x50, 0x6f, 0xff, 0xff, 0xff, 0xff, 0xff,
    0xff, 0xff, 0xc0, 0x0, 0x0, 0x0, 0x9f, 0xfe,
    0x0, 0x7f, 0xff, 0x20, 0x0, 0x0, 0x0, 0xe,
    0xff, 0xc0, 0x0, 0x0, 0x1, 0xff, 0xf7, 0x0,
    0x8f, 0xff, 0x87, 0x77, 0x77, 0x77, 0x7f, 0xff,
    0xc0, 0x0, 0x0, 0x8, 0xff, 0xf1, 0x0, 0x9f,
    0xff, 0xff, 0xff, 0xff, 0xff, 0xff, 0xff, 0xc0,
    0x0, 0x0, 0x1f, 0xff, 0x90, 0x0, 0xdf, 0xff,
    0xff, 0xff, 0xff, 0xff, 0xff, 0xff, 0xc0, 0x0,
    0x0, 0x9f, 0xff, 0x20, 0x2, 0xff, 0xf9, 0x0,
    0x0, 0x0, 0x0, 0xe, 0xff, 0xc0, 0x0, 0x2,
    0xff, 0xfa, 0x0, 0xa, 0xff, 0xf4, 0x0, 0x0,
    0x0, 0x0, 0xf, 0xff, 0xc0, 0x0, 0x7, 0xff,
    0xf2, 0x0, 0x1f, 0xff, 0xf0, 0x0, 0x0, 0x5,
    0xff, 0xff, 0xff, 0xb0, 0x0, 0x0, 0x5e, 0xb0,
    0x0, 0x2, 0xdf, 0x70, 0x0, 0x0, 0x0, 0xef,
    0xff, 0xff, 0x50, 0x0, 0x0, 0x1, 0x20, 0x0,
    0x0, 0x1b, 0x0, 0x0, 0x0, 0x0, 0x9f, 0xfd,
    0xa5, 0x0, 0x0, 0x0, 0x0, 0x0, 0x0, 0x0,
    0x0, 0x0, 0x0, 0x0, 0x0, 0x0, 0x0, 0x0,
    0x0, 0x0,

    /* U+6E96 "準" */
    0x0, 0x2, 0x81, 0x0, 0x0, 0x3, 0xb6, 0x10,
    0x0, 0x37, 0x10, 0x0, 0x0, 0x0, 0x0, 0xd,
    0xff, 0xa2, 0x0, 0xb, 0xff, 0xf2, 0x3f, 0xff,
    0x70, 0x0, 0x0, 0x0, 0x0, 0x8f, 0xff, 0xff,
    0x60, 0x4f, 0xff, 0xa0, 0xe, 0xff, 0xe0, 0x0,
    0x0, 0x0, 0x0, 0x6, 0xdf, 0xff, 0x21, 0xef,
    0xff, 0xb9, 0x9d, 0xff, 0xfb, 0x99, 0x99, 0x80,
    0x0, 0x0, 0x7, 0xf6, 0xa, 0xff, 0xff, 0xff,
    0xff, 0xff, 0xff, 0xff, 0xff, 0xd0, 0x3, 0x40,
    0x0, 0x10, 0x7f, 0xff, 0xff, 0xff, 0xff, 0xff,
    0xff, 0xff, 0xff, 0xd0, 0xd, 0xfd, 0x50, 0x6,
    0xff, 0xff, 0xf4, 0x11, 0x1b, 0xff, 0xc1, 0x11,
    0x11, 0x10, 0x9f, 0xff, 0xfb, 0x7f, 0xff, 0xff,
    0xf6, 0x44, 0x4c, 0xff, 0xd4, 0x44, 0x42, 0x0,
    0x4c, 0xff, 0xff, 0xaf, 0xff, 0xff, 0xff, 0xff,
    0xff, 0xff, 0xff, 0xff, 0xf9, 0x0, 0x0, 0x3c,
    0xf5, 0x5, 0xfd, 0xff, 0xff, 0xff, 0xff, 0xff,
    0xff, 0xff, 0xf9, 0x0, 0x0, 0x0, 0x30, 0x30,
    0x25, 0xff, 0xf2, 0x0, 0xa, 0xff, 0xb0, 0x0,
    0x0, 0x0, 0x0, 0x0, 0x3, 0xfb, 0x5, 0xff,
    0xfe, 0xee, 0xef, 0xff, 0xfe, 0xee, 0xe9, 0x0,
    0x0, 0x0, 0x2e, 0xff, 0x85, 0xff, 0xff, 0xff,
    0xff, 0xff, 0xff, 0xff, 0xfa, 0x0, 0x0, 0x2,
    0xef, 0xfe, 0x25, 0xff, 0xf6, 0x44, 0x4c, 0xff,
    0xd4, 0x44, 0x43, 0x0, 0x0, 0x2e, 0xff, 0xf3,
    0x5, 0xff, 0xf2, 0x0, 0xa, 0xff, 0xb0, 0x0,
    0x0, 0x0, 0x2, 0xef, 0xff, 0x60, 0x5, 0xff,
    0xff, 0xff, 0xff, 0xff, 0xff, 0xff, 0xff, 0xf4,
    0x1e, 0xff, 0xf9, 0x0, 0x5, 0xff, 0xff, 0xff,
    0xff, 0xff, 0xff, 0xff, 0xff, 0xf4, 0x7, 0xff,
    0xb0, 0x0, 0x5, 0xff, 0xfd, 0xdd, 0xdd, 0xdd,
    0xdd, 0xdd, 0xdd, 0xd3, 0x0, 0x8d, 0x10, 0x0,
    0x5, 0xff, 0xf6, 0x33, 0x0, 0x0, 0x0, 0x0,
    0x0, 0x0, 0x0, 0x1, 0x0, 0x0, 0x0, 0x11,
    0xdf, 0xfd, 0x0, 0x0, 0x0, 0x0, 0x0, 0x0,
    0x7f, 0xff, 0xff, 0xff, 0xff, 0xff, 0xff, 0xff,
    0xff, 0xff, 0xff, 0xff, 0xff, 0xfe, 0x7f, 0xff,
    0xff, 0xff, 0xff, 0xff, 0xff, 0xff, 0xff, 0xff,
    0xff, 0xff, 0xff, 0xfe, 0x7f, 0xff, 0xff, 0xff,
    0xff, 0xff, 0xff, 0xff, 0xff, 0xff, 0xff, 0xff,
    0xff, 0xfe, 0x24, 0x44, 0x44, 0x44, 0x44, 0x44,
    0xef, 0xfe, 0x44, 0x44, 0x44, 0x44, 0x44, 0x44,
    0x0, 0x0, 0x0, 0x0, 0x0, 0x0, 0xdf, 0xfd,
    0x0, 0x0, 0x0, 0x0, 0x0, 0x0, 0x0, 0x0,
    0x0, 0x0, 0x0, 0x0, 0xdf, 0xfd, 0x0, 0x0,
    0x0, 0x0, 0x0, 0x0, 0x0, 0x0, 0x0, 0x0,
    0x0, 0x0, 0xdf, 0xfd, 0x0, 0x0, 0x0, 0x0,
    0x0, 0x0, 0x0, 0x0, 0x0, 0x0, 0x0, 0x0,
    0xdf, 0xfd, 0x0, 0x0, 0x0, 0x0, 0x0, 0x0,
    0x0, 0x0, 0x0, 0x0, 0x0, 0x0, 0xdf, 0xfd,
    0x0, 0x0, 0x0, 0x0, 0x0, 0x0,

    /* U+7121 "無" */
    0x0, 0x0, 0x0, 0x9, 0x40, 0x0, 0x0, 0x0,
    0x0, 0x0, 0x0, 0x0, 0x0, 0x0, 0x0, 0x0,
    0x0, 0x0, 0x8f, 0xff, 0x10, 0x0, 0x0, 0x0,
    0x0, 0x0, 0x0, 0x0, 0x0, 0x0, 0x0, 0x0,
    0x3, 0xff, 0xfa, 0x0, 0x0, 0x0, 0x0, 0x0,
    0x0, 0x0, 0x0, 0x0, 0x0, 0x0, 0x0, 0x1d,
    0xff, 0xf4, 0x22, 0x22, 0x22, 0x22, 0x22, 0x22,
    0x22, 0x22, 0x22, 0x0, 0x0, 0x0, 0xbf, 0xff,
    0xff, 0xff, 0xff, 0xff, 0xff, 0xff, 0xff, 0xff,
    0xff, 0xfd, 0x0, 0x0, 0xb, 0xff, 0xff, 0xff,
    0xff, 0xff, 0xff, 0xff, 0xff, 0xff, 0xff, 0xff,
    0xfd, 0x0, 0x2, 0xcf, 0xff, 0xff, 0xff, 0xff,
    0xff, 0xff, 0xff, 0xff, 0xff, 0xff, 0xff, 0xfd,
    0x0, 0xd, 0xff, 0xfe, 0x10, 0x0, 0x0, 0x0,
    0x0, 0x0, 0x0, 0x0, 0x0, 0x0, 0x0, 0x0,
    0x3, 0xff, 0xe3, 0xee, 0xe1, 0xb, 0xee, 0x20,
    0x7e, 0xe7, 0x3, 0xee, 0xe0, 0x0, 0x0, 0x0,
    0x7d, 0x11, 0xff, 0xf1, 0xc, 0xff, 0x30, 0x7f,
    0xf8, 0x3, 0xff, 0xf0, 0x0, 0x0, 0x0, 0x14,
    0x34, 0xff, 0xf5, 0x3d, 0xff, 0x63, 0x9f, 0xfa,
    0x36, 0xff, 0xf4, 0x33, 0x0, 0x0, 0x4f, 0xff,
    0xff, 0xff, 0xff, 0xff, 0xff, 0xff, 0xff, 0xff,
    0xff, 0xff, 0xff, 0x0, 0x0, 0x4f, 0xff, 0xff,
    0xff, 0xff, 0xff, 0xff, 0xff, 0xff, 0xff, 0xff,
    0xff, 0xff, 0x0, 0x0, 0x4f, 0xff, 0xff, 0xff,
    0xff, 0xff, 0xff, 0xff, 0xff, 0xff, 0xff, 0xff,
    0xff, 0x0, 0x0, 0x0, 0x1, 0xff, 0xf1, 0xc,
    0xff, 0x30, 0x7f, 0xf8, 0x3, 0xff, 0xf0, 0x0,
    0x0, 0x0, 0x0, 0x1, 0xff, 0xf1, 0xc, 0xff,
    0x30, 0x7f, 0xf8, 0x3, 0xff, 0xf0, 0x0, 0x0,
    0x0, 0x0, 0x1, 0xff, 0xf1, 0xc, 0xff, 0x30,
    0x7f, 0xf8, 0x3, 0xff, 0xf0, 0x0, 0x0, 0x0,
    0x44, 0x45, 0xff, 0xf5, 0x4d, 0xff, 0x64, 0x9f,
    0xfa, 0x47, 0xff, 0xf4, 0x44, 0x20, 0x2, 0xff,
    0xff, 0xff, 0xff, 0xff, 0xff, 0xff, 0xff, 0xff,
    0xff, 0xff, 0xff, 0xff, 0xa0, 0x2, 0xff, 0xff,
    0xff, 0xff, 0xff, 0xff, 0xff, 0xff, 0xff, 0xff,
    0xff, 0xff, 0xff, 0xa0, 0x2, 0xff, 0xff, 0xff,
    0xff, 0xff, 0xff, 0xff, 0xff, 0xff, 0xff, 0xff,
    0xff, 0xff, 0xa0, 0x0, 0x0, 0x14, 0x0, 0x0,
    0x0, 0x0, 0x0, 0x0, 0x0, 0x0, 0x0, 0x37,
    0x0, 0x0, 0x0, 0x0, 0x9f, 0xfc, 0x20, 0x46,
    0x83, 0x0, 0x48, 0xb9, 0x0, 0x5d, 0xff, 0x50,
    0x0, 0x0, 0x1, 0xff, 0xfe, 0x0, 0xdf, 0xf8,
    0x0, 0x9f, 0xff, 0x0, 0x3f, 0xff, 0xe1, 0x0,
    0x0, 0x9, 0xff, 0xf6, 0x0, 0xbf, 0xfb, 0x0,
    0x4f, 0xff, 0x60, 0xa, 0xff, 0xf9, 0x0, 0x0,
    0x3f, 0xff, 0xe0, 0x0, 0x9f, 0xfe, 0x0, 0xf,
    0xff, 0xb0, 0x1, 0xff, 0xff, 0x20, 0x0, 0xcf,
    0xff, 0x70, 0x0, 0x8f, 0xff, 0x0, 0xb, 0xff,
    0xf0, 0x0, 0x8f, 0xff, 0xa0, 0x2, 0xdf, 0xfd,
    0x0, 0x0, 0x7f, 0xff, 0x10, 0x7, 0xff, 0xe2,
    0x0, 0x1f, 0xfe, 0x80, 0x0, 0x3, 0xa4, 0x0,
    0x0, 0x36, 0x42, 0x0, 0x2, 0x41, 0x0, 0x0,
    0x7, 0x60, 0x0,

    /* U+7206 "爆" */
    0x0, 0x0, 0x35, 0x51, 0x0, 0x0, 0x0, 0x0,
    0x0, 0x0, 0x0, 0x0, 0x0, 0x0, 0x0, 0x0,
    0x0, 0x8f, 0xf5, 0x0, 0x5, 0xff, 0xff, 0xff,
    0xff, 0xff, 0xff, 0xff, 0xf2, 0x0, 0x0, 0x0,
    0x8f, 0xf5, 0x0, 0x6, 0xff, 0xff, 0xff, 0xff,
    0xff, 0xff, 0xff, 0xf2, 0x0, 0x0, 0x0, 0x8f,
    0xf5, 0x0, 0x6, 0xff, 0xc4, 0x44, 0x44, 0x44,
    0x45, 0xff, 0xf2, 0x0, 0x0, 0x0, 0x8f, 0xf5,
    0x0, 0x6, 0xff, 0xc3, 0x33, 0x33, 0x33, 0x35,
    0xff, 0xf2, 0x0, 0x0, 0x0, 0x8f, 0xf5, 0x0,
    0x6, 0xff, 0xff, 0xff, 0xff, 0xff, 0xff, 0xff,
    0xf2, 0x0, 0x4c, 0xf0, 0x8f, 0xf5, 0x9c, 0x77,
    0xff, 0xfd, 0xdd, 0xdd, 0xdd, 0xdd, 0xff, 0xf2,
    0x0, 0x4f, 0xf4, 0x8f, 0xf5, 0xbf, 0xf7, 0xff,
    0xc3, 0x33, 0x33, 0x33, 0x35, 0xff, 0xf2, 0x0,
    0x1f, 0xf8, 0x8f, 0xf5, 0xdf, 0xd6, 0xff, 0xff,
    0xff, 0xff, 0xff, 0xff, 0xff, 0xf2, 0x0, 0xe,
    0xfb, 0x8f, 0xf5, 0xff, 0x85, 0xff, 0xff, 0xff,
    0xff, 0xff, 0xff, 0xff, 0xf2, 0x0, 0xb, 0xff,
    0x8f, 0xf8, 0xff, 0x40, 0x0, 0x9f, 0xf9, 0x0,
    0x2f, 0xff, 0x20, 0x0, 0x0, 0x8, 0xff, 0xbf,
    0xfb, 0xff, 0x2f, 0xff, 0xff, 0xff, 0xff, 0xff,
    0xff, 0xff, 0xfd, 0x0, 0x5, 0xff, 0xdf, 0xfe,
    0xfb, 0x2f, 0xff, 0xff, 0xff, 0xff, 0xff, 0xff,
    0xff, 0xfe, 0x0, 0x3, 0xff, 0xef, 0xf5, 0x75,
    0x17, 0x77, 0xcf, 0xfc, 0x77, 0x9f, 0xff, 0x97,
    0x77, 0x0, 0x0, 0x40, 0xaf, 0xf3, 0x0, 0x0,
    0x0, 0x9f, 0xf9, 0x0, 0x2f, 0xff, 0x20, 0x0,
    0x0, 0x0, 0x0, 0xbf, 0xf2, 0x1, 0xff, 0xff,
    0xff, 0xff, 0xff, 0xff, 0xff, 0xff, 0xff, 0xa0,
    0x0, 0x0, 0xcf, 0xf1, 0x1, 0xff, 0xff, 0xff,
    0xff, 0xff, 0xff, 0xff, 0xff, 0xff, 0xa0, 0x0,
    0x0, 0xef, 0xf0, 0x0, 0x88, 0x8a, 0xff, 0xf8,
    0x88, 0x89, 0xff, 0xf8, 0x88, 0x50, 0x0, 0x1,
    0xff, 0xf3, 0x0, 0x0, 0x5f, 0xff, 0x71, 0x66,
    0x40, 0xaf, 0xfc, 0x10, 0x0, 0x0, 0x4, 0xff,
    0xfd, 0x0, 0x2a, 0xff, 0xf8, 0x2, 0xff, 0xb0,
    0xd, 0xff, 0xe7, 0x0, 0x0, 0x7, 0xff, 0xff,
    0x87, 0xff, 0xff, 0xf9, 0x2, 0xff, 0xb0, 0x3e,
    0xff, 0xff, 0xe2, 0x0, 0xc, 0xff, 0xff, 0xf3,
    0xdf, 0xdd, 0xff, 0x82, 0xff, 0xb4, 0xff, 0xfa,
    0xff, 0x70, 0x0, 0x2f, 0xff, 0xaf, 0xfb, 0x27,
    0x2, 0xef, 0xa2, 0xff, 0xb8, 0xff, 0x40, 0x28,
    0x0, 0x0, 0x8f, 0xfb, 0x1f, 0xff, 0x50, 0x0,
    0x4b, 0xc2, 0xff, 0xb0, 0xd7, 0x0, 0x0, 0x0,
    0x1, 0xff, 0xf5, 0x8, 0xff, 0x70, 0x7, 0xef,
    0xf5, 0xff, 0xb7, 0xff, 0xb3, 0x0, 0x0, 0xa,
    0xff, 0xe0, 0x1, 0xf8, 0x18, 0xff, 0xff, 0xa4,
    0xff, 0xc7, 0xff, 0xff, 0x90, 0x0, 0x3f, 0xff,
    0x60, 0x0, 0x30, 0x6f, 0xff, 0xcb, 0x79, 0xff,
    0xb0, 0x1a, 0xff, 0xf9, 0x0, 0xa, 0xfb, 0x0,
    0x0, 0x0, 0xe, 0xe5, 0xa, 0xff, 0xff, 0x80,
    0x0, 0x4e, 0xc0, 0x0, 0x0, 0xb2, 0x0, 0x0,
    0x0, 0x3, 0x0, 0x4, 0xff, 0xd8, 0x0, 0x0,
    0x1, 0x10, 0x0, 0x0, 0x0, 0x0, 0x0, 0x0,
    0x0, 0x0, 0x0, 0x0, 0x0, 0x0, 0x0, 0x0,
    0x0, 0x0,

    /* U+73A9 "玩" */
    0x3, 0x33, 0x33, 0x33, 0x33, 0x31, 0x5, 0x55,
    0x55, 0x55, 0x55, 0x55, 0x55, 0x51, 0x0, 0xe,
    0xff, 0xff, 0xff, 0xff, 0xf5, 0x1f, 0xff, 0xff,
    0xff, 0xff, 0xff, 0xff, 0xf5, 0x0, 0xe, 0xff,
    0xff, 0xff, 0xff, 0xf5, 0x1f, 0xff, 0xff, 0xff,
    0xff, 0xff, 0xff, 0xf5, 0x0, 0xe, 0xff, 0xff,
    0xff, 0xff, 0xf5, 0x1f, 0xff, 0xff, 0xff, 0xff,
    0xff, 0xff, 0xf5, 0x0, 0x1, 0x11, 0x6f, 0xff,
    0x21, 0x10, 0x1, 0x11, 0x11, 0x11, 0x11, 0x11,
    0x11, 0x10, 0x0, 0x0, 0x0, 0x5f, 0xff, 0x10,
    0x0, 0x0, 0x0, 0x0, 0x0, 0x0, 0x0, 0x0,
    0x0, 0x0, 0x0, 0x0, 0x5f, 0xff, 0x10, 0x0,
    0x0, 0x0, 0x0, 0x0, 0x0, 0x0, 0x0, 0x0,
    0x0, 0x0, 0x0, 0x5f, 0xff, 0x10, 0x0, 0x0,
    0x0, 0x0, 0x0, 0x0, 0x0, 0x0, 0x0, 0x0,
    0x0, 0x0, 0x5f, 0xff, 0x10, 0x0, 0x0, 0x0,
    0x0, 0x0, 0x0, 0x0, 0x0, 0x0, 0x0, 0x3,
    0x66, 0x9f, 0xff, 0x76, 0x64, 0xbb, 0xbb, 0xbb,
    0xbb, 0xbb, 0xbb, 0xbb, 0xbb, 0xa0, 0x9, 0xff,
    0xff, 0xff, 0xff, 0xf7, 0xff, 0xff, 0xff, 0xff,
    0xff, 0xff, 0xff, 0xff, 0xe0, 0x9, 0xff, 0xff,
    0xff, 0xff, 0xf7, 0xff, 0xff, 0xff, 0xff, 0xff,
    0xff, 0xff, 0xff, 0xe0, 0x9, 0xee, 0xff, 0xff,
    0xee, 0xe5, 0xcc, 0xcf, 0xff, 0xec, 0xdf, 0xff,
    0xcb, 0xbb, 0xa0, 0x0, 0x0, 0x5f, 0xff, 0x10,
    0x0, 0x0, 0xf, 0xff, 0x70, 0x6f, 0xff, 0x20,
    0x0, 0x0, 0x0, 0x0, 0x5f, 0xff, 0x10, 0x0,
    0x0, 0x1f, 0xff, 0x50, 0x6f, 0xff, 0x20, 0x0,
    0x0, 0x0, 0x0, 0x5f, 0xff, 0x10, 0x0, 0x0,
    0x2f, 0xff, 0x40, 0x6f, 0xff, 0x20, 0x0, 0x0,
    0x0, 0x0, 0x5f, 0xff, 0x10, 0x0, 0x0, 0x4f,
    0xff, 0x20, 0x6f, 0xff, 0x20, 0x0, 0x0, 0x0,
    0x0, 0x5f, 0xff, 0x10, 0x13, 0x0, 0x7f, 0xff,
    0x0, 0x6f, 0xff, 0x20, 0x0, 0x0, 0x0, 0x0,
    0x5f, 0xff, 0xad, 0xfd, 0x0, 0xcf, 0xfd, 0x0,
    0x6f, 0xff, 0x20, 0x0, 0x0, 0x0, 0x37, 0xcf,
    0xff, 0xff, 0xff, 0x1, 0xff, 0xf9, 0x0, 0x6f,
    0xff, 0x20, 0x40, 0x0, 0x6f, 0xff, 0xff, 0xff,
    0xff, 0xfe, 0x18, 0xff, 0xf4, 0x0, 0x6f, 0xff,
    0x20, 0xad, 0x71, 0x3f, 0xff, 0xff, 0xff, 0xb7,
    0x30, 0x3f, 0xff, 0xe0, 0x0, 0x6f, 0xff, 0x20,
    0xbf, 0xf7, 0xf, 0xff, 0xd8, 0x40, 0x0, 0x4,
    0xff, 0xff, 0x50, 0x0, 0x6f, 0xff, 0x20, 0xcf,
    0xf5, 0x8, 0x51, 0x0, 0x0, 0x2, 0xaf, 0xff,
    0xfa, 0x0, 0x0, 0x5f, 0xff, 0x86, 0xff, 0xf3,
    0x0, 0x0, 0x0, 0x0, 0x7f, 0xff, 0xff, 0xa0,
    0x0, 0x0, 0x4f, 0xff, 0xff, 0xff, 0xf0, 0x0,
    0x0, 0x0, 0x0, 0xd, 0xff, 0xf6, 0x0, 0x0,
    0x0, 0xe, 0xff, 0xff, 0xff, 0x90, 0x0, 0x0,
    0x0, 0x0, 0x3, 0xf8, 0x10, 0x0, 0x0, 0x0,
    0x3, 0xce, 0xff, 0xea, 0x0, 0x0, 0x0, 0x0,
    0x0, 0x0, 0x0, 0x0, 0x0, 0x0, 0x0, 0x0,
    0x0, 0x0, 0x0, 0x0,

    /* U+7528 "用" */
    0x0, 0x0, 0x57, 0x77, 0x77, 0x77, 0x77, 0x77,
    0x77, 0x77, 0x77, 0x77, 0x77, 0x70, 0x0, 0x0,
    0xcf, 0xff, 0xff, 0xff, 0xff, 0xff, 0xff, 0xff,
    0xff, 0xff, 0xff, 0xf0, 0x0, 0x0, 0xcf, 0xff,
    0xff, 0xff, 0xff, 0xff, 0xff, 0xff, 0xff, 0xff,
    0xff, 0xf0, 0x0, 0x0, 0xcf, 0xff, 0xff, 0xff,
    0xff, 0xff, 0xff, 0xff, 0xff, 0xff, 0xff, 0xf0,
    0x0, 0x0, 0xcf, 0xfc, 0x0, 0x0, 0x8, 0xff,
    0xf1, 0x0, 0x0, 0x9, 0xff, 0xf0, 0x0, 0x0,
    0xcf, 0xfc, 0x0, 0x0, 0x8, 0xff, 0xf1, 0x0,
    0x0, 0x9, 0xff, 0xf0, 0x0, 0x0, 0xcf, 0xfc,
    0x0, 0x0, 0x8, 0xff, 0xf1, 0x0, 0x0, 0x9,
    0xff, 0xf0, 0x0, 0x0, 0xcf, 0xfd, 0x66, 0x66,
    0x6b, 0xff, 0xf7, 0x66, 0x66, 0x6b, 0xff, 0xf0,
    0x0, 0x0, 0xcf, 0xff, 0xff, 0xff, 0xff, 0xff,
    0xff, 0xff, 0xff, 0xff, 0xff, 0xf0, 0x0, 0x0,
    0xcf, 0xff, 0xff, 0xff, 0xff, 0xff, 0xff, 0xff,
    0xff, 0xff, 0xff, 0xf0, 0x0, 0x0, 0xcf, 0xff,
    0xff, 0xff, 0xff, 0xff, 0xff, 0xff, 0xff, 0xff,
    0xff, 0xf0, 0x0, 0x0, 0xcf, 0xfc, 0x0, 0x0,
    0x8, 0xff, 0xf1, 0x0, 0x0, 0x9, 0xff, 0xf0,
    0x0, 0x0, 0xcf, 0xfb, 0x0, 0x0, 0x8, 0xff,
    0xf1, 0x0, 0x0, 0x9, 0xff, 0xf0, 0x0, 0x0,
    0xdf, 0xfb, 0x0, 0x0, 0x8, 0xff, 0xf1, 0x0,
    0x0, 0x9, 0xff, 0xf0, 0x0, 0x0, 0xdf, 0xfd,
    0x66, 0x66, 0x6b, 0xff, 0xf7, 0x66, 0x66, 0x6c,
    0xff, 0xf0, 0x0, 0x0, 0xef, 0xff, 0xff, 0xff,
    0xff, 0xff, 0xff, 0xff, 0xff, 0xff, 0xff, 0xf0,
    0x0, 0x0, 0xff, 0xff, 0xff, 0xff, 0xff, 0xff,
    0xff, 0xff, 0xff, 0xff, 0xff, 0xf0, 0x0, 0x2,
    0xff, 0xff, 0xff, 0xff, 0xff, 0xff, 0xff, 0xff,
    0xff, 0xff, 0xff, 0xf0, 0x0, 0x5, 0xff, 0xf2,
    0x0, 0x0, 0x8, 0xff, 0xf1, 0x0, 0x0, 0x9,
    0xff, 0xf0, 0x0, 0x9, 0xff, 0xf0, 0x0, 0x0,
    0x8, 0xff, 0xf1, 0x0, 0x0, 0x9, 0xff, 0xf0,
    0x0, 0xe, 0xff, 0xc0, 0x0, 0x0, 0x8, 0xff,
    0xf1, 0x0, 0x0, 0x9, 0xff, 0xf0, 0x0, 0x3f,
    0xff, 0x80, 0x0, 0x0, 0x8, 0xff, 0xf1, 0x0,
    0x0, 0x9, 0xff, 0xf0, 0x0, 0x9f, 0xff, 0x30,
    0x0, 0x0, 0x8, 0xff, 0xf1, 0x0, 0x0, 0x9,
    0xff, 0xf0, 0x2, 0xff, 0xfd, 0x0, 0x0, 0x0,
    0x8, 0xff, 0xf1, 0x23, 0x32, 0x3c, 0xff, 0xf0,
    0xc, 0xff, 0xf6, 0x0, 0x0, 0x0, 0x8, 0xff,
    0xf1, 0x4f, 0xff, 0xff, 0xff, 0xe0, 0x1c, 0xff,
    0xd0, 0x0, 0x0, 0x0, 0x8, 0xff, 0xf1, 0xe,
    0xff, 0xff, 0xff, 0x80, 0x0, 0x9f, 0x30, 0x0,
    0x0, 0x0, 0x8, 0xff, 0xf1, 0x9, 0xff, 0xff,
    0xd7, 0x0, 0x0, 0x3, 0x0, 0x0, 0x0, 0x0,
    0x0, 0x0, 0x0, 0x1, 0x33, 0x20, 0x0, 0x0,

    /* U+754C "界" */
    0x0, 0x0, 0x7b, 0xbb, 0xbb, 0xbb, 0xbb, 0xbb,
    0xbb, 0xbb, 0xbb, 0xbb, 0xb9, 0x0, 0x0, 0x0,
    0x0, 0xaf, 0xff, 0xff, 0xff, 0xff, 0xff, 0xff,
    0xff, 0xff, 0xff, 0xfd, 0x0, 0x0, 0x0, 0x0,
    0xaf, 0xff, 0xff, 0xff, 0xff, 0xff, 0xff, 0xff,
    0xff, 0xff, 0xfd, 0x0, 0x0, 0x0, 0x0, 0xaf,
    0xff, 0x33, 0x33, 0x3f, 0xff, 0xc3, 0x33, 0x33,
    0xef, 0xfd, 0x0, 0x0, 0x0, 0x0, 0xaf, 0xfe,
    0x0, 0x0, 0xe, 0xff, 0xb0, 0x0, 0x0, 0xef,
    0xfd, 0x0, 0x0, 0x0, 0x0, 0xaf, 0xff, 0x99,
    0x99, 0x9f, 0xff, 0xe9, 0x99, 0x99, 0xff, 0xfd,
    0x0, 0x0, 0x0, 0x0, 0xaf, 0xff, 0xff, 0xff,
    0xff, 0xff, 0xff, 0xff, 0xff, 0xff, 0xfd, 0x0,
    0x0, 0x0, 0x0, 0xaf, 0xff, 0xff, 0xff, 0xff,
    0xff, 0xff, 0xff, 0xff, 0xff, 0xfd, 0x0, 0x0,
    0x0, 0x0, 0xaf, 0xfe, 0x11, 0x11, 0x1e, 0xff,
    0xb1, 0x11, 0x11, 0xef, 0xfd, 0x0, 0x0, 0x0,
    0x0, 0xaf, 0xfe, 0x0, 0x0, 0xe, 0xff, 0xb0,
    0x0, 0x0, 0xef, 0xfd, 0x0, 0x0, 0x0, 0x0,
    0xaf, 0xff, 0xcc, 0xcc, 0xcf, 0xff, 0xec, 0xcc,
    0xcc, 0xff, 0xfd, 0x0, 0x0, 0x0, 0x0, 0xaf,
    0xff, 0xff, 0xff, 0xff, 0xff, 0xff, 0xff, 0xff,
    0xff, 0xfd, 0x0, 0x0, 0x0, 0x0, 0xaf, 0xff,
    0xff, 0xff, 0xff, 0xff, 0xff, 0xff, 0xff, 0xff,
    0xfd, 0x0, 0x0, 0x0, 0x0, 0x12, 0x22, 0x7f,
    0xff, 0xf4, 0x22, 0x4f, 0xff, 0xf8, 0x22, 0x21,
    0x0, 0x0, 0x0, 0x0, 0x0, 0x7, 0xff, 0xff,
    0x70, 0x0, 0x6, 0xff, 0xff, 0x80, 0x0, 0x0,
    0x0, 0x0, 0x0, 0x1, 0xbf, 0xff, 0xfb, 0x0,
    0x0, 0x0, 0x9f, 0xff, 0xfc, 0x30, 0x0, 0x0,
    0x0, 0x0, 0x7f, 0xff, 0xff, 0xb0, 0x0, 0x0,
    0x0, 0xa, 0xff, 0xff, 0xfa, 0x20, 0x0, 0x2,
    0x8e, 0xff, 0xff, 0xff, 0xba, 0x40, 0x0, 0x0,
    0x99, 0xff, 0xff, 0xff, 0xfb, 0x60, 0x9, 0xff,
    0xff, 0xfe, 0x9f, 0xff, 0x60, 0x0, 0x0, 0xff,
    0xfd, 0xef, 0xff, 0xff, 0x90, 0x0, 0xbf, 0xff,
    0x91, 0x3f, 0xff, 0x60, 0x0, 0x0, 0xff, 0xfa,
    0x7, 0xff, 0xfc, 0x0, 0x0, 0x1d, 0x81, 0x0,
    0x5f, 0xff, 0x50, 0x0, 0x0, 0xff, 0xfa, 0x0,
    0x6, 0xc2, 0x0, 0x0, 0x0, 0x0, 0x0, 0xaf,
    0xff, 0x30, 0x0, 0x0, 0xff, 0xfa, 0x0, 0x0,
    0x0, 0x0, 0x0, 0x0, 0x0, 0x3, 0xff, 0xfe,
    0x0, 0x0, 0x0, 0xff, 0xfa, 0x0, 0x0, 0x0,
    0x0, 0x0, 0x0, 0x0, 0x3e, 0xff, 0xf8, 0x0,
    0x0, 0x0, 0xff, 0xfa, 0x0, 0x0, 0x0, 0x0,
    0x0, 0x0, 0x29, 0xff, 0xff, 0xe1, 0x0, 0x0,
    0x0, 0xff, 0xfa, 0x0, 0x0, 0x0, 0x0, 0x0,
    0x7, 0xff, 0xff, 0xff, 0x30, 0x0, 0x0, 0x0,
    0xff, 0xfa, 0x0, 0x0, 0x0, 0x0, 0x0, 0x0,
    0xbf, 0xff, 0xd2, 0x0, 0x0, 0x0, 0x0, 0xff,
    0xfa, 0x0, 0x0, 0x0, 0x0, 0x0, 0x0, 0x1e,
    0xe7, 0x0, 0x0, 0x0, 0x0, 0x0, 0xff, 0xfa,
    0x0, 0x0, 0x0, 0x0, 0x0, 0x0, 0x1, 0x0,
    0x0, 0x0, 0x0, 0x0, 0x0, 0x0, 0x0, 0x0,
    0x0, 0x0, 0x0,

    /* U+7684 "的" */
    0x0, 0x0, 0x78, 0x64, 0x0, 0x0, 0x0, 0x7,
    0x63, 0x0, 0x0, 0x0, 0x0, 0x0, 0x0, 0xd,
    0xff, 0xf0, 0x0, 0x0, 0x0, 0xff, 0xfb, 0x0,
    0x0, 0x0, 0x0, 0x0, 0x0, 0xff, 0xfa, 0x0,
    0x0, 0x0, 0x5f, 0xff, 0x70, 0x0, 0x0, 0x0,
    0x0, 0x0, 0x2f, 0xff, 0x40, 0x0, 0x0, 0xa,
    0xff, 0xf2, 0x0, 0x0, 0x0, 0x0, 0x0, 0x5,
    0xff, 0xe0, 0x0, 0x0, 0x0, 0xff, 0xfd, 0x0,
    0x0, 0x0, 0x0, 0xc, 0xdd, 0xef, 0xff, 0xdd,
    0xdd, 0x40, 0x4f, 0xff, 0xff, 0xff, 0xff, 0xff,
    0xf3, 0xef, 0xff, 0xff, 0xff, 0xff, 0xf4, 0xb,
    0xff, 0xff, 0xff, 0xff, 0xff, 0xff, 0x2e, 0xff,
    0xff, 0xff, 0xff, 0xff, 0x43, 0xff, 0xff, 0xff,
    0xff, 0xff, 0xff, 0xf2, 0xef, 0xf8, 0x44, 0x44,
    0xff, 0xf5, 0xbf, 0xff, 0x53, 0x33, 0x33, 0x6f,
    0xff, 0x1e, 0xff, 0x50, 0x0, 0xe, 0xff, 0xaf,
    0xff, 0xb0, 0x0, 0x0, 0x3, 0xff, 0xf1, 0xef,
    0xf5, 0x0, 0x0, 0xef, 0xff, 0xff, 0xf3, 0x0,
    0x0, 0x0, 0x3f, 0xff, 0xe, 0xff, 0x50, 0x0,
    0xe, 0xff, 0xaf, 0xf9, 0x0, 0x0, 0x0, 0x4,
    0xff, 0xf0, 0xef, 0xf5, 0x0, 0x0, 0xef, 0xf4,
    0x2b, 0x14, 0xc2, 0x0, 0x0, 0x5f, 0xff, 0xe,
    0xff, 0xec, 0xcc, 0xcf, 0xff, 0x40, 0xa, 0xff,
    0xc0, 0x0, 0x5, 0xff, 0xf0, 0xef, 0xff, 0xff,
    0xff, 0xff, 0xf4, 0x0, 0x8f, 0xff, 0x60, 0x0,
    0x6f, 0xfe, 0xe, 0xff, 0xff, 0xff, 0xff, 0xff,
    0x40, 0x0, 0xef, 0xff, 0x20, 0x6, 0xff, 0xe0,
    0xef, 0xf8, 0x44, 0x44, 0xff, 0xf4, 0x0, 0x5,
    0xff, 0xfc, 0x0, 0x7f, 0xfd, 0xe, 0xff, 0x50,
    0x0, 0xe, 0xff, 0x40, 0x0, 0xb, 0xff, 0xf6,
    0x8, 0xff, 0xc0, 0xef, 0xf5, 0x0, 0x0, 0xef,
    0xf4, 0x0, 0x0, 0x2f, 0xff, 0xe0, 0x9f, 0xfb,
    0xe, 0xff, 0x50, 0x0, 0xe, 0xff, 0x40, 0x0,
    0x0, 0x9f, 0xe5, 0xa, 0xff, 0xa0, 0xef, 0xf5,
    0x0, 0x0, 0xef, 0xf4, 0x0, 0x0, 0x1, 0xa1,
    0x0, 0xcf, 0xf9, 0xe, 0xff, 0x50, 0x0, 0xe,
    0xff, 0x40, 0x0, 0x0, 0x0, 0x0, 0xe, 0xff,
    0x80, 0xef, 0xf9, 0x55, 0x55, 0xff, 0xf4, 0x0,
    0x0, 0x0, 0x0, 0x0, 0xff, 0xf6, 0xe, 0xff,
    0xff, 0xff, 0xff, 0xff, 0x40, 0x0, 0x0, 0x0,
    0x0, 0x3f, 0xff, 0x40, 0xef, 0xff, 0xff, 0xff,
    0xff, 0xf4, 0x0, 0x0, 0x0, 0x0, 0x8, 0xff,
    0xf1, 0xe, 0xff, 0xdc, 0xcc, 0xcc, 0xcc, 0x30,
    0x0, 0x48, 0x76, 0x68, 0xff, 0xfe, 0x0, 0xef,
    0xf5, 0x0, 0x0, 0x0, 0x0, 0x0, 0x2, 0xff,
    0xff, 0xff, 0xff, 0x80, 0xe, 0xff, 0x50, 0x0,
    0x0, 0x0, 0x0, 0x0, 0xc, 0xff, 0xff, 0xff,
    0xd0, 0x0, 0x34, 0x41, 0x0, 0x0, 0x0, 0x0,
    0x0, 0x0, 0x8f, 0xff, 0xed, 0x80, 0x0, 0x0,
    0x0, 0x0, 0x0, 0x0, 0x0, 0x0, 0x0, 0x0,
    0x0, 0x0, 0x0, 0x0, 0x0,

    /* U+76EE "目" */
    0xaf, 0xff, 0xff, 0xff, 0xff, 0xff, 0xff, 0xff,
    0xff, 0xff, 0xfb, 0xbf, 0xff, 0xff, 0xff, 0xff,
    0xff, 0xff, 0xff, 0xff, 0xff, 0xfc, 0xbf, 0xff,
    0xff, 0xff, 0xff, 0xff, 0xff, 0xff, 0xff, 0xff,
    0xfc, 0xbf, 0xff, 0x88, 0x88, 0x88, 0x88, 0x88,
    0x88, 0x89, 0xff, 0xfc, 0xbf, 0xfe, 0x0, 0x0,
    0x0, 0x0, 0x0, 0x0, 0x1, 0xff, 0xfc, 0xbf,
    0xfe, 0x0, 0x0, 0x0, 0x0, 0x0, 0x0, 0x1,
    0xff, 0xfc, 0xbf, 0xfe, 0x0, 0x0, 0x0, 0x0,
    0x0, 0x0, 0x1, 0xff, 0xfc, 0xbf, 0xff, 0xff,
    0xff, 0xff, 0xff, 0xff, 0xff, 0xff, 0xff, 0xfc,
    0xbf, 0xff, 0xff, 0xff, 0xff, 0xff, 0xff, 0xff,
    0xff, 0xff, 0xfc, 0xbf, 0xff, 0xff, 0xff, 0xff,
    0xff, 0xff, 0xff, 0xff, 0xff, 0xfc, 0xbf, 0xff,
    0x77, 0x77, 0x77, 0x77, 0x77, 0x77, 0x78, 0xff,
    0xfc, 0xbf, 0xfe, 0x0, 0x0, 0x0, 0x0, 0x0,
    0x0, 0x1, 0xff, 0xfc, 0xbf, 0xfe, 0x0, 0x0,
    0x0, 0x0, 0x0, 0x0, 0x1, 0xff, 0xfc, 0xbf,
    0xfe, 0x0, 0x0, 0x0, 0x0, 0x0, 0x0, 0x1,
    0xff, 0xfc, 0xbf, 0xff, 0xff, 0xff, 0xff, 0xff,
    0xff, 0xff, 0xff, 0xff, 0xfc, 0xbf, 0xff, 0xff,
    0xff, 0xff, 0xff, 0xff, 0xff, 0xff, 0xff, 0xfc,
    0xbf, 0xff, 0xff, 0xff, 0xff, 0xff, 0xff, 0xff,
    0xff, 0xff, 0xfc, 0xbf, 0xff, 0x77, 0x77, 0x77,
    0x77, 0x77, 0x77, 0x77, 0xff, 0xfc, 0xbf, 0xfe,
    0x0, 0x0, 0x0, 0x0, 0x0, 0x0, 0x1, 0xff,
    0xfc, 0xbf, 0xfe, 0x0, 0x0, 0x0, 0x0, 0x0,
    0x0, 0x1, 0xff, 0xfc, 0xbf, 0xfe, 0x0, 0x0,
    0x0, 0x0, 0x0, 0x0, 0x1, 0xff, 0xfc, 0xbf,
    0xff, 0xff, 0xff, 0xff, 0xff, 0xff, 0xff, 0xff,
    0xff, 0xfc, 0xbf, 0xff, 0xff, 0xff, 0xff, 0xff,
    0xff, 0xff, 0xff, 0xff, 0xfc, 0xbf, 0xff, 0xff,
    0xff, 0xff, 0xff, 0xff, 0xff, 0xff, 0xff, 0xfc,
    0xbf, 0xff, 0x77, 0x77, 0x77, 0x77, 0x77, 0x77,
    0x78, 0xff, 0xfc, 0xbf, 0xfe, 0x0, 0x0, 0x0,
    0x0, 0x0, 0x0, 0x1, 0xff, 0xfc, 0xbf, 0xfe,
    0x0, 0x0, 0x0, 0x0, 0x0, 0x0, 0x1, 0xff,
    0xfc,

    /* U+77E5 "知" */
    0x0, 0x2, 0x85, 0x20, 0x0, 0x0, 0x0, 0x0,
    0x0, 0x0, 0x0, 0x0, 0x0, 0x0, 0x0, 0x6,
    0xff, 0xf2, 0x0, 0x0, 0x0, 0x0, 0x0, 0x0,
    0x0, 0x0, 0x0, 0x0, 0x0, 0xa, 0xff, 0xf0,
    0x0, 0x0, 0x0, 0x0, 0x11, 0x11, 0x11, 0x11,
    0x11, 0x10, 0x0, 0xe, 0xff, 0xb0, 0x0, 0x0,
    0x0, 0x0, 0xff, 0xff, 0xff, 0xff, 0xff, 0xf8,
    0x0, 0x3f, 0xff, 0xfe, 0xee, 0xee, 0xee, 0x70,
    0xff, 0xff, 0xff, 0xff, 0xff, 0xf8, 0x0, 0x7f,
    0xff, 0xff, 0xff, 0xff, 0xff, 0x80, 0xff, 0xff,
    0xff, 0xff, 0xff, 0xf8, 0x0, 0xef, 0xff, 0xff,
    0xff, 0xff, 0xff, 0x80, 0xff, 0xfa, 0x33, 0x34,
    0xff, 0xf8, 0x5, 0xff, 0xf9, 0x9f, 0xff, 0x96,
    0x66, 0x30, 0xff, 0xf8, 0x0, 0x1, 0xff, 0xf8,
    0xd, 0xff, 0xf0, 0x5f, 0xff, 0x40, 0x0, 0x0,
    0xff, 0xf8, 0x0, 0x1, 0xff, 0xf8, 0x4f, 0xff,
    0x90, 0x5f, 0xff, 0x40, 0x0, 0x0, 0xff, 0xf8,
    0x0, 0x1, 0xff, 0xf8, 0x3, 0xef, 0x10, 0x5f,
    0xff, 0x40, 0x0, 0x0, 0xff, 0xf8, 0x0, 0x1,
    0xff, 0xf8, 0x0, 0x16, 0x0, 0x5f, 0xff, 0x40,
    0x0, 0x0, 0xff, 0xf8, 0x0, 0x1, 0xff, 0xf8,
    0x6, 0x66, 0x66, 0xaf, 0xff, 0x96, 0x66, 0x61,
    0xff, 0xf8, 0x0, 0x1, 0xff, 0xf8, 0xe, 0xff,
    0xff, 0xff, 0xff, 0xff, 0xff, 0xf3, 0xff, 0xf8,
    0x0, 0x1, 0xff, 0xf8, 0xe, 0xff, 0xff, 0xff,
    0xff, 0xff, 0xff, 0xf3, 0xff, 0xf8, 0x0, 0x1,
    0xff, 0xf8, 0xe, 0xff, 0xff, 0xff, 0xff, 0xff,
    0xff, 0xf3, 0xff, 0xf8, 0x0, 0x1, 0xff, 0xf8,
    0x0, 0x0, 0x0, 0xbf, 0xff, 0x0, 0x0, 0x0,
    0xff, 0xf8, 0x0, 0x1, 0xff, 0xf8, 0x0, 0x0,
    0x0, 0xef, 0xff, 0x40, 0x0, 0x0, 0xff, 0xf8,
    0x0, 0x1, 0xff, 0xf8, 0x0, 0x0, 0x2, 0xff,
    0xff, 0xf3, 0x0, 0x0, 0xff, 0xf8, 0x0, 0x1,
    0xff, 0xf8, 0x0, 0x0, 0x8, 0xff, 0xff, 0xff,
    0x30, 0x0, 0xff, 0xf8, 0x0, 0x1, 0xff, 0xf8,
    0x0, 0x0, 0xe, 0xff, 0xef, 0xff, 0xe2, 0x0,
    0xff, 0xf8, 0x0, 0x1, 0xff, 0xf8, 0x0, 0x0,
    0x8f, 0xff, 0x86, 0xff, 0xfe, 0x20, 0xff, 0xf8,
    0x0, 0x1, 0xff, 0xf8, 0x0, 0x3, 0xff, 0xff,
    0x10, 0x9f, 0xff, 0xd1, 0xff, 0xff, 0xff, 0xff,
    0xff, 0xf8, 0x0, 0x1d, 0xff, 0xf8, 0x0, 0xc,
    0xff, 0xf3, 0xff, 0xff, 0xff, 0xff, 0xff, 0xf8,
    0x2, 0xef, 0xff, 0xe0, 0x0, 0x2, 0xff, 0x60,
    0xff, 0xff, 0xff, 0xff, 0xff, 0xf8, 0x2e, 0xff,
    0xff, 0x30, 0x0, 0x0, 0x69, 0x0, 0xff, 0xfb,
    0x66, 0x67, 0xff, 0xf8, 0x7, 0xff, 0xf5, 0x0,
    0x0, 0x0, 0x0, 0x0, 0xff, 0xf8, 0x0, 0x1,
    0xff, 0xf8, 0x0, 0x8f, 0x40, 0x0, 0x0, 0x0,
    0x0, 0x0, 0x99, 0x95, 0x0, 0x0, 0x22, 0x21,
    0x0, 0x2, 0x0, 0x0, 0x0, 0x0, 0x0, 0x0,
    0x0, 0x0, 0x0, 0x0, 0x0, 0x0,

    /* U+78BA "確" */
    0x0, 0x0, 0x0, 0x0, 0x0, 0x0, 0x0, 0x0,
    0x0, 0x1b, 0x84, 0x0, 0x0, 0x0, 0x0, 0x0,
    0x0, 0x0, 0x0, 0x0, 0x0, 0x0, 0x0, 0x5,
    0xff, 0xf3, 0x0, 0x0, 0x0, 0x9, 0xaa, 0xaa,
    0xaa, 0xaa, 0xa1, 0x0, 0x0, 0x0, 0xaf, 0xfe,
    0x0, 0x0, 0x0, 0x0, 0xef, 0xff, 0xff, 0xff,
    0xff, 0x7e, 0xee, 0xee, 0xef, 0xff, 0xfe, 0xee,
    0xee, 0xe4, 0xe, 0xff, 0xff, 0xff, 0xff, 0xf8,
    0xff, 0xff, 0xff, 0xff, 0xff, 0xff, 0xff, 0xff,
    0x40, 0x89, 0x9e, 0xff, 0xd9, 0x99, 0x7f, 0xff,
    0xff, 0xff, 0xff, 0xff, 0xff, 0xff, 0xf4, 0x0,
    0x0, 0xef, 0xf7, 0x0, 0x6, 0xff, 0xb1, 0x8f,
    0xff, 0x61, 0x12, 0x1e, 0xff, 0x40, 0x0, 0x1f,
    0xff, 0x30, 0x0, 0x6f, 0xfa, 0x2f, 0xff, 0xd3,
    0x9e, 0x80, 0xef, 0xf4, 0x0, 0x4, 0xff, 0xf0,
    0x0, 0x3, 0x88, 0x5b, 0xff, 0xf6, 0x9f, 0xfe,
    0x6, 0x66, 0x20, 0x0, 0x8f, 0xfd, 0x0, 0x0,
    0x0, 0x6, 0xff, 0xfd, 0x2, 0xff, 0xf6, 0x0,
    0x0, 0x0, 0xc, 0xff, 0x90, 0x0, 0x0, 0x4,
    0xff, 0xff, 0xfe, 0xef, 0xff, 0xfe, 0xec, 0x0,
    0x1, 0xff, 0xfb, 0x88, 0x88, 0x5, 0xff, 0xff,
    0xff, 0xff, 0xff, 0xff, 0xff, 0xd0, 0x0, 0x6f,
    0xff, 0xff, 0xff, 0xf8, 0xff, 0xff, 0xff, 0xff,
    0xff, 0xff, 0xff, 0xfd, 0x0, 0xd, 0xff, 0xff,
    0xff, 0xff, 0xff, 0xff, 0xff, 0x60, 0x5, 0xff,
    0xf0, 0x0, 0x0, 0x3, 0xff, 0xff, 0x98, 0xff,
    0xfc, 0xff, 0xff, 0xf5, 0x0, 0x4f, 0xff, 0x0,
    0x0, 0x0, 0xcf, 0xff, 0xf1, 0xf, 0xff, 0x3f,
    0xbf, 0xff, 0xff, 0xff, 0xff, 0xff, 0xff, 0x70,
    0x6f, 0xff, 0xff, 0x10, 0xff, 0xf1, 0x30, 0xff,
    0xff, 0xff, 0xff, 0xff, 0xff, 0xf7, 0x9, 0xff,
    0xff, 0xf1, 0xf, 0xff, 0x10, 0xf, 0xff, 0xca,
    0xac, 0xff, 0xfb, 0xaa, 0x50, 0x1e, 0xff, 0xff,
    0x10, 0xff, 0xf1, 0x0, 0xff, 0xf5, 0x0, 0x4f,
    0xff, 0x0, 0x0, 0x0, 0x7e, 0xff, 0xf1, 0xf,
    0xff, 0x10, 0xf, 0xff, 0x60, 0x5, 0xff, 0xf0,
    0x0, 0x0, 0x1, 0x4e, 0xff, 0x10, 0xff, 0xf1,
    0x0, 0xff, 0xff, 0xff, 0xff, 0xff, 0xff, 0xf7,
    0x0, 0x0, 0xef, 0xf1, 0xf, 0xff, 0x10, 0xf,
    0xff, 0xff, 0xff, 0xff, 0xff, 0xff, 0x70, 0x0,
    0xe, 0xff, 0xdc, 0xff, 0xf1, 0x0, 0xff, 0xfb,
    0x99, 0xbf, 0xff, 0x99, 0x94, 0x0, 0x0, 0xef,
    0xff, 0xff, 0xff, 0x10, 0xf, 0xff, 0x50, 0x4,
    0xff, 0xf0, 0x0, 0x0, 0x0, 0xe, 0xff, 0xff,
    0xff, 0xf1, 0x0, 0xff, 0xf7, 0x22, 0x6f, 0xff,
    0x32, 0x22, 0x10, 0x0, 0xef, 0xf6, 0x55, 0x55,
    0x0, 0xf, 0xff, 0xff, 0xff, 0xff, 0xff, 0xff,
    0xf8, 0x0, 0xe, 0xff, 0x10, 0x0, 0x0, 0x0,
    0xff, 0xff, 0xff, 0xff, 0xff, 0xff, 0xff, 0x80,
    0x0, 0x77, 0x70, 0x0, 0x0, 0x0, 0xf, 0xff,
    0xdb, 0xbb, 0xbb, 0xbb, 0xbb, 0xb6, 0x0, 0x0,
    0x0, 0x0, 0x0, 0x0, 0x0, 0xff, 0xf5, 0x0,
    0x0, 0x0, 0x0, 0x0, 0x0,

    /* U+7A31 "稱" */
    0x0, 0x0, 0x0, 0x0, 0x0, 0x0, 0x0, 0x0,
    0x0, 0x0, 0x0, 0x0, 0x2, 0x10, 0x0, 0x0,
    0x0, 0x0, 0x5, 0xbc, 0x10, 0x0, 0x0, 0x0,
    0x0, 0x14, 0x7a, 0xef, 0xd1, 0x0, 0x0, 0x14,
    0x7b, 0xff, 0xff, 0xc1, 0x13, 0x46, 0x8a, 0xce,
    0xff, 0xff, 0xff, 0xfb, 0x0, 0xd, 0xff, 0xff,
    0xff, 0xff, 0xf7, 0xdf, 0xff, 0xff, 0xff, 0xff,
    0xff, 0xfd, 0x96, 0x10, 0xa, 0xff, 0xff, 0xff,
    0xb4, 0x0, 0x7f, 0xff, 0xff, 0xed, 0xb9, 0x63,
    0x17, 0x73, 0x0, 0x5, 0xca, 0x7f, 0xff, 0x50,
    0x0, 0x27, 0x79, 0x20, 0x16, 0xb2, 0x0, 0x2f,
    0xff, 0x60, 0x0, 0x0, 0xf, 0xff, 0x50, 0x0,
    0x2b, 0xff, 0x40, 0xbf, 0xfb, 0x0, 0xbf, 0xfd,
    0x0, 0x0, 0x0, 0xf, 0xff, 0x50, 0x0, 0xd,
    0xff, 0xe0, 0x3f, 0xff, 0x27, 0xff, 0xf5, 0x0,
    0x0, 0x0, 0xf, 0xff, 0x50, 0x0, 0x5, 0xff,
    0xf6, 0xd, 0xff, 0x9f, 0xff, 0xb0, 0x0, 0xe,
    0xee, 0xff, 0xff, 0xfe, 0xec, 0x0, 0xdf, 0xb3,
    0x8, 0x93, 0x4, 0xed, 0x10, 0x0, 0xf, 0xff,
    0xff, 0xff, 0xff, 0xfc, 0x0, 0x32, 0x0, 0x4f,
    0xfe, 0x0, 0x12, 0x0, 0x0, 0xf, 0xff, 0xff,
    0xff, 0xff, 0xfc, 0x2b, 0xbb, 0xbb, 0xdf, 0xff,
    0xbb, 0xbb, 0xbb, 0x0, 0x5, 0x55, 0xdf, 0xff,
    0x95, 0x54, 0x3f, 0xff, 0xff, 0xff, 0xff, 0xff,
    0xff, 0xfe, 0x0, 0x0, 0x1, 0xff, 0xff, 0xa0,
    0x0, 0x3f, 0xff, 0xff, 0xff, 0xff, 0xff, 0xff,
    0xfe, 0x0, 0x0, 0x6, 0xff, 0xff, 0xfb, 0x0,
    0x3f, 0xff, 0x20, 0x5f, 0xfe, 0x0, 0x7f, 0xfe,
    0x0, 0x0, 0xc, 0xff, 0xff, 0xff, 0xa0, 0x3f,
    0xff, 0x20, 0x5f, 0xfe, 0x0, 0x7f, 0xfe, 0x0,
    0x0, 0x3f, 0xff, 0xff, 0xff, 0xf9, 0x3f, 0xff,
    0xff, 0xff, 0xff, 0xff, 0xff, 0xfe, 0x0, 0x0,
    0xaf, 0xff, 0xff, 0xaf, 0xfa, 0x3f, 0xff, 0xff,
    0xff, 0xff, 0xff, 0xff, 0xfe, 0x0, 0x3, 0xff,
    0xef, 0xff, 0x5a, 0xd0, 0x3f, 0xff, 0x98, 0xbf,
    0xff, 0x88, 0xcf, 0xfe, 0x0, 0xc, 0xff, 0x8f,
    0xff, 0x51, 0x20, 0x3f, 0xff, 0x10, 0x4f, 0xfe,
    0x0, 0x6f, 0xfe, 0x0, 0x4f, 0xff, 0x2f, 0xff,
    0x50, 0x3d, 0xef, 0xff, 0xed, 0xef, 0xff, 0xdd,
    0xef, 0xff, 0xd5, 0xd, 0xfa, 0xf, 0xff, 0x50,
    0x4f, 0xff, 0xff, 0xff, 0xff, 0xff, 0xff, 0xff,
    0xff, 0xf6, 0x6, 0xf1, 0xf, 0xff, 0x50, 0x4f,
    0xff, 0xff, 0xff, 0xff, 0xff, 0xff, 0xff, 0xff,
    0xf6, 0x0, 0x70, 0xf, 0xff, 0x50, 0x0, 0x4f,
    0xff, 0x20, 0x0, 0x0, 0x0, 0x7f, 0xfe, 0x0,
    0x0, 0x0, 0xf, 0xff, 0x50, 0x0, 0x3f, 0xff,
    0x10, 0x0, 0x0, 0x0, 0x6f, 0xfe, 0x0, 0x0,
    0x0, 0xf, 0xff, 0x50, 0x0, 0x3f, 0xff, 0x10,
    0x0, 0x1, 0x11, 0x8f, 0xfe, 0x0, 0x0, 0x0,
    0xf, 0xff, 0x50, 0x0, 0x3f, 0xff, 0x10, 0x0,
    0x8, 0xff, 0xff, 0xfb, 0x0, 0x0, 0x0, 0xf,
    0xff, 0x50, 0x0, 0x3f, 0xff, 0x10, 0x0, 0x2,
    0xff, 0xff, 0xf7, 0x0, 0x0, 0x0, 0xf, 0xff,
    0x50, 0x0, 0x3f, 0xff, 0x10, 0x0, 0x0, 0xdf,
    0xeb, 0x50, 0x0, 0x0, 0x0, 0x0, 0x0, 0x0,
    0x0, 0x0, 0x0, 0x0, 0x0, 0x0, 0x0, 0x0,
    0x0, 0x0,

    /* U+7B2C "第" */
    0x0, 0x0, 0x97, 0x30, 0x0, 0x0, 0x0, 0x0,
    0x5a, 0x62, 0x0, 0x0, 0x0, 0x0, 0x0, 0x4,
    0xff, 0xf5, 0x0, 0x0, 0x0, 0x0, 0xdf, 0xfe,
    0x0, 0x0, 0x0, 0x0, 0x0, 0xd, 0xff, 0xfc,
    0xbb, 0xbb, 0xb7, 0x5, 0xff, 0xfe, 0xaa, 0xaa,
    0xaa, 0xa9, 0x0, 0x6f, 0xff, 0xff, 0xff, 0xff,
    0xfa, 0xd, 0xff, 0xff, 0xff, 0xff, 0xff, 0xfd,
    0x2, 0xff, 0xff, 0xff, 0xff, 0xff, 0xfa, 0xbf,
    0xff, 0xff, 0xff, 0xff, 0xff, 0xfd, 0x1d, 0xff,
    0xf3, 0x5f, 0xfc, 0x10, 0x9, 0xff, 0xfc, 0x2,
    0xdf, 0xf4, 0x0, 0x0, 0xbf, 0xff, 0x80, 0x6f,
    0xff, 0xc0, 0x3, 0xef, 0xe2, 0x5, 0xff, 0xff,
    0x50, 0x0, 0x2e, 0xfc, 0x0, 0x6, 0xff, 0xd1,
    0x0, 0x1c, 0x40, 0x0, 0x4f, 0xfe, 0x30, 0x0,
    0x2, 0xc1, 0x0, 0x0, 0x8d, 0x20, 0x0, 0x0,
    0x0, 0x0, 0x4, 0xe3, 0x0, 0x0, 0x0, 0x3f,
    0xff, 0xff, 0xff, 0xff, 0xff, 0xff, 0xff, 0xff,
    0xff, 0xff, 0xf0, 0x0, 0x0, 0x3f, 0xff, 0xff,
    0xff, 0xff, 0xff, 0xff, 0xff, 0xff, 0xff, 0xff,
    0xf0, 0x0, 0x0, 0x3e, 0xee, 0xee, 0xee, 0xee,
    0xff, 0xff, 0xee, 0xee, 0xef, 0xff, 0xf0, 0x0,
    0x0, 0x0, 0x0, 0x0, 0x0, 0x1, 0xff, 0xf7,
    0x0, 0x0, 0x8, 0xff, 0xf0, 0x0, 0x0, 0x0,
    0x33, 0x33, 0x33, 0x34, 0xff, 0xf9, 0x33, 0x33,
    0x3a, 0xff, 0xf0, 0x0, 0x0, 0x3, 0xff, 0xff,
    0xff, 0xff, 0xff, 0xff, 0xff, 0xff, 0xff, 0xff,
    0xf0, 0x0, 0x0, 0x5, 0xff, 0xff, 0xff, 0xff,
    0xff, 0xff, 0xff, 0xff, 0xff, 0xff, 0xf0, 0x0,
    0x0, 0x7, 0xff, 0xfb, 0xbb, 0xbb, 0xff, 0xfd,
    0xbb, 0xbb, 0xbb, 0xbb, 0xb0, 0x0, 0x0, 0x9,
    0xff, 0xd0, 0x0, 0x1, 0xff, 0xf7, 0x0, 0x0,
    0x0, 0x0, 0x0, 0x0, 0x0, 0xc, 0xff, 0xff,
    0xff, 0xff, 0xff, 0xff, 0xff, 0xff, 0xff, 0xff,
    0xff, 0x70, 0x0, 0xe, 0xff, 0xff, 0xff, 0xff,
    0xff, 0xff, 0xff, 0xff, 0xff, 0xff, 0xff, 0x60,
    0x0, 0x2f, 0xff, 0xff, 0xff, 0xff, 0xff, 0xff,
    0xff, 0xff, 0xff, 0xff, 0xff, 0x40, 0x0, 0x0,
    0x0, 0x0, 0x7f, 0xff, 0xff, 0xf7, 0x0, 0x0,
    0x0, 0x6f, 0xff, 0x30, 0x0, 0x0, 0x0, 0x2b,
    0xff, 0xfe, 0xff, 0xf7, 0x0, 0x0, 0x0, 0x8f,
    0xff, 0x10, 0x0, 0x0, 0x18, 0xff, 0xff, 0xc2,
    0xff, 0xf7, 0x0, 0x0, 0x0, 0xdf, 0xfe, 0x0,
    0x0, 0x29, 0xff, 0xff, 0xfa, 0x1, 0xff, 0xf7,
    0x0, 0xde, 0xef, 0xff, 0xfb, 0x0, 0x3c, 0xff,
    0xff, 0xff, 0x70, 0x1, 0xff, 0xf7, 0x0, 0x8f,
    0xff, 0xff, 0xf5, 0x0, 0xc, 0xff, 0xff, 0xd4,
    0x0, 0x1, 0xff, 0xf7, 0x0, 0x4f, 0xff, 0xff,
    0x80, 0x0, 0x1, 0xff, 0xf7, 0x0, 0x0, 0x1,
    0xff, 0xf7, 0x0, 0x4, 0x44, 0x30, 0x0, 0x0,
    0x0, 0x57, 0x0, 0x0, 0x0, 0x1, 0xff, 0xf7,
    0x0, 0x0, 0x0, 0x0, 0x0, 0x0,

    /* U+7D00 "紀" */
    0x0, 0x0, 0x4, 0x60, 0x0, 0x0, 0x0, 0x0,
    0x0, 0x0, 0x0, 0x0, 0x0, 0x0, 0x0, 0x0,
    0x0, 0xbf, 0xf8, 0x0, 0x0, 0x0, 0x0, 0x0,
    0x0, 0x0, 0x0, 0x0, 0x0, 0x0, 0x0, 0x2f,
    0xff, 0x80, 0x0, 0xc, 0xff, 0xff, 0xff, 0xff,
    0xff, 0xff, 0x90, 0x0, 0x0, 0xa, 0xff, 0xf1,
    0x0, 0x0, 0xcf, 0xff, 0xff, 0xff, 0xff, 0xff,
    0xfa, 0x0, 0x0, 0x2, 0xff, 0xf7, 0x3, 0x0,
    0xc, 0xff, 0xff, 0xff, 0xff, 0xff, 0xff, 0xa0,
    0x0, 0x0, 0xbf, 0xfe, 0x5, 0xfa, 0x10, 0x9b,
    0xbb, 0xbb, 0xbb, 0xbb, 0xff, 0xfa, 0x0, 0x0,
    0x4f, 0xff, 0x40, 0xdf, 0xfe, 0x10, 0x0, 0x0,
    0x0, 0x0, 0x1f, 0xff, 0xa0, 0x0, 0xd, 0xff,
    0x90, 0x7f, 0xff, 0x80, 0x0, 0x0, 0x0, 0x0,
    0x1, 0xff, 0xfa, 0x0, 0xb, 0xff, 0xf5, 0x6e,
    0xff, 0xd0, 0x0, 0x0, 0x0, 0x0, 0x0, 0x1f,
    0xff, 0xa0, 0xa, 0xff, 0xff, 0xff, 0xff, 0xf4,
    0x0, 0x0, 0x0, 0x0, 0x0, 0x1, 0xff, 0xfa,
    0x0, 0x6f, 0xff, 0xff, 0xff, 0xf9, 0x0, 0x0,
    0x0, 0x0, 0x0, 0x0, 0x1f, 0xff, 0xa0, 0x0,
    0xff, 0xed, 0xff, 0xfd, 0x1, 0x0, 0x9, 0x99,
    0x99, 0x99, 0x99, 0xff, 0xfa, 0x0, 0x3, 0x10,
    0xcf, 0xfe, 0x8c, 0xe0, 0x1, 0xff, 0xff, 0xff,
    0xff, 0xff, 0xff, 0xa0, 0x0, 0x0, 0x9f, 0xff,
    0x4b, 0xff, 0x60, 0x1f, 0xff, 0xff, 0xff, 0xff,
    0xff, 0xfa, 0x0, 0x0, 0x7f, 0xff, 0x70, 0x5f,
    0xfd, 0x1, 0xff, 0xff, 0xff, 0xff, 0xff, 0xff,
    0xa0, 0x0, 0x8f, 0xff, 0xfc, 0xef, 0xff, 0xf3,
    0x1f, 0xff, 0xb0, 0x0, 0x1, 0xff, 0xfa, 0x0,
    0x7f, 0xff, 0xff, 0xff, 0xff, 0xff, 0x81, 0xff,
    0xfb, 0x0, 0x0, 0x9, 0x99, 0x60, 0x2, 0xff,
    0xff, 0xff, 0xfe, 0xcf, 0xfd, 0x1f, 0xff, 0xb0,
    0x0, 0x0, 0x0, 0x0, 0x0, 0xc, 0xfc, 0x96,
    0x30, 0x0, 0xe8, 0x11, 0xff, 0xfb, 0x0, 0x0,
    0x0, 0x0, 0x0, 0x0, 0x20, 0x0, 0x0, 0x0,
    0x4a, 0x50, 0x1f, 0xff, 0xb0, 0x0, 0x0, 0x0,
    0x0, 0x0, 0x6, 0x85, 0x16, 0xad, 0x3f, 0xfc,
    0x1, 0xff, 0xfb, 0x0, 0x0, 0x0, 0x2c, 0x30,
    0x0, 0xbf, 0xf5, 0xdf, 0xf2, 0xef, 0xf2, 0x1f,
    0xff, 0xb0, 0x0, 0x0, 0x3, 0xff, 0xd2, 0xd,
    0xff, 0x3b, 0xff, 0x49, 0xff, 0x71, 0xff, 0xfb,
    0x0, 0x0, 0x0, 0x4f, 0xff, 0x20, 0xff, 0xf1,
    0x9f, 0xf7, 0x5f, 0xfb, 0xf, 0xff, 0xb0, 0x0,
    0x0, 0x7, 0xff, 0xf0, 0x2f, 0xfe, 0x7, 0xff,
    0x81, 0xff, 0xe0, 0xff, 0xfe, 0x43, 0x22, 0x24,
    0xdf, 0xfd, 0x5, 0xff, 0xb0, 0x5f, 0xfa, 0x9,
    0x60, 0xd, 0xff, 0xff, 0xff, 0xff, 0xff, 0xff,
    0x90, 0xaf, 0xf8, 0x4, 0xff, 0xa0, 0x0, 0x0,
    0x6f, 0xff, 0xff, 0xff, 0xff, 0xff, 0xf2, 0x4,
    0x9f, 0x30, 0x26, 0x20, 0x0, 0x0, 0x0, 0x6e,
    0xff, 0xff, 0xff, 0xff, 0xc2, 0x0, 0x0, 0x0,
    0x0, 0x0, 0x0, 0x0, 0x0, 0x0, 0x0, 0x12,
    0x22, 0x21, 0x0, 0x0, 0x0,

    /* U+7D50 "結" */
    0x0, 0x0, 0x0, 0x94, 0x0, 0x0, 0x0, 0x0,
    0x0, 0x1a, 0xaa, 0x50, 0x0, 0x0, 0x0, 0x0,
    0x0, 0x5f, 0xfd, 0x20, 0x0, 0x0, 0x0, 0x2,
    0xff, 0xf7, 0x0, 0x0, 0x0, 0x0, 0x0, 0xb,
    0xff, 0xe0, 0x0, 0x0, 0x0, 0x0, 0x2f, 0xff,
    0x70, 0x0, 0x0, 0x0, 0x0, 0x3, 0xff, 0xf6,
    0x0, 0x0, 0x0, 0x0, 0x2, 0xff, 0xf7, 0x0,
    0x0, 0x0, 0x0, 0x0, 0xaf, 0xfd, 0x0, 0x0,
    0x4f, 0xff, 0xff, 0xff, 0xff, 0xff, 0xff, 0xff,
    0xe0, 0x0, 0x3f, 0xff, 0x40, 0xd7, 0x4, 0xff,
    0xff, 0xff, 0xff, 0xff, 0xff, 0xff, 0xfe, 0x0,
    0xc, 0xff, 0xa0, 0x8f, 0xfd, 0x7f, 0xff, 0xff,
    0xff, 0xff, 0xff, 0xff, 0xff, 0xe0, 0x6, 0xff,
    0xe1, 0x1f, 0xff, 0xe2, 0x55, 0x55, 0x57, 0xff,
    0xfa, 0x55, 0x55, 0x55, 0x3, 0xff, 0xf8, 0x4a,
    0xff, 0xf5, 0x0, 0x0, 0x0, 0x2f, 0xff, 0x70,
    0x0, 0x0, 0x2, 0xff, 0xff, 0xff, 0xff, 0xfa,
    0x0, 0x0, 0x0, 0x2, 0xff, 0xf7, 0x0, 0x0,
    0x0, 0xd, 0xff, 0xff, 0xff, 0xfe, 0x10, 0x0,
    0x0, 0x0, 0x3f, 0xff, 0x80, 0x0, 0x0, 0x0,
    0x8f, 0xfd, 0xff, 0xff, 0x50, 0x0, 0x6f, 0xff,
    0xff, 0xff, 0xff, 0xff, 0xff, 0xf3, 0x1, 0x30,
    0x4f, 0xff, 0xb7, 0xb3, 0x6, 0xff, 0xff, 0xff,
    0xff, 0xff, 0xff, 0xff, 0x30, 0x0, 0x1e, 0xff,
    0xb6, 0xff, 0x90, 0x6f, 0xff, 0xff, 0xff, 0xff,
    0xff, 0xff, 0xf3, 0x0, 0xc, 0xff, 0xe1, 0x1f,
    0xfe, 0x1, 0x33, 0x33, 0x33, 0x33, 0x33, 0x33,
    0x33, 0x0, 0x1b, 0xff, 0xfa, 0x9b, 0xff, 0xf4,
    0x0, 0x0, 0x0, 0x0, 0x0, 0x0, 0x0, 0x0,
    0xe, 0xff, 0xff, 0xff, 0xff, 0xff, 0x90, 0x34,
    0x44, 0x44, 0x44, 0x44, 0x44, 0x42, 0x0, 0xaf,
    0xff, 0xff, 0xff, 0xff, 0xfd, 0xd, 0xff, 0xff,
    0xff, 0xff, 0xff, 0xff, 0x70, 0x5, 0xff, 0xdb,
    0x86, 0x31, 0xff, 0xa0, 0xdf, 0xff, 0xff, 0xff,
    0xff, 0xff, 0xf7, 0x0, 0x5, 0x10, 0x0, 0x0,
    0x8, 0x30, 0xd, 0xff, 0xff, 0xff, 0xff, 0xff,
    0xff, 0x70, 0x0, 0x85, 0x31, 0x58, 0x2f, 0xfa,
    0x0, 0xdf, 0xf7, 0x0, 0x0, 0x0, 0xff, 0xf7,
    0x0, 0x1f, 0xfd, 0x5f, 0xf4, 0xcf, 0xf0, 0xd,
    0xff, 0x70, 0x0, 0x0, 0xf, 0xff, 0x70, 0x2,
    0xff, 0xb3, 0xff, 0x77, 0xff, 0x50, 0xdf, 0xf7,
    0x0, 0x0, 0x0, 0xff, 0xf7, 0x0, 0x4f, 0xf9,
    0x1f, 0xf9, 0x2f, 0xfa, 0xd, 0xff, 0x70, 0x0,
    0x0, 0xf, 0xff, 0x70, 0x7, 0xff, 0x70, 0xff,
    0xb0, 0xef, 0xe0, 0xdf, 0xff, 0xff, 0xff, 0xff,
    0xff, 0xf7, 0x0, 0xaf, 0xf4, 0xe, 0xfd, 0xa,
    0xa5, 0xd, 0xff, 0xff, 0xff, 0xff, 0xff, 0xff,
    0x70, 0xe, 0xff, 0x10, 0xcf, 0xf0, 0x0, 0x0,
    0xdf, 0xff, 0xff, 0xff, 0xff, 0xff, 0xf7, 0x0,
    0x6d, 0xd0, 0x5, 0x41, 0x0, 0x0, 0xd, 0xff,
    0xa4, 0x44, 0x44, 0x4f, 0xff, 0x70, 0x0, 0x2,
    0x0, 0x0, 0x0, 0x0, 0x0, 0xdf, 0xf7, 0x0,
    0x0, 0x0, 0xdd, 0xd6, 0x0,

    /* U+8005 "者" */
    0x0, 0x0, 0x0, 0x0, 0x0, 0x4, 0x44, 0x20,
    0x0, 0x0, 0x0, 0x0, 0x0, 0x0, 0x0, 0x0,
    0x0, 0x0, 0x0, 0x0, 0xff, 0xf8, 0x0, 0x0,
    0x0, 0x0, 0x4, 0x0, 0x0, 0x0, 0x0, 0x0,
    0x0, 0x0, 0xf, 0xff, 0x80, 0x0, 0x0, 0x0,
    0xa, 0xfc, 0x40, 0x0, 0x0, 0x2, 0x22, 0x22,
    0x23, 0xff, 0xf9, 0x22, 0x22, 0x22, 0x8, 0xff,
    0xfd, 0x0, 0x0, 0x2, 0xff, 0xff, 0xff, 0xff,
    0xff, 0xff, 0xff, 0xff, 0xf5, 0xff, 0xff, 0x20,
    0x0, 0x0, 0x2f, 0xff, 0xff, 0xff, 0xff, 0xff,
    0xff, 0xff, 0xff, 0xff, 0xff, 0x50, 0x0, 0x0,
    0x2, 0xff, 0xff, 0xff, 0xff, 0xff, 0xff, 0xff,
    0xff, 0xff, 0xff, 0x70, 0x0, 0x0, 0x0, 0x0,
    0x0, 0x0, 0x0, 0xff, 0xf8, 0x0, 0x4, 0xff,
    0xff, 0x80, 0x0, 0x0, 0x0, 0x0, 0x0, 0x0,
    0x0, 0xf, 0xff, 0x80, 0x6, 0xff, 0xff, 0x80,
    0x0, 0x0, 0x0, 0x22, 0x22, 0x22, 0x22, 0x23,
    0xff, 0xf9, 0x28, 0xff, 0xff, 0xb3, 0x22, 0x22,
    0x20, 0xb, 0xff, 0xff, 0xff, 0xff, 0xff, 0xff,
    0xff, 0xff, 0xff, 0xff, 0xff, 0xff, 0xff, 0x40,
    0xbf, 0xff, 0xff, 0xff, 0xff, 0xff, 0xff, 0xff,
    0xff, 0xff, 0xff, 0xff, 0xff, 0xf4, 0xa, 0xff,
    0xff, 0xff, 0xff, 0xff, 0xff, 0xff, 0xff, 0xff,
    0xff, 0xff, 0xff, 0xff, 0x40, 0x0, 0x0, 0x0,
    0x0, 0x18, 0xff, 0xff, 0xf8, 0x0, 0x0, 0x0,
    0x0, 0x0, 0x0, 0x0, 0x0, 0x0, 0x1, 0x9f,
    0xff, 0xff, 0xb2, 0x0, 0x0, 0x0, 0x0, 0x0,
    0x0, 0x0, 0x0, 0x0, 0x29, 0xff, 0xff, 0xff,
    0xfe, 0xee, 0xee, 0xee, 0xee, 0xec, 0x0, 0x0,
    0x0, 0x17, 0xcf, 0xff, 0xff, 0xff, 0xff, 0xff,
    0xff, 0xff, 0xff, 0xff, 0xd0, 0x0, 0x4, 0xbf,
    0xff, 0xff, 0xff, 0xff, 0xff, 0xff, 0xff, 0xff,
    0xff, 0xff, 0xfd, 0x0, 0x0, 0x1e, 0xff, 0xff,
    0xff, 0xff, 0xb0, 0x0, 0x0, 0x0, 0x0, 0xe,
    0xff, 0xd0, 0x0, 0x0, 0x4f, 0xfe, 0x71, 0xdf,
    0xfb, 0x0, 0x0, 0x0, 0x0, 0x0, 0xef, 0xfd,
    0x0, 0x0, 0x0, 0x75, 0x0, 0xd, 0xff, 0xff,
    0xff, 0xff, 0xff, 0xff, 0xff, 0xff, 0xd0, 0x0,
    0x0, 0x0, 0x0, 0x0, 0xdf, 0xff, 0xff, 0xff,
    0xff, 0xff, 0xff, 0xff, 0xfd, 0x0, 0x0, 0x0,
    0x0, 0x0, 0xd, 0xff, 0xfc, 0xcc, 0xcc, 0xcc,
    0xcc, 0xcf, 0xff, 0xd0, 0x0, 0x0, 0x0, 0x0,
    0x0, 0xdf, 0xfb, 0x0, 0x0, 0x0, 0x0, 0x0,
    0xef, 0xfd, 0x0, 0x0, 0x0, 0x0, 0x0, 0xd,
    0xff, 0xc1, 0x11, 0x11, 0x11, 0x11, 0x1e, 0xff,
    0xd0, 0x0, 0x0, 0x0, 0x0, 0x0, 0xdf, 0xff,
    0xff, 0xff, 0xff, 0xff, 0xff, 0xff, 0xfd, 0x0,
    0x0, 0x0, 0x0, 0x0, 0xd, 0xff, 0xff, 0xff,
    0xff, 0xff, 0xff, 0xff, 0xff, 0xd0, 0x0, 0x0,
    0x0, 0x0, 0x0, 0xdf, 0xff, 0xff, 0xff, 0xff,
    0xff, 0xff, 0xff, 0xfd, 0x0, 0x0, 0x0, 0x0,
    0x0, 0xd, 0xff, 0xb0, 0x0, 0x0, 0x0, 0x0,
    0xc, 0xdd, 0xb0, 0x0, 0x0,

    /* U+8046 "聆" */
    0x0, 0x0, 0x0, 0x0, 0x0, 0x0, 0x0, 0x0,
    0x0, 0x20, 0x0, 0x0, 0x0, 0x0, 0x2, 0x33,
    0x33, 0x33, 0x33, 0x33, 0x30, 0x0, 0x0, 0x1f,
    0xd7, 0x10, 0x0, 0x0, 0x0, 0xbf, 0xff, 0xff,
    0xff, 0xff, 0xff, 0x10, 0x0, 0x9, 0xff, 0xf1,
    0x0, 0x0, 0x0, 0xb, 0xff, 0xff, 0xff, 0xff,
    0xff, 0xf1, 0x0, 0x2, 0xff, 0xff, 0x40, 0x0,
    0x0, 0x0, 0xaf, 0xff, 0xff, 0xff, 0xff, 0xff,
    0x10, 0x0, 0xdf, 0xff, 0xfe, 0x20, 0x0, 0x0,
    0x0, 0x6f, 0xfb, 0x0, 0xbf, 0xf6, 0x0, 0x0,
    0x8f, 0xff, 0xdf, 0xfd, 0x10, 0x0, 0x0, 0x6,
    0xff, 0xb0, 0xb, 0xff, 0x60, 0x0, 0x5f, 0xff,
    0xa1, 0xdf, 0xfd, 0x10, 0x0, 0x0, 0x6f, 0xfb,
    0x0, 0xbf, 0xf6, 0x0, 0x3f, 0xff, 0xd0, 0x2,
    0xff, 0xfd, 0x10, 0x0, 0x6, 0xff, 0xfc, 0xcf,
    0xff, 0x60, 0x2e, 0xff, 0xf3, 0x0, 0x5, 0xff,
    0xfe, 0x30, 0x0, 0x6f, 0xff, 0xff, 0xff, 0xf6,
    0x4f, 0xff, 0xf9, 0x22, 0x22, 0x2a, 0xff, 0xff,
    0x70, 0x6, 0xff, 0xff, 0xff, 0xff, 0xbf, 0xff,
    0xff, 0xff, 0xff, 0xff, 0xff, 0xff, 0xff, 0x40,
    0x6f, 0xfc, 0x22, 0xcf, 0xfa, 0xff, 0xfa, 0xff,
    0xff, 0xff, 0xff, 0xc8, 0xff, 0x80, 0x6, 0xff,
    0xb0, 0xb, 0xff, 0x65, 0xf8, 0x1d, 0xdd, 0xdd,
    0xdd, 0xda, 0x7, 0xb0, 0x0, 0x6f, 0xfb, 0x0,
    0xbf, 0xf6, 0x3, 0x0, 0x0, 0x0, 0x0, 0x0,
    0x0, 0x0, 0x0, 0x6, 0xff, 0xe9, 0x9e, 0xff,
    0x60, 0x1, 0x11, 0x11, 0x11, 0x11, 0x11, 0x20,
    0x0, 0x0, 0x6f, 0xff, 0xff, 0xff, 0xf6, 0x1,
    0xff, 0xff, 0xff, 0xff, 0xff, 0xff, 0xa1, 0x0,
    0x6, 0xff, 0xff, 0xff, 0xff, 0x60, 0x1f, 0xff,
    0xff, 0xff, 0xff, 0xff, 0xff, 0xb0, 0x0, 0x6f,
    0xfc, 0x44, 0xdf, 0xf6, 0x1, 0xee, 0xee, 0xee,
    0xee, 0xef, 0xff, 0xf4, 0x0, 0x6, 0xff, 0xb0,
    0xb, 0xff, 0x60, 0x0, 0x0, 0x0, 0x0, 0x3,
    0xff, 0xfa, 0x0, 0x0, 0x6f, 0xfb, 0x0, 0xbf,
    0xf6, 0x0, 0x0, 0x0, 0x0, 0x1, 0xef, 0xfe,
    0x10, 0x0, 0x6, 0xff, 0xb1, 0x4d, 0xff, 0x60,
    0x0, 0x0, 0x80, 0x0, 0xdf, 0xff, 0x40, 0x0,
    0x5, 0xaf, 0xff, 0xff, 0xff, 0xf6, 0x0, 0x2,
    0xdf, 0xd2, 0xbf, 0xff, 0x80, 0x0, 0x0, 0xcf,
    0xff, 0xff, 0xff, 0xff, 0x60, 0x0, 0x8f, 0xff,
    0xff, 0xff, 0xb0, 0x0, 0x0, 0x8, 0xff, 0xff,
    0xff, 0xff, 0xf6, 0x0, 0x0, 0x8f, 0xff, 0xff,
    0xd1, 0x0, 0x0, 0x0, 0x5e, 0xb8, 0x52, 0xb,
    0xff, 0x60, 0x0, 0x0, 0x6f, 0xff, 0xf8, 0x0,
    0x0, 0x0, 0x0, 0x0, 0x0, 0x0, 0xbf, 0xf6,
    0x0, 0x0, 0x0, 0x5f, 0xff, 0xf7, 0x0, 0x0,
    0x0, 0x0, 0x0, 0x0, 0xb, 0xff, 0x60, 0x0,
    0x0, 0x0, 0x4f, 0xff, 0xf8, 0x0, 0x0, 0x0,
    0x0, 0x0, 0x0, 0xbf, 0xf6, 0x0, 0x0, 0x0,
    0x0, 0x4f, 0xff, 0x50, 0x0, 0x0, 0x0, 0x0,
    0x0, 0xb, 0xff, 0x60, 0x0, 0x0, 0x0, 0x0,
    0x4e, 0x40, 0x0, 0x0, 0x0, 0x0, 0x0, 0x0,
    0x0, 0x0, 0x0, 0x0, 0x0, 0x0, 0x0, 0x0,
    0x0, 0x0, 0x0,

    /* U+807D "聽" */
    0x0, 0x0, 0x0, 0x0, 0x0, 0x0, 0x0, 0x0,
    0x0, 0x0, 0x0, 0x0, 0x0, 0x0, 0x0, 0x1,
    0x11, 0x11, 0x11, 0x11, 0x11, 0x10, 0x0, 0x0,
    0x8, 0xff, 0xc0, 0x0, 0x0, 0x0, 0xe, 0xff,
    0xff, 0xff, 0xff, 0xff, 0xf3, 0x0, 0x0, 0xa,
    0xff, 0xb0, 0x0, 0x0, 0x0, 0xe, 0xff, 0xff,
    0xff, 0xff, 0xff, 0xfd, 0xff, 0xff, 0xff, 0xff,
    0xff, 0xff, 0xff, 0x60, 0xa, 0xdf, 0xfe, 0xbb,
    0xdf, 0xff, 0xbc, 0xff, 0xff, 0xff, 0xff, 0xff,
    0xff, 0xff, 0x60, 0x0, 0x7f, 0xfa, 0x0, 0x5f,
    0xfe, 0x8, 0xbb, 0xbb, 0xcf, 0xff, 0xcb, 0xbb,
    0xbb, 0x50, 0x0, 0x7f, 0xff, 0xdd, 0xef, 0xfe,
    0x0, 0x0, 0x0, 0x3f, 0xff, 0x10, 0x0, 0x0,
    0x0, 0x0, 0x7f, 0xff, 0xff, 0xff, 0xfe, 0x4,
    0xff, 0xff, 0xff, 0xff, 0xff, 0xff, 0xff, 0x0,
    0x0, 0x7f, 0xfc, 0x33, 0x8f, 0xfe, 0x4, 0xff,
    0xff, 0xff, 0xff, 0xff, 0xff, 0xff, 0x0, 0x0,
    0x7f, 0xfc, 0x44, 0x9f, 0xfe, 0x4, 0xff, 0xaa,
    0xff, 0x8a, 0xfe, 0x8e, 0xff, 0x0, 0x0, 0x7f,
    0xff, 0xff, 0xff, 0xfe, 0x4, 0xff, 0x42, 0xff,
    0x3, 0xfc, 0xc, 0xff, 0x0, 0x0, 0x7f, 0xff,
    0xdd, 0xef, 0xfe, 0x4, 0xff, 0x42, 0xff, 0x3,
    0xfc, 0xc, 0xff, 0x0, 0x0, 0x7f, 0xfa, 0x0,
    0x5f, 0xfe, 0x4, 0xff, 0xff, 0xff, 0xff, 0xff,
    0xff, 0xff, 0x0, 0x1a, 0xdf, 0xfe, 0xaa, 0xcf,
    0xfe, 0x4, 0xff, 0xff, 0xff, 0xff, 0xff, 0xff,
    0xff, 0x0, 0x1f, 0xff, 0xff, 0xff, 0xff, 0xfe,
    0x3, 0x99, 0x99, 0x99, 0x99, 0x99, 0x99, 0x99,
    0x0, 0x1f, 0xff, 0xff, 0xff, 0xff, 0xfe, 0x4,
    0x44, 0x44, 0x44, 0x44, 0x44, 0x44, 0x44, 0x30,
    0x0, 0x1, 0x35, 0x83, 0x6f, 0xfe, 0x2f, 0xff,
    0xff, 0xff, 0xff, 0xff, 0xff, 0xff, 0xd0, 0xb,
    0xff, 0xff, 0xfb, 0x6f, 0xfe, 0x2f, 0xff, 0xff,
    0xff, 0xff, 0xff, 0xff, 0xff, 0xd0, 0x8, 0xff,
    0xff, 0xdb, 0x7f, 0xfe, 0x1a, 0xaa, 0xaa, 0xad,
    0xea, 0xaa, 0xaa, 0xaa, 0x80, 0x0, 0x1a, 0xff,
    0x0, 0x5f, 0xfe, 0x0, 0x0, 0x0, 0xaf, 0xf6,
    0x0, 0x0, 0x0, 0x0, 0x1, 0x3a, 0xff, 0x32,
    0x5f, 0xfe, 0x0, 0x0, 0x44, 0xaf, 0xff, 0x40,
    0x19, 0x40, 0x0, 0x4, 0xff, 0xff, 0xf9, 0x5f,
    0xfe, 0x5, 0xf9, 0xff, 0xfb, 0xff, 0xe1, 0xef,
    0xe0, 0x0, 0x4, 0xff, 0xff, 0xf9, 0x5f, 0xfe,
    0xa, 0xff, 0xff, 0xf2, 0xdf, 0xf9, 0x7f, 0xf8,
    0x0, 0x0, 0x9, 0xff, 0x0, 0x5f, 0xfe, 0xe,
    0xfb, 0xef, 0xf1, 0x4f, 0xc7, 0x2e, 0xff, 0x20,
    0x0, 0x9, 0xff, 0x68, 0x6f, 0xfe, 0x5f, 0xf6,
    0xef, 0xf1, 0x5, 0x9, 0xfd, 0xff, 0x80, 0xe,
    0xff, 0xff, 0xff, 0x7f, 0xfe, 0xcf, 0xf1, 0xef,
    0xf1, 0x0, 0xb, 0xfd, 0xff, 0xe0, 0xf, 0xff,
    0xff, 0xff, 0x7f, 0xff, 0xff, 0xb0, 0xdf, 0xfd,
    0xaa, 0xbf, 0xf8, 0xcf, 0xf2, 0xd, 0xdb, 0x98,
    0x64, 0x6f, 0xfe, 0x2c, 0x40, 0x8f, 0xff, 0xff,
    0xff, 0xf3, 0x67, 0x10, 0x0, 0x0, 0x0, 0x0,
    0x5f, 0xfe, 0x0, 0x0, 0x19, 0xef, 0xff, 0xfe,
    0x70, 0x0, 0x0,

    /* U+81F4 "致" */
    0x0, 0x0, 0x0, 0x0, 0x0, 0x0, 0x0, 0x0,
    0x0, 0x2, 0x0, 0x0, 0x0, 0x0, 0x0, 0x0,
    0x0, 0x0, 0x0, 0x0, 0x0, 0x0, 0x0, 0x0,
    0x5f, 0xfd, 0x0, 0x0, 0x0, 0x0, 0xc, 0xdd,
    0xdd, 0xdd, 0xdd, 0xdd, 0xdd, 0xb0, 0x0, 0x8f,
    0xfe, 0x0, 0x0, 0x0, 0x0, 0xe, 0xff, 0xff,
    0xff, 0xff, 0xff, 0xff, 0xd0, 0x0, 0xcf, 0xfb,
    0x0, 0x0, 0x0, 0x0, 0xe, 0xff, 0xff, 0xff,
    0xff, 0xff, 0xff, 0xd0, 0x0, 0xff, 0xf8, 0x0,
    0x0, 0x0, 0x0, 0x6, 0x66, 0xef, 0xff, 0x76,
    0x66, 0x66, 0x50, 0x2, 0xff, 0xf5, 0x0, 0x0,
    0x0, 0x0, 0x0, 0x3, 0xff, 0xf9, 0x0, 0x7c,
    0x0, 0x8c, 0xc5, 0xff, 0xff, 0xff, 0xff, 0xfb,
    0x30, 0x0, 0xb, 0xff, 0xe1, 0xd, 0xff, 0x70,
    0xbf, 0xf9, 0xff, 0xff, 0xff, 0xff, 0xff, 0x30,
    0x0, 0x5f, 0xff, 0x50, 0x6, 0xff, 0xf2, 0x7f,
    0xff, 0xff, 0xff, 0xff, 0xff, 0xff, 0x10, 0x3,
    0xff, 0xff, 0x89, 0xab, 0xff, 0xfa, 0x2f, 0xff,
    0xff, 0x84, 0x44, 0xbf, 0xfe, 0x0, 0xc, 0xff,
    0xff, 0xff, 0xff, 0xff, 0xff, 0x3e, 0xff, 0xff,
    0x0, 0x0, 0xdf, 0xfb, 0x0, 0x6, 0xff, 0xff,
    0xff, 0xff, 0xff, 0xff, 0xba, 0xff, 0xfa, 0x0,
    0x2, 0xff, 0xf8, 0x0, 0x1, 0xff, 0xdb, 0xa8,
    0x75, 0x46, 0xf8, 0x16, 0xff, 0xf5, 0x0, 0x6,
    0xff, 0xf3, 0x0, 0x0, 0x20, 0x0, 0x8a, 0xa9,
    0x0, 0x10, 0xa, 0xff, 0xf1, 0x0, 0xb, 0xff,
    0xf0, 0x0, 0x0, 0x0, 0x0, 0xbf, 0xfd, 0x0,
    0x0, 0x3f, 0xff, 0xf8, 0x0, 0x1f, 0xff, 0xb0,
    0x0, 0x0, 0x0, 0x0, 0xbf, 0xfd, 0x0, 0x0,
    0x9f, 0xff, 0xff, 0x0, 0x9f, 0xff, 0x50, 0x0,
    0x4, 0xff, 0xff, 0xff, 0xff, 0xff, 0xff, 0x7f,
    0xff, 0xff, 0x71, 0xff, 0xfe, 0x0, 0x0, 0x4,
    0xff, 0xff, 0xff, 0xff, 0xff, 0xff, 0x49, 0xf9,
    0xff, 0xe9, 0xff, 0xf8, 0x0, 0x0, 0x4, 0xff,
    0xff, 0xff, 0xff, 0xff, 0xff, 0x41, 0x70, 0xef,
    0xff, 0xff, 0xf2, 0x0, 0x0, 0x1, 0x44, 0x44,
    0xdf, 0xfe, 0x44, 0x44, 0x10, 0x0, 0x7f, 0xff,
    0xff, 0x80, 0x0, 0x0, 0x0, 0x0, 0x0, 0xbf,
    0xfd, 0x0, 0x0, 0x0, 0x0, 0xe, 0xff, 0xff,
    0x10, 0x0, 0x0, 0x0, 0x0, 0x0, 0xbf, 0xfd,
    0x0, 0x1, 0x20, 0x0, 0x6f, 0xff, 0xfc, 0x0,
    0x0, 0x0, 0x0, 0x0, 0x0, 0xcf, 0xff, 0xbd,
    0xff, 0xc0, 0x6, 0xff, 0xff, 0xff, 0xb0, 0x0,
    0x0, 0x19, 0xac, 0xef, 0xff, 0xff, 0xff, 0xff,
    0xc0, 0x8f, 0xff, 0xff, 0xff, 0xfb, 0x0, 0x0,
    0x1f, 0xff, 0xff, 0xff, 0xff, 0xff, 0xff, 0xed,
    0xff, 0xff, 0xe5, 0xff, 0xff, 0xd3, 0x0, 0xf,
    0xff, 0xff, 0xff, 0xff, 0xca, 0x8b, 0xff, 0xff,
    0xfd, 0x10, 0x4f, 0xff, 0xff, 0x80, 0xd, 0xfd,
    0xb9, 0x64, 0x10, 0x0, 0x1, 0xdf, 0xff, 0xc1,
    0x0, 0x4, 0xff, 0xff, 0x50, 0x1, 0x0, 0x0,
    0x0, 0x0, 0x0, 0x0, 0x3f, 0xf8, 0x0, 0x0,
    0x0, 0x2d, 0xf6, 0x0, 0x0, 0x0, 0x0, 0x0,
    0x0, 0x0, 0x0, 0x7, 0x20, 0x0, 0x0, 0x0,
    0x0, 0x60, 0x0,

    /* U+8207 "與" */
    0x0, 0x0, 0x0, 0x1, 0x10, 0x23, 0x31, 0x0,
    0x0, 0x0, 0x0, 0x0, 0x0, 0x0, 0x0, 0x0,
    0x2, 0x9f, 0x90, 0x9f, 0xf6, 0x0, 0x0, 0x1,
    0x11, 0x11, 0x10, 0x0, 0x0, 0x16, 0xcf, 0xff,
    0xf2, 0x9f, 0xf7, 0x0, 0x0, 0x2f, 0xff, 0xff,
    0xfa, 0x0, 0x0, 0x8f, 0xff, 0xff, 0xf7, 0x9f,
    0xff, 0xff, 0xff, 0x4f, 0xff, 0xff, 0xfa, 0x0,
    0x0, 0x8f, 0xff, 0xa5, 0x10, 0x9f, 0xff, 0xff,
    0xff, 0x4f, 0xff, 0xff, 0xfa, 0x0, 0x0, 0x7f,
    0xfb, 0x0, 0x0, 0x9f, 0xfe, 0xee, 0xee, 0x20,
    0x0, 0xaf, 0xfa, 0x0, 0x0, 0x7f, 0xfb, 0x0,
    0x0, 0x9f, 0xf6, 0x0, 0x0, 0x0, 0x0, 0xaf,
    0xf9, 0x0, 0x0, 0x6f, 0xfe, 0x77, 0x71, 0x9f,
    0xf6, 0x0, 0x0, 0x5, 0x77, 0xdf, 0xf9, 0x0,
    0x0, 0x6f, 0xff, 0xff, 0xf2, 0x9f, 0xff, 0xff,
    0xfe, 0xc, 0xff, 0xff, 0xf9, 0x0, 0x0, 0x5f,
    0xff, 0xff, 0xf2, 0x9f, 0xff, 0xff, 0xfe, 0xc,
    0xff, 0xff, 0xf9, 0x0, 0x0, 0x5f, 0xfe, 0x77,
    0x71, 0x7c, 0xcc, 0xdf, 0xfe, 0x6, 0x77, 0xdf,
    0xf8, 0x0, 0x0, 0x4f, 0xfe, 0x0, 0x0, 0x15,
    0x30, 0x1f, 0xfe, 0x0, 0x0, 0xcf, 0xf8, 0x0,
    0x0, 0x3f, 0xff, 0x0, 0x0, 0x5f, 0xf6, 0x1f,
    0xfe, 0x0, 0x0, 0xdf, 0xf8, 0x0, 0x0, 0x3f,
    0xff, 0xff, 0xf4, 0x7f, 0xf3, 0x1f, 0xfe, 0xf,
    0xff, 0xff, 0xf7, 0x0, 0x0, 0x2f, 0xff, 0xff,
    0xf4, 0xcf, 0xf0, 0x1f, 0xfe, 0xf, 0xff, 0xff,
    0xf7, 0x0, 0x0, 0x2f, 0xff, 0xee, 0xe6, 0xff,
    0xb0, 0x2f, 0xfe, 0xf, 0xff, 0xff, 0xf6, 0x0,
    0x0, 0x1f, 0xff, 0x10, 0x0, 0x4e, 0x7f, 0xff,
    0xfd, 0x0, 0x0, 0xff, 0xf5, 0x0, 0x0, 0x1f,
    0xff, 0x10, 0x0, 0x1, 0xd, 0xff, 0xf6, 0x0,
    0x0, 0xff, 0xf5, 0x0, 0x45, 0x6f, 0xff, 0x75,
    0x55, 0x55, 0x59, 0xa9, 0x65, 0x55, 0x56, 0xff,
    0xf8, 0x55, 0xcf, 0xff, 0xff, 0xff, 0xff, 0xff,
    0xff, 0xff, 0xff, 0xff, 0xff, 0xff, 0xff, 0xfe,
    0xcf, 0xff, 0xff, 0xff, 0xff, 0xff, 0xff, 0xff,
    0xff, 0xff, 0xff, 0xff, 0xff, 0xfe, 0xbf, 0xff,
    0xff, 0xff, 0xff, 0xff, 0xff, 0xff, 0xff, 0xff,
    0xff, 0xff, 0xff, 0xfe, 0x0, 0x0, 0x0, 0x7,
    0xfa, 0x0, 0x0, 0x0, 0x6, 0xfe, 0x70, 0x0,
    0x0, 0x0, 0x0, 0x0, 0x4, 0xdf, 0xff, 0xd2,
    0x0, 0x0, 0x3f, 0xff, 0xfe, 0x71, 0x0, 0x0,
    0x0, 0x4, 0xbf, 0xff, 0xff, 0xb2, 0x0, 0x0,
    0x2a, 0xff, 0xff, 0xfe, 0x70, 0x0, 0x6, 0xdf,
    0xff, 0xff, 0xd5, 0x0, 0x0, 0x0, 0x0, 0x2a,
    0xff, 0xff, 0xfe, 0x50, 0x5f, 0xff, 0xff, 0xe6,
    0x0, 0x0, 0x0, 0x0, 0x0, 0x0, 0x3c, 0xff,
    0xff, 0xa0, 0x9, 0xff, 0xd5, 0x0, 0x0, 0x0,
    0x0, 0x0, 0x0, 0x0, 0x0, 0x5e, 0xfc, 0x0,
    0x0, 0xa4, 0x0, 0x0, 0x0, 0x0, 0x0, 0x0,
    0x0, 0x0, 0x0, 0x0, 0x81, 0x0,

    /* U+865F "號" */
    0x0, 0x0, 0x0, 0x0, 0x0, 0x0, 0x0, 0x0,
    0x0, 0x7, 0x77, 0x20, 0x0, 0x0, 0x0, 0x0,
    0x35, 0x55, 0x55, 0x55, 0x53, 0x0, 0x0, 0x0,
    0xe, 0xff, 0x40, 0x0, 0x0, 0x0, 0x0, 0xaf,
    0xff, 0xff, 0xff, 0xf8, 0x0, 0x0, 0x0, 0xe,
    0xff, 0xed, 0xdd, 0xdd, 0x10, 0x0, 0xaf, 0xff,
    0xff, 0xff, 0xf8, 0x0, 0x0, 0x0, 0xe, 0xff,
    0xff, 0xff, 0xff, 0x10, 0x0, 0xaf, 0xe2, 0x22,
    0x4f, 0xf8, 0x0, 0x0, 0x0, 0xe, 0xff, 0xff,
    0xff, 0xff, 0x10, 0x0, 0xaf, 0xd0, 0x0, 0x2f,
    0xf8, 0x0, 0x0, 0x0, 0xe, 0xff, 0x40, 0x0,
    0x0, 0x0, 0x0, 0xaf, 0xd0, 0x0, 0x2f, 0xf8,
    0xb, 0xcc, 0xcc, 0xcf, 0xff, 0xdc, 0xcc, 0xcc,
    0x92, 0x0, 0xaf, 0xe7, 0x77, 0x8f, 0xf8, 0xe,
    0xff, 0xff, 0xff, 0xff, 0xff, 0xff, 0xff, 0xf3,
    0x0, 0xaf, 0xff, 0xff, 0xff, 0xf8, 0xe, 0xff,
    0xff, 0xff, 0xff, 0xff, 0xff, 0xff, 0xf0, 0x0,
    0xaf, 0xff, 0xff, 0xff, 0xf8, 0xe, 0xff, 0x40,
    0xc, 0xff, 0x0, 0x1, 0xff, 0xd0, 0x0, 0x0,
    0x0, 0x0, 0x0, 0x0, 0xe, 0xff, 0x40, 0x1d,
    0xff, 0x89, 0x94, 0xff, 0xa0, 0x1, 0x11, 0x11,
    0x11, 0x11, 0x11, 0xe, 0xff, 0x7f, 0xff, 0xff,
    0xff, 0xf5, 0xff, 0x60, 0x1f, 0xff, 0xff, 0xff,
    0xff, 0xff, 0x1e, 0xff, 0x5f, 0xff, 0xff, 0xfe,
    0xc0, 0x15, 0x10, 0x1f, 0xff, 0xff, 0xff, 0xff,
    0xff, 0x1e, 0xff, 0x47, 0x6d, 0xff, 0x10, 0x0,
    0x0, 0x0, 0x1f, 0xff, 0xff, 0xff, 0xff, 0xff,
    0x1e, 0xff, 0x40, 0xb, 0xff, 0xdb, 0xbb, 0xd4,
    0x0, 0x0, 0xe, 0xff, 0x10, 0x0, 0x0, 0xe,
    0xff, 0x40, 0x6, 0xff, 0xff, 0xff, 0xf6, 0x0,
    0x0, 0x2f, 0xfe, 0x0, 0x0, 0x0, 0xf, 0xff,
    0x30, 0x0, 0x7b, 0xdd, 0xdd, 0xc5, 0x0, 0x0,
    0x5f, 0xff, 0xff, 0xff, 0xf1, 0xf, 0xff, 0x30,
    0x0, 0x0, 0x0, 0x0, 0x0, 0x0, 0x0, 0x9f,
    0xff, 0xff, 0xff, 0xf0, 0xf, 0xff, 0x11, 0x55,
    0x40, 0x55, 0x50, 0x0, 0x0, 0x0, 0xac, 0xcc,
    0xcc, 0xff, 0xf0, 0x2f, 0xff, 0x3, 0xff, 0xb0,
    0xdf, 0xf1, 0x0, 0x0, 0x0, 0x0, 0x0, 0x1,
    0xff, 0xe0, 0x3f, 0xfe, 0x4, 0xff, 0xa0, 0xdf,
    0xf1, 0x0, 0x0, 0x0, 0x0, 0x0, 0x3, 0xff,
    0xd0, 0x6f, 0xfc, 0x6, 0xff, 0x90, 0xdf, 0xf1,
    0x0, 0x0, 0x0, 0x0, 0x0, 0x4, 0xff, 0xc0,
    0x9f, 0xf9, 0x9, 0xff, 0x70, 0xdf, 0xf1, 0xb,
    0x10, 0x0, 0x0, 0x0, 0x6, 0xff, 0xa0, 0xdf,
    0xf6, 0xc, 0xff, 0x30, 0xdf, 0xf1, 0xf, 0xf4,
    0x0, 0x0, 0x0, 0x9, 0xff, 0x81, 0xff, 0xf2,
    0x3f, 0xff, 0x0, 0xdf, 0xf1, 0xf, 0xf6, 0x0,
    0x0, 0x0, 0xd, 0xff, 0x68, 0xff, 0xe0, 0xbf,
    0xfa, 0x0, 0xdf, 0xf4, 0x5f, 0xf4, 0x0, 0x5,
    0xdd, 0xef, 0xff, 0x2e, 0xff, 0x9a, 0xff, 0xf2,
    0x0, 0xdf, 0xff, 0xff, 0xf3, 0x0, 0x0, 0xff,
    0xff, 0xfb, 0x3f, 0xff, 0x4e, 0xff, 0x90, 0x0,
    0xaf, 0xff, 0xff, 0xe0, 0x0, 0x0, 0xcf, 0xfe,
    0xa1, 0x1, 0xba, 0x2, 0xf9, 0x0, 0x0, 0x1b,
    0xff, 0xfb, 0x30, 0x0, 0x0, 0x0, 0x0, 0x0,
    0x0, 0x1, 0x0, 0x30, 0x0, 0x0, 0x0, 0x0,
    0x0, 0x0,

    /* U+88C2 "裂" */
    0x0, 0x0, 0x0, 0x0, 0x0, 0x0, 0x0, 0x0,
    0x0, 0x0, 0x0, 0x2, 0x44, 0x30, 0x0, 0x7b,
    0xbb, 0xbb, 0xbb, 0xbb, 0xbb, 0xbb, 0xa0, 0x0,
    0x0, 0x0, 0xaf, 0xfc, 0x0, 0xa, 0xff, 0xff,
    0xff, 0xff, 0xff, 0xff, 0xfe, 0x6, 0xff, 0xe0,
    0xa, 0xff, 0xc0, 0x0, 0x9d, 0xdd, 0xef, 0xff,
    0xed, 0xdd, 0xdd, 0xc0, 0x6f, 0xfe, 0x0, 0xaf,
    0xfc, 0x0, 0x0, 0x0, 0x1d, 0xff, 0xc0, 0x0,
    0x0, 0x0, 0x6, 0xff, 0xe0, 0xa, 0xff, 0xc0,
    0x0, 0x0, 0x2d, 0xff, 0xfe, 0xdd, 0xdd, 0xd7,
    0x0, 0x6f, 0xfe, 0x0, 0xaf, 0xfc, 0x0, 0x0,
    0x5e, 0xff, 0xff, 0xff, 0xff, 0xff, 0xe0, 0x6,
    0xff, 0xe0, 0xa, 0xff, 0xc0, 0x3, 0xcf, 0xff,
    0xf9, 0x99, 0x9a, 0xff, 0xf8, 0x0, 0x6f, 0xfe,
    0x0, 0xaf, 0xfc, 0x0, 0x3e, 0xff, 0xff, 0xc2,
    0x0, 0xcf, 0xfe, 0x10, 0x6, 0xff, 0xe0, 0xa,
    0xff, 0xc0, 0x0, 0x2d, 0x7d, 0xff, 0xf6, 0xcf,
    0xff, 0x50, 0x0, 0x6f, 0xfe, 0x0, 0xaf, 0xfc,
    0x0, 0x0, 0x0, 0x9, 0xff, 0xff, 0xff, 0x60,
    0x0, 0x6, 0xff, 0xe0, 0xa, 0xff, 0xc0, 0x0,
    0x0, 0x0, 0x4d, 0xff, 0xff, 0x60, 0x0, 0x0,
    0x0, 0x0, 0x0, 0xaf, 0xfc, 0x0, 0x0, 0x48,
    0xdf, 0xff, 0xfe, 0x50, 0x26, 0x80, 0x0, 0x5,
    0xcc, 0xcf, 0xff, 0xb0, 0x0, 0xbf, 0xff, 0xff,
    0xf9, 0x10, 0x7f, 0xff, 0x40, 0x0, 0x1f, 0xff,
    0xff, 0xf8, 0x0, 0x2, 0xff, 0xfe, 0x92, 0x0,
    0x1, 0xff, 0xfc, 0x0, 0x0, 0xbf, 0xff, 0xfb,
    0x0, 0x0, 0x9, 0x94, 0x0, 0x0, 0x0, 0xa,
    0xff, 0xa1, 0x0, 0x4, 0x76, 0x51, 0x0, 0x0,
    0x6f, 0xff, 0xff, 0xff, 0xff, 0xff, 0xff, 0xff,
    0xff, 0xff, 0xff, 0xff, 0xff, 0xfe, 0x6, 0xff,
    0xff, 0xff, 0xff, 0xff, 0xff, 0xff, 0xff, 0xff,
    0xff, 0xff, 0xff, 0xff, 0xe0, 0x6f, 0xff, 0xff,
    0xff, 0xff, 0xff, 0xff, 0xff, 0xff, 0xff, 0xff,
    0xff, 0xff, 0xfd, 0x0, 0x0, 0x0, 0x0, 0x4b,
    0xff, 0xff, 0x4c, 0xff, 0x90, 0x0, 0x2, 0xbf,
    0x50, 0x0, 0x0, 0x0, 0x6, 0xdf, 0xff, 0xfc,
    0x20, 0x3f, 0xff, 0x60, 0x18, 0xff, 0xff, 0x90,
    0x0, 0x38, 0xcf, 0xff, 0xff, 0xf8, 0x0, 0x0,
    0xaf, 0xff, 0x8f, 0xff, 0xff, 0xa2, 0x0, 0xaf,
    0xff, 0xff, 0xff, 0xff, 0x40, 0x0, 0x1, 0xef,
    0xff, 0xff, 0xfb, 0x30, 0x0, 0x0, 0xdf, 0xff,
    0xa7, 0xff, 0xf4, 0x0, 0x0, 0x3, 0xef, 0xff,
    0xf5, 0x0, 0x0, 0x0, 0x3, 0x94, 0x0, 0x3f,
    0xff, 0x76, 0x8b, 0xdf, 0x83, 0xff, 0xff, 0xfb,
    0x40, 0x0, 0x0, 0x0, 0x0, 0xa, 0xff, 0xff,
    0xff, 0xff, 0xf7, 0x2, 0xcf, 0xff, 0xff, 0xfb,
    0x70, 0x0, 0x0, 0x1, 0xff, 0xff, 0xff, 0xff,
    0xfe, 0x60, 0x0, 0x6e, 0xff, 0xff, 0xf9, 0x0,
    0x0, 0x0, 0x9, 0xff, 0xfd, 0xa7, 0x41, 0x0,
    0x0, 0x0, 0x17, 0xcf, 0xfd, 0x0, 0x0, 0x0,
    0x0, 0x38, 0x30, 0x0, 0x0, 0x0, 0x0, 0x0,
    0x0, 0x0, 0x16, 0x30, 0x0,

    /* U+8A2D "設" */
    0x0, 0x0, 0x2a, 0x20, 0x0, 0x0, 0x0, 0x0,
    0x0, 0x0, 0x0, 0x0, 0x0, 0x0, 0x0, 0x0,
    0x8f, 0xfc, 0x0, 0x0, 0x0, 0xb, 0xbb, 0xbb,
    0xbb, 0xbb, 0xb1, 0x0, 0x0, 0x0, 0x5, 0xff,
    0xf5, 0x0, 0x0, 0x0, 0xff, 0xff, 0xff, 0xff,
    0xff, 0x20, 0x0, 0x0, 0x0, 0xc, 0xff, 0xd0,
    0x0, 0x0, 0xf, 0xff, 0xff, 0xff, 0xff, 0xf2,
    0x0, 0x0, 0x0, 0x0, 0x4f, 0xf8, 0x0, 0x0,
    0x0, 0xff, 0xfa, 0x99, 0xaf, 0xff, 0x20, 0x0,
    0xa, 0xbb, 0xbb, 0xfd, 0xbb, 0xbb, 0xb0, 0x1f,
    0xff, 0x20, 0x2, 0xff, 0xf2, 0x0, 0x0, 0xdf,
    0xff, 0xff, 0xff, 0xff, 0xfe, 0x3, 0xff, 0xf1,
    0x0, 0x2f, 0xff, 0x20, 0x0, 0xd, 0xff, 0xff,
    0xff, 0xff, 0xff, 0xe0, 0x8f, 0xfe, 0x0, 0x2,
    0xff, 0xf2, 0x0, 0x0, 0x11, 0x11, 0x11, 0x11,
    0x11, 0x11, 0x2f, 0xff, 0x90, 0x0, 0x1f, 0xff,
    0x20, 0x0, 0x0, 0x1, 0x11, 0x11, 0x11, 0x10,
    0x2d, 0xff, 0xf3, 0x0, 0x1, 0xff, 0xfc, 0xac,
    0x30, 0x8, 0xff, 0xff, 0xff, 0xff, 0xde, 0xff,
    0xf9, 0x0, 0x0, 0xd, 0xff, 0xff, 0xf5, 0x0,
    0x8f, 0xff, 0xff, 0xff, 0xfb, 0xdf, 0xfd, 0x0,
    0x0, 0x0, 0x6f, 0xff, 0xff, 0x60, 0x5, 0x99,
    0x99, 0x99, 0x99, 0x61, 0xeb, 0x10, 0x0, 0x0,
    0x0, 0x26, 0x77, 0x62, 0x0, 0x12, 0x22, 0x22,
    0x22, 0x22, 0x37, 0x65, 0x55, 0x55, 0x55, 0x55,
    0x57, 0x20, 0x0, 0x8, 0xff, 0xff, 0xff, 0xff,
    0xb9, 0xff, 0xff, 0xff, 0xff, 0xff, 0xff, 0xff,
    0x90, 0x0, 0x8f, 0xff, 0xff, 0xff, 0xfb, 0x9f,
    0xff, 0xff, 0xff, 0xff, 0xff, 0xff, 0xf7, 0x0,
    0x4, 0x88, 0x88, 0x88, 0x88, 0x68, 0xff, 0xff,
    0xff, 0xff, 0xff, 0xff, 0xff, 0x20, 0x0, 0x0,
    0x0, 0x0, 0x0, 0x0, 0x4, 0xcf, 0xd0, 0x0,
    0x0, 0x1e, 0xff, 0xb0, 0x0, 0x8, 0xff, 0xff,
    0xff, 0xff, 0xa0, 0x3f, 0xff, 0x80, 0x0, 0xa,
    0xff, 0xf4, 0x0, 0x0, 0x8f, 0xff, 0xff, 0xff,
    0xfa, 0x0, 0xaf, 0xff, 0x50, 0x5, 0xff, 0xfc,
    0x0, 0x0, 0x8, 0xff, 0xec, 0xce, 0xff, 0xa0,
    0x1, 0xef, 0xff, 0x54, 0xff, 0xff, 0x20, 0x0,
    0x0, 0x8f, 0xf8, 0x0, 0x6f, 0xfa, 0x0, 0x4,
    0xff, 0xff, 0xff, 0xff, 0x60, 0x0, 0x0, 0x8,
    0xff, 0x80, 0x6, 0xff, 0xa0, 0x0, 0x6, 0xff,
    0xff, 0xff, 0x90, 0x0, 0x0, 0x0, 0x8f, 0xf8,
    0x0, 0x6f, 0xfa, 0x0, 0x0, 0x7f, 0xff, 0xff,
    0xfa, 0x30, 0x0, 0x0, 0x8, 0xff, 0xed, 0xde,
    0xff, 0xa0, 0x38, 0xef, 0xff, 0xff, 0xff, 0xff,
    0xc7, 0x20, 0x0, 0x8f, 0xff, 0xff, 0xff, 0xfe,
    0xef, 0xff, 0xff, 0xfd, 0xdf, 0xff, 0xff, 0xff,
    0xe1, 0x8, 0xff, 0xff, 0xff, 0xff, 0xcf, 0xff,
    0xff, 0xf9, 0x0, 0x8f, 0xff, 0xff, 0xf7, 0x0,
    0x8f, 0xf8, 0x0, 0x0, 0x0, 0xbf, 0xff, 0xd4,
    0x0, 0x0, 0x3c, 0xff, 0xfe, 0x0, 0x8, 0xff,
    0x80, 0x0, 0x0, 0x4, 0xfb, 0x40, 0x0, 0x0,
    0x0, 0x3, 0xaf, 0x60, 0x0, 0x0, 0x0, 0x0,
    0x0, 0x0, 0x2, 0x0, 0x0, 0x0, 0x0, 0x0,
    0x0, 0x10, 0x0,

    /* U+8A9E "語" */
    0x0, 0x0, 0x2, 0x93, 0x0, 0x0, 0x0, 0x0,
    0x0, 0x0, 0x0, 0x0, 0x0, 0x0, 0x0, 0x0,
    0x7, 0xff, 0xc0, 0x0, 0x1, 0x99, 0x99, 0x99,
    0x99, 0x99, 0x99, 0x99, 0x91, 0x0, 0x0, 0x3f,
    0xff, 0x60, 0x0, 0x2f, 0xff, 0xff, 0xff, 0xff,
    0xff, 0xff, 0xff, 0x20, 0x0, 0x0, 0xaf, 0xfd,
    0x0, 0x2, 0xff, 0xff, 0xff, 0xff, 0xff, 0xff,
    0xff, 0xf2, 0x0, 0x0, 0x3, 0xff, 0x90, 0x0,
    0x5, 0x55, 0x5f, 0xff, 0xb5, 0x55, 0x55, 0x55,
    0x0, 0xbb, 0xbb, 0xbf, 0xdb, 0xbb, 0xb6, 0x0,
    0x0, 0xff, 0xf6, 0x0, 0x0, 0x0, 0x0, 0xf,
    0xff, 0xff, 0xff, 0xff, 0xff, 0x92, 0x66, 0x8f,
    0xff, 0x96, 0x66, 0x66, 0x20, 0x0, 0xff, 0xff,
    0xff, 0xff, 0xff, 0xf9, 0x6f, 0xff, 0xff, 0xff,
    0xff, 0xff, 0xf6, 0x0, 0x1, 0x11, 0x11, 0x11,
    0x11, 0x11, 0x16, 0xff, 0xff, 0xff, 0xff, 0xff,
    0xff, 0x60, 0x0, 0x1, 0x11, 0x11, 0x11, 0x11,
    0x0, 0x6e, 0xef, 0xff, 0xfe, 0xee, 0xff, 0xf6,
    0x0, 0x0, 0xbf, 0xff, 0xff, 0xff, 0xf8, 0x0,
    0x0, 0xcf, 0xf9, 0x0, 0xe, 0xff, 0x60, 0x0,
    0xb, 0xff, 0xff, 0xff, 0xff, 0x80, 0x0, 0xf,
    0xff, 0x60, 0x0, 0xef, 0xf6, 0x0, 0x0, 0x69,
    0x99, 0x99, 0x99, 0x94, 0x0, 0x3, 0xff, 0xf3,
    0x0, 0xe, 0xff, 0x60, 0x0, 0x0, 0x0, 0x0,
    0x0, 0x0, 0xb, 0xcc, 0xdf, 0xff, 0xcc, 0xcc,
    0xff, 0xfd, 0xcb, 0x0, 0xbf, 0xff, 0xff, 0xff,
    0xf8, 0xef, 0xff, 0xff, 0xff, 0xff, 0xff, 0xff,
    0xff, 0xf0, 0xb, 0xff, 0xff, 0xff, 0xff, 0x8e,
    0xff, 0xff, 0xff, 0xff, 0xff, 0xff, 0xff, 0xff,
    0x0, 0x7a, 0xaa, 0xaa, 0xaa, 0xa5, 0x22, 0x22,
    0x22, 0x22, 0x22, 0x22, 0x22, 0x22, 0x20, 0x0,
    0x0, 0x0, 0x0, 0x0, 0x0, 0x27, 0x77, 0x77,
    0x77, 0x77, 0x77, 0x77, 0x20, 0x0, 0xcf, 0xff,
    0xff, 0xff, 0xfa, 0x5, 0xff, 0xff, 0xff, 0xff,
    0xff, 0xff, 0xf4, 0x0, 0xc, 0xff, 0xff, 0xff,
    0xff, 0xa0, 0x5f, 0xff, 0xff, 0xff, 0xff, 0xff,
    0xff, 0x40, 0x0, 0xcf, 0xfd, 0xcc, 0xef, 0xfa,
    0x5, 0xff, 0xf8, 0x88, 0x88, 0x8a, 0xff, 0xf4,
    0x0, 0xc, 0xff, 0x30, 0x6, 0xff, 0xa0, 0x5f,
    0xff, 0x0, 0x0, 0x0, 0x2f, 0xff, 0x40, 0x0,
    0xcf, 0xf3, 0x0, 0x6f, 0xfa, 0x5, 0xff, 0xf0,
    0x0, 0x0, 0x2, 0xff, 0xf4, 0x0, 0xc, 0xff,
    0x30, 0x6, 0xff, 0xa0, 0x5f, 0xff, 0x0, 0x0,
    0x0, 0x2f, 0xff, 0x40, 0x0, 0xcf, 0xfb, 0xaa,
    0xcf, 0xfa, 0x5, 0xff, 0xf3, 0x33, 0x33, 0x36,
    0xff, 0xf4, 0x0, 0xc, 0xff, 0xff, 0xff, 0xff,
    0xa0, 0x5f, 0xff, 0xff, 0xff, 0xff, 0xff, 0xff,
    0x40, 0x0, 0xcf, 0xff, 0xff, 0xff, 0xfa, 0x5,
    0xff, 0xff, 0xff, 0xff, 0xff, 0xff, 0xf4, 0x0,
    0xc, 0xff, 0x63, 0x33, 0x33, 0x20, 0x5f, 0xff,
    0xdd, 0xdd, 0xdd, 0xdf, 0xff, 0x40, 0x0, 0xcf,
    0xf3, 0x0, 0x0, 0x0, 0x5, 0xff, 0xf0, 0x0,
    0x0, 0x2, 0xdd, 0xd4, 0x0,

    /* U+8AAA "說" */
    0x0, 0x0, 0x0, 0x41, 0x0, 0x0, 0x0, 0x0,
    0x20, 0x0, 0x0, 0x51, 0x0, 0x0, 0x0, 0x0,
    0x0, 0x9f, 0xf8, 0x0, 0x0, 0x0, 0x8, 0xfd,
    0x80, 0x1b, 0xfc, 0x0, 0x0, 0x0, 0x0, 0x0,
    0x9f, 0xfe, 0x0, 0x0, 0x0, 0x1f, 0xff, 0xc0,
    0x4f, 0xff, 0xb0, 0x0, 0x0, 0x0, 0x0, 0x3f,
    0xff, 0x50, 0x0, 0x0, 0xaf, 0xff, 0x30, 0x7,
    0xff, 0xf9, 0x0, 0x0, 0x0, 0x0, 0xd, 0xfd,
    0x50, 0x0, 0x5, 0xff, 0xfb, 0x0, 0x0, 0xaf,
    0xff, 0x70, 0x0, 0xb, 0xbb, 0xbe, 0xeb, 0xbb,
    0xb7, 0x3f, 0xff, 0xf2, 0x0, 0x0, 0xc, 0xff,
    0xf4, 0x0, 0xf, 0xff, 0xff, 0xff, 0xff, 0xfc,
    0xef, 0xff, 0x60, 0x0, 0x0, 0x2, 0xff, 0xfe,
    0x10, 0xf, 0xff, 0xff, 0xff, 0xff, 0xff, 0xff,
    0xfb, 0x0, 0x0, 0x0, 0x0, 0x5f, 0xff, 0xa0,
    0x1, 0x11, 0x11, 0x11, 0x11, 0x7f, 0xff, 0xfa,
    0x99, 0x99, 0x99, 0x99, 0x9e, 0xff, 0xf1, 0x0,
    0x11, 0x11, 0x11, 0x11, 0x19, 0xff, 0xff, 0xff,
    0xff, 0xff, 0xff, 0xff, 0xfe, 0x20, 0x0, 0xdf,
    0xff, 0xff, 0xff, 0xa0, 0xba, 0xff, 0xff, 0xff,
    0xff, 0xff, 0xfe, 0x71, 0x0, 0x0, 0xdf, 0xff,
    0xff, 0xff, 0xa0, 0x3, 0xff, 0xff, 0xee, 0xee,
    0xff, 0xfe, 0x0, 0x0, 0x0, 0x79, 0x99, 0x99,
    0x99, 0x60, 0x3, 0xff, 0xf2, 0x0, 0x0, 0x9f,
    0xfe, 0x0, 0x0, 0x0, 0x0, 0x0, 0x0, 0x0,
    0x0, 0x3, 0xff, 0xf2, 0x0, 0x0, 0x9f, 0xfe,
    0x0, 0x0, 0x0, 0xdf, 0xff, 0xff, 0xff, 0xa0,
    0x3, 0xff, 0xf2, 0x0, 0x0, 0x9f, 0xfe, 0x0,
    0x0, 0x0, 0xdf, 0xff, 0xff, 0xff, 0xa0, 0x3,
    0xff, 0xfc, 0xbb, 0xbb, 0xef, 0xfe, 0x0, 0x0,
    0x0, 0x8a, 0xaa, 0xaa, 0xaa, 0x70, 0x3, 0xff,
    0xff, 0xff, 0xff, 0xff, 0xfe, 0x0, 0x0, 0x0,
    0x0, 0x0, 0x0, 0x0, 0x0, 0x3, 0xff, 0xff,
    0xff, 0xff, 0xff, 0xfe, 0x0, 0x0, 0x0, 0xef,
    0xff, 0xff, 0xff, 0xf0, 0x0, 0x36, 0xff, 0xf5,
    0x8f, 0xff, 0x43, 0x0, 0x0, 0x0, 0xef, 0xff,
    0xff, 0xff, 0xf0, 0x0, 0x6, 0xff, 0xf0, 0x6f,
    0xff, 0x0, 0x0, 0x0, 0x0, 0xef, 0xfd, 0xcc,
    0xff, 0xf0, 0x0, 0x8, 0xff, 0xd0, 0x6f, 0xff,
    0x0, 0x0, 0x0, 0x0, 0xef, 0xf2, 0x0, 0xef,
    0xf0, 0x0, 0xc, 0xff, 0xb0, 0x6f, 0xff, 0x0,
    0x0, 0x0, 0x0, 0xef, 0xf2, 0x0, 0xef, 0xf0,
    0x0, 0x2f, 0xff, 0x70, 0x6f, 0xff, 0x0, 0xb5,
    0x0, 0x0, 0xef, 0xf2, 0x0, 0xef, 0xf0, 0x0,
    0xaf, 0xff, 0x20, 0x6f, 0xff, 0x0, 0xef, 0xf2,
    0x0, 0xef, 0xfe, 0xdd, 0xff, 0xf0, 0x6, 0xff,
    0xfd, 0x0, 0x6f, 0xff, 0x0, 0xff, 0xf1, 0x0,
    0xef, 0xff, 0xff, 0xff, 0xf1, 0x7f, 0xff, 0xf5,
    0x0, 0x6f, 0xff, 0x44, 0xff, 0xf0, 0x0, 0xef,
    0xff, 0xff, 0xff, 0xfd, 0xff, 0xff, 0xb0, 0x0,
    0x5f, 0xff, 0xff, 0xff, 0xc0, 0x0, 0xef, 0xf3,
    0x0, 0x0, 0x4, 0xff, 0xfc, 0x0, 0x0, 0x1f,
    0xff, 0xff, 0xff, 0x60, 0x0, 0xef, 0xf2, 0x0,
    0x0, 0x0, 0xaf, 0x90, 0x0, 0x0, 0x5, 0xef,
    0xff, 0xf9, 0x0, 0x0, 0x0, 0x0, 0x0, 0x0,
    0x0, 0x23, 0x0, 0x0, 0x0, 0x0, 0x1, 0x11,
    0x0, 0x0,

    /* U+8ACB "請" */
    0x0, 0x0, 0x4, 0x30, 0x0, 0x0, 0x0, 0x0,
    0x4, 0x99, 0x90, 0x0, 0x0, 0x0, 0x0, 0x0,
    0x8f, 0xfb, 0x0, 0x0, 0x0, 0x0, 0x0, 0x6f,
    0xff, 0x0, 0x0, 0x0, 0x0, 0x0, 0x4, 0xff,
    0xf2, 0x0, 0x5, 0x77, 0x77, 0x7b, 0xff, 0xf8,
    0x77, 0x77, 0x74, 0x0, 0x0, 0xe, 0xff, 0x80,
    0x0, 0xaf, 0xff, 0xff, 0xff, 0xff, 0xff, 0xff,
    0xff, 0x90, 0x0, 0x0, 0x9f, 0xe7, 0x0, 0xa,
    0xff, 0xff, 0xff, 0xff, 0xff, 0xff, 0xff, 0xf9,
    0xb, 0xcc, 0xcd, 0xfc, 0xcc, 0xc8, 0x0, 0x0,
    0x0, 0x7f, 0xff, 0x10, 0x0, 0x0, 0x0, 0xef,
    0xff, 0xff, 0xff, 0xff, 0xb0, 0x67, 0x77, 0x7b,
    0xff, 0xf7, 0x77, 0x77, 0x70, 0xe, 0xff, 0xff,
    0xff, 0xff, 0xfb, 0xe, 0xff, 0xff, 0xff, 0xff,
    0xff, 0xff, 0xff, 0x0, 0x55, 0x55, 0x55, 0x55,
    0x55, 0x40, 0xef, 0xff, 0xff, 0xff, 0xff, 0xff,
    0xff, 0xf0, 0x0, 0x77, 0x77, 0x77, 0x77, 0x60,
    0x0, 0x0, 0x0, 0x6f, 0xff, 0x0, 0x0, 0x0,
    0x0, 0x1f, 0xff, 0xff, 0xff, 0xfe, 0x1f, 0xff,
    0xff, 0xff, 0xff, 0xff, 0xff, 0xff, 0xff, 0x1,
    0xff, 0xff, 0xff, 0xff, 0xe1, 0xff, 0xff, 0xff,
    0xff, 0xff, 0xff, 0xff, 0xff, 0xf0, 0x2, 0x22,
    0x22, 0x22, 0x22, 0x19, 0x99, 0x99, 0x99, 0x99,
    0x99, 0x99, 0x99, 0x99, 0x0, 0x55, 0x55, 0x55,
    0x55, 0x50, 0x0, 0x0, 0x0, 0x0, 0x0, 0x0,
    0x0, 0x0, 0x0, 0x2f, 0xff, 0xff, 0xff, 0xfe,
    0x0, 0xbf, 0xff, 0xff, 0xff, 0xff, 0xff, 0xff,
    0x90, 0x2, 0xff, 0xff, 0xff, 0xff, 0xe0, 0xb,
    0xff, 0xff, 0xff, 0xff, 0xff, 0xff, 0xf9, 0x0,
    0x6, 0x66, 0x66, 0x66, 0x65, 0x0, 0xbf, 0xfd,
    0xaa, 0xaa, 0xaa, 0xae, 0xff, 0x90, 0x0, 0x11,
    0x11, 0x11, 0x11, 0x10, 0xb, 0xff, 0x80, 0x0,
    0x0, 0x0, 0xcf, 0xf9, 0x0, 0x2f, 0xff, 0xff,
    0xff, 0xfe, 0x0, 0xbf, 0xff, 0xff, 0xff, 0xff,
    0xff, 0xff, 0x90, 0x2, 0xff, 0xff, 0xff, 0xff,
    0xe0, 0xb, 0xff, 0xff, 0xff, 0xff, 0xff, 0xff,
    0xf9, 0x0, 0x2f, 0xff, 0xbb, 0xcf, 0xfe, 0x0,
    0xcf, 0xfa, 0x55, 0x55, 0x55, 0x5d, 0xff, 0x90,
    0x2, 0xff, 0xe0, 0x2, 0xff, 0xe0, 0xe, 0xff,
    0x93, 0x33, 0x33, 0x33, 0xdf, 0xf9, 0x0, 0x2f,
    0xfe, 0x0, 0x2f, 0xfe, 0x0, 0xff, 0xff, 0xff,
    0xff, 0xff, 0xff, 0xff, 0x90, 0x2, 0xff, 0xe0,
    0x2, 0xff, 0xe0, 0x1f, 0xff, 0xff, 0xff, 0xff,
    0xff, 0xff, 0xf9, 0x0, 0x2f, 0xff, 0xcc, 0xdf,
    0xfe, 0x6, 0xff, 0xf2, 0x22, 0x22, 0x22, 0x2c,
    0xff, 0x90, 0x2, 0xff, 0xff, 0xff, 0xff, 0xe0,
    0xdf, 0xfa, 0x0, 0x0, 0x0, 0x0, 0xcf, 0xf9,
    0x0, 0x2f, 0xff, 0xff, 0xff, 0xfe, 0x7f, 0xff,
    0x60, 0x0, 0x0, 0xbd, 0xdf, 0xff, 0x80, 0x2,
    0xff, 0xe0, 0x0, 0x0, 0x0, 0xbf, 0xe0, 0x0,
    0x0, 0x7, 0xff, 0xff, 0xf3, 0x0, 0x2f, 0xfe,
    0x0, 0x0, 0x0, 0x0, 0xc5, 0x0, 0x0, 0x0,
    0x3f, 0xfe, 0xa4, 0x0, 0x0, 0x0, 0x0, 0x0,
    0x0, 0x0, 0x0, 0x0, 0x0, 0x0, 0x0, 0x0,
    0x0, 0x0, 0x0,

    /* U+8CFD "賽" */
    0x0, 0x0, 0x0, 0x0, 0x0, 0x0, 0x0, 0x48,
    0xa0, 0x0, 0x0, 0x0, 0x0, 0x0, 0x0, 0x0,
    0x0, 0x0, 0x0, 0x0, 0x0, 0xc, 0xff, 0xf4,
    0x0, 0x0, 0x0, 0x0, 0x0, 0x0, 0x0, 0xac,
    0xcc, 0xcc, 0xcc, 0xcc, 0xce, 0xff, 0xfe, 0xcc,
    0xcc, 0xcc, 0xcc, 0xcc, 0x30, 0x0, 0xef, 0xff,
    0xff, 0xff, 0xff, 0xff, 0xff, 0xff, 0xff, 0xff,
    0xff, 0xff, 0xff, 0x40, 0x0, 0xef, 0xff, 0xff,
    0xff, 0xff, 0xff, 0xff, 0xff, 0xff, 0xff, 0xff,
    0xff, 0xff, 0x40, 0x0, 0xef, 0xf5, 0x0, 0x9,
    0xbb, 0x50, 0x0, 0x1, 0xbb, 0xb2, 0x0, 0x1f,
    0xff, 0x40, 0x0, 0xef, 0xfc, 0xaa, 0xaf, 0xff,
    0xda, 0xaa, 0xab, 0xff, 0xfc, 0xaa, 0xbf, 0xff,
    0x40, 0x0, 0x34, 0x4e, 0xff, 0xff, 0xff, 0xff,
    0xff, 0xff, 0xff, 0xff, 0xff, 0xf7, 0x44, 0x10,
    0x0, 0x0, 0x3, 0x33, 0x3e, 0xff, 0x93, 0x33,
    0x35, 0xff, 0xf6, 0x33, 0x30, 0x0, 0x0, 0x0,
    0x0, 0x6, 0xdd, 0xdf, 0xff, 0xed, 0xdd, 0xdd,
    0xff, 0xfe, 0xdd, 0xd0, 0x0, 0x0, 0x0, 0x0,
    0x7, 0xff, 0xff, 0xff, 0xff, 0xff, 0xff, 0xff,
    0xff, 0xff, 0xf0, 0x0, 0x0, 0x0, 0x33, 0x33,
    0x33, 0x3e, 0xff, 0x93, 0x33, 0x35, 0xff, 0xf5,
    0x33, 0x33, 0x33, 0x10, 0x1, 0xff, 0xff, 0xff,
    0xff, 0xff, 0xff, 0xff, 0xff, 0xff, 0xff, 0xff,
    0xff, 0xff, 0x70, 0x1, 0xff, 0xff, 0xff, 0xff,
    0xff, 0xff, 0xff, 0xff, 0xff, 0xff, 0xff, 0xff,
    0xff, 0x70, 0x0, 0x44, 0x44, 0x6e, 0xff, 0xf8,
    0x44, 0x44, 0x44, 0x49, 0xff, 0xff, 0x84, 0x44,
    0x20, 0x0, 0x0, 0x19, 0xff, 0xff, 0xfc, 0xcc,
    0xcc, 0xcc, 0xcc, 0xff, 0xff, 0xfc, 0x40, 0x0,
    0x0, 0x5a, 0xff, 0xff, 0xff, 0xff, 0xff, 0xff,
    0xff, 0xff, 0xff, 0xff, 0xff, 0xff, 0xa2, 0xc,
    0xff, 0xff, 0xff, 0xfc, 0x0, 0x0, 0x0, 0x0,
    0x0, 0x8f, 0xff, 0xff, 0xff, 0xb0, 0x1, 0xef,
    0xfd, 0xcf, 0xff, 0xff, 0xff, 0xff, 0xff, 0xff,
    0xff, 0xff, 0x4b, 0xfe, 0x0, 0x0, 0x4a, 0x30,
    0x8f, 0xfe, 0x99, 0x99, 0x99, 0x99, 0x99, 0xdf,
    0xfe, 0x0, 0x23, 0x0, 0x0, 0x0, 0x0, 0x8f,
    0xfe, 0x88, 0x88, 0x88, 0x88, 0x88, 0xcf, 0xfe,
    0x0, 0x0, 0x0, 0x0, 0x0, 0x0, 0x8f, 0xff,
    0xff, 0xff, 0xff, 0xff, 0xff, 0xff, 0xfe, 0x0,
    0x0, 0x0, 0x0, 0x0, 0x0, 0x8f, 0xfc, 0x11,
    0x11, 0x11, 0x11, 0x11, 0x9f, 0xfe, 0x0, 0x0,
    0x0, 0x0, 0x0, 0x0, 0x8f, 0xff, 0xff, 0xff,
    0xff, 0xff, 0xff, 0xff, 0xfe, 0x0, 0x0, 0x0,
    0x0, 0x0, 0x0, 0x5b, 0xdf, 0xff, 0xdb, 0xbb,
    0xbd, 0xff, 0xff, 0xba, 0x0, 0x0, 0x0, 0x0,
    0x0, 0x14, 0x9d, 0xff, 0xff, 0xf6, 0x0, 0x2e,
    0xff, 0xff, 0xfb, 0x61, 0x0, 0x0, 0x0, 0xae,
    0xff, 0xff, 0xff, 0xfc, 0x50, 0x0, 0x2, 0x7c,
    0xff, 0xff, 0xff, 0xc6, 0x0, 0x0, 0x2e, 0xff,
    0xfd, 0xa6, 0x10, 0x0, 0x0, 0x0, 0x0, 0x16,
    0xbf, 0xff, 0xa1, 0x0, 0x0, 0x3, 0x84, 0x10,
    0x0, 0x0, 0x0, 0x0, 0x0, 0x0, 0x0, 0x1,
    0x65, 0x0, 0x0,

    /* U+8FD4 "返" */
    0x0, 0x0, 0x30, 0x0, 0x0, 0x0, 0x0, 0x0,
    0x0, 0x0, 0x0, 0x0, 0x0, 0x0, 0x0, 0x0,
    0x2b, 0xf8, 0x0, 0x0, 0x0, 0x23, 0x33, 0x33,
    0x33, 0x33, 0x33, 0x33, 0x32, 0x0, 0x0, 0xbf,
    0xff, 0x70, 0x0, 0x0, 0xcf, 0xff, 0xff, 0xff,
    0xff, 0xff, 0xff, 0xfd, 0x0, 0x0, 0xd, 0xff,
    0xf5, 0x0, 0x0, 0xcf, 0xff, 0xff, 0xff, 0xff,
    0xff, 0xff, 0xfd, 0x0, 0x0, 0x2, 0xef, 0xff,
    0x30, 0x0, 0xcf, 0xff, 0xff, 0xff, 0xff, 0xff,
    0xff, 0xfd, 0x0, 0x0, 0x0, 0x4f, 0xfe, 0x30,
    0x0, 0xcf, 0xf8, 0x0, 0x0, 0x0, 0x0, 0x0,
    0x0, 0x0, 0x0, 0x0, 0x8, 0xb1, 0x0, 0x0,
    0xcf, 0xf8, 0x0, 0x0, 0x0, 0x0, 0x0, 0x0,
    0x0, 0x4, 0x66, 0x66, 0x67, 0x20, 0x0, 0xcf,
    0xf8, 0x0, 0x0, 0x0, 0x0, 0x10, 0x0, 0x0,
    0xb, 0xff, 0xff, 0xff, 0xf8, 0x0, 0xcf, 0xff,
    0xff, 0xff, 0xff, 0xff, 0xff, 0xb2, 0x0, 0xb,
    0xff, 0xff, 0xff, 0xf2, 0x0, 0xdf, 0xff, 0xff,
    0xff, 0xff, 0xff, 0xff, 0xf0, 0x0, 0x5, 0x77,
    0x8f, 0xff, 0x70, 0x0, 0xdf, 0xff, 0xff, 0xff,
    0xff, 0xff, 0xff, 0xc0, 0x0, 0x0, 0x0, 0xaf,
    0xfc, 0x0, 0x0, 0xef, 0xf6, 0x0, 0x0, 0x0,
    0x1f, 0xff, 0x70, 0x0, 0x0, 0x5, 0xff, 0xe1,
    0x0, 0x0, 0xff, 0xf5, 0x8, 0x90, 0x0, 0x8f,
    0xff, 0x30, 0x0, 0x0, 0x2f, 0xff, 0x50, 0x0,
    0x2, 0xff, 0xf3, 0x9f, 0xfc, 0x20, 0xef, 0xfd,
    0x0, 0x0, 0x2, 0xef, 0xfa, 0x1, 0x0, 0x3,
    0xff, 0xf3, 0xdf, 0xff, 0xea, 0xff, 0xf5, 0x0,
    0x0, 0x2f, 0xff, 0xff, 0xff, 0xe7, 0x6, 0xff,
    0xe0, 0x1b, 0xff, 0xff, 0xff, 0xd0, 0x0, 0x0,
    0xd, 0xff, 0xff, 0xff, 0xf8, 0xb, 0xff, 0xb0,
    0x0, 0x8f, 0xff, 0xff, 0x60, 0x0, 0x0, 0x7,
    0xec, 0xbb, 0xff, 0xf5, 0xf, 0xff, 0x80, 0x0,
    0xc, 0xff, 0xff, 0xc1, 0x0, 0x0, 0x0, 0x0,
    0x1, 0xff, 0xf2, 0x3f, 0xff, 0x30, 0x1, 0xcf,
    0xff, 0xff, 0xfd, 0x10, 0x0, 0x0, 0x0, 0x6,
    0xff, 0xd0, 0xaf, 0xfe, 0x0, 0x4e, 0xff, 0xff,
    0xef, 0xff, 0xe2, 0x0, 0x0, 0x0, 0xb, 0xff,
    0x83, 0xff, 0xf9, 0x4c, 0xff, 0xff, 0xe2, 0x2e,
    0xff, 0xfd, 0x10, 0x0, 0x0, 0x3f, 0xff, 0x3b,
    0xff, 0xf5, 0xff, 0xff, 0xfc, 0x10, 0x2, 0xef,
    0xff, 0x60, 0x0, 0x0, 0xcf, 0xff, 0x95, 0xdf,
    0x90, 0x7f, 0xff, 0x80, 0x0, 0x0, 0x2e, 0xf6,
    0x0, 0x0, 0x7, 0xff, 0xff, 0xf9, 0x17, 0x10,
    0xc, 0x91, 0x0, 0x0, 0x0, 0x3, 0x50, 0x0,
    0x0, 0x5f, 0xff, 0xef, 0xff, 0xfa, 0x53, 0x10,
    0x0, 0x0, 0x0, 0x0, 0x12, 0x34, 0x52, 0x7,
    0xff, 0xfe, 0x17, 0xff, 0xff, 0xff, 0xff, 0xfe,
    0xef, 0xff, 0xff, 0xff, 0xff, 0xf1, 0x3f, 0xff,
    0xf3, 0x0, 0x5d, 0xff, 0xff, 0xff, 0xff, 0xff,
    0xff, 0xff, 0xff, 0xff, 0xa0, 0x3, 0xff, 0x40,
    0x0, 0x0, 0x49, 0xcf, 0xff, 0xff, 0xff, 0xff,
    0xff, 0xff, 0xff, 0x50, 0x0, 0x52, 0x0, 0x0,
    0x0, 0x0, 0x0, 0x1, 0x22, 0x22, 0x22, 0x21,
    0x10, 0x0, 0x0,

    /* U+901A "通" */
    0x0, 0x0, 0x60, 0x0, 0x0, 0x0, 0x0, 0x0,
    0x0, 0x0, 0x0, 0x0, 0x0, 0x0, 0x0, 0x0,
    0x3d, 0xfb, 0x0, 0x0, 0x8, 0x99, 0x99, 0x99,
    0x99, 0x99, 0x99, 0x9a, 0x30, 0x0, 0x0, 0x8f,
    0xff, 0xa0, 0x0, 0xe, 0xff, 0xff, 0xff, 0xff,
    0xff, 0xff, 0xff, 0xf5, 0x0, 0x0, 0xb, 0xff,
    0xf8, 0x0, 0xe, 0xff, 0xff, 0xff, 0xff, 0xff,
    0xff, 0xff, 0xf4, 0x0, 0x0, 0x0, 0xdf, 0xff,
    0x50, 0x0, 0x0, 0x5, 0x82, 0x0, 0x19, 0xff,
    0xfe, 0x30, 0x0, 0x0, 0x0, 0x2f, 0xfc, 0x20,
    0x0, 0x0, 0x7f, 0xff, 0xa5, 0xdf, 0xff, 0xb1,
    0x0, 0x0, 0x0, 0x0, 0x5, 0x90, 0x0, 0x0,
    0x2, 0xbf, 0xff, 0xff, 0xff, 0xf7, 0x0, 0x0,
    0x0, 0x5, 0x77, 0x77, 0x78, 0x40, 0x0, 0x0,
    0x1, 0x8e, 0xff, 0xff, 0xe6, 0x0, 0x0, 0x0,
    0xb, 0xff, 0xff, 0xff, 0xfa, 0x4f, 0xff, 0xff,
    0xff, 0xff, 0xff, 0xff, 0xff, 0xfe, 0x0, 0xb,
    0xff, 0xff, 0xff, 0xf3, 0x4f, 0xff, 0xff, 0xff,
    0xff, 0xff, 0xff, 0xff, 0xfe, 0x0, 0x4, 0x55,
    0x6f, 0xff, 0x70, 0x4f, 0xff, 0x99, 0x9b, 0xff,
    0xf9, 0x99, 0xbf, 0xfe, 0x0, 0x0, 0x0, 0xaf,
    0xfc, 0x0, 0x4f, 0xfe, 0x0, 0x2, 0xff, 0xe0,
    0x0, 0x4f, 0xfe, 0x0, 0x0, 0x5, 0xff, 0xf2,
    0x0, 0x4f, 0xff, 0x88, 0x8a, 0xff, 0xf8, 0x88,
    0xbf, 0xfe, 0x0, 0x0, 0x2f, 0xff, 0x50, 0x0,
    0x4f, 0xff, 0xff, 0xff, 0xff, 0xff, 0xff, 0xff,
    0xfe, 0x0, 0x2, 0xdf, 0xfa, 0x0, 0x0, 0x4f,
    0xff, 0xff, 0xff, 0xff, 0xff, 0xff, 0xff, 0xfe,
    0x0, 0x1f, 0xff, 0xff, 0xff, 0xf7, 0x4f, 0xfe,
    0x0, 0x2, 0xff, 0xe0, 0x0, 0x4f, 0xfe, 0x0,
    0xc, 0xff, 0xff, 0xff, 0xf9, 0x4f, 0xff, 0x88,
    0x8a, 0xff, 0xf8, 0x88, 0xbf, 0xfe, 0x0, 0x5,
    0xc9, 0x99, 0xff, 0xf5, 0x4f, 0xff, 0xff, 0xff,
    0xff, 0xff, 0xff, 0xff, 0xfe, 0x0, 0x0, 0x0,
    0x1, 0xff, 0xf2, 0x4f, 0xff, 0xff, 0xff, 0xff,
    0xff, 0xff, 0xff, 0xfe, 0x0, 0x0, 0x0, 0x6,
    0xff, 0xd0, 0x4f, 0xfe, 0x0, 0x3, 0xff, 0xe0,
    0x0, 0x5f, 0xfe, 0x0, 0x0, 0x0, 0xc, 0xff,
    0x80, 0x4f, 0xfe, 0x0, 0x2, 0xff, 0xe0, 0x0,
    0x6f, 0xfe, 0x0, 0x0, 0x0, 0x4f, 0xff, 0x30,
    0x4f, 0xfe, 0x0, 0x2, 0xff, 0xe0, 0xcf, 0xff,
    0xfc, 0x0, 0x0, 0x0, 0xcf, 0xff, 0xa0, 0x4f,
    0xfe, 0x0, 0x2, 0xff, 0xe0, 0x7f, 0xff, 0xf5,
    0x0, 0x0, 0x8, 0xff, 0xff, 0xfa, 0x48, 0x88,
    0x0, 0x1, 0x77, 0x60, 0x29, 0x87, 0x20, 0x0,
    0x0, 0x5f, 0xff, 0xef, 0xff, 0xfa, 0x63, 0x10,
    0x0, 0x0, 0x0, 0x0, 0x12, 0x24, 0x53, 0x7,
    0xff, 0xfe, 0x16, 0xff, 0xff, 0xff, 0xff, 0xfe,
    0xee, 0xff, 0xff, 0xff, 0xff, 0xf3, 0x3f, 0xff,
    0xf4, 0x0, 0x4d, 0xff, 0xff, 0xff, 0xff, 0xff,
    0xff, 0xff, 0xff, 0xff, 0xd0, 0x3, 0xff, 0x40,
    0x0, 0x0, 0x49, 0xce, 0xff, 0xff, 0xff, 0xff,
    0xff, 0xff, 0xff, 0x80, 0x0, 0x42, 0x0, 0x0,
    0x0, 0x0, 0x0, 0x1, 0x12, 0x22, 0x22, 0x21,
    0x10, 0x0, 0x0,

    /* U+901F "速" */
    0x0, 0x0, 0x30, 0x0, 0x0, 0x0, 0x0, 0x0,
    0x3, 0x55, 0x40, 0x0, 0x0, 0x0, 0x0, 0x0,
    0x1a, 0xf7, 0x0, 0x0, 0x0, 0x0, 0x0, 0xa,
    0xff, 0xd0, 0x0, 0x0, 0x0, 0x0, 0x0, 0xbf,
    0xff, 0x50, 0x0, 0x0, 0x0, 0x0, 0xa, 0xff,
    0xd0, 0x0, 0x0, 0x0, 0x0, 0x0, 0x1e, 0xff,
    0xf3, 0x0, 0xcc, 0xcc, 0xcc, 0xce, 0xff, 0xfc,
    0xcc, 0xcc, 0xcc, 0x50, 0x0, 0x3, 0xff, 0xfd,
    0x0, 0xff, 0xff, 0xff, 0xff, 0xff, 0xff, 0xff,
    0xff, 0xff, 0x60, 0x0, 0x0, 0x7f, 0xfc, 0x10,
    0xff, 0xff, 0xff, 0xff, 0xff, 0xff, 0xff, 0xff,
    0xff, 0x60, 0x0, 0x0, 0xb, 0x70, 0x0, 0x33,
    0x33, 0x33, 0x3b, 0xff, 0xe3, 0x33, 0x33, 0x33,
    0x10, 0x4, 0x55, 0x56, 0x57, 0x30, 0x1, 0x11,
    0x11, 0x1a, 0xff, 0xd1, 0x11, 0x11, 0x11, 0x0,
    0xb, 0xff, 0xff, 0xff, 0xf8, 0xf, 0xff, 0xff,
    0xff, 0xff, 0xff, 0xff, 0xff, 0xf8, 0x0, 0xb,
    0xff, 0xff, 0xff, 0xf2, 0xf, 0xff, 0xff, 0xff,
    0xff, 0xff, 0xff, 0xff, 0xf8, 0x0, 0x5, 0x77,
    0x8f, 0xff, 0x60, 0xf, 0xff, 0xb9, 0x9d, 0xff,
    0xf9, 0x99, 0xff, 0xf8, 0x0, 0x0, 0x0, 0xaf,
    0xfb, 0x0, 0xf, 0xff, 0x30, 0xa, 0xff, 0xd0,
    0x0, 0xff, 0xf8, 0x0, 0x0, 0x5, 0xff, 0xe1,
    0x0, 0xf, 0xff, 0x30, 0xa, 0xff, 0xd0, 0x0,
    0xff, 0xf8, 0x0, 0x0, 0x2f, 0xff, 0x40, 0x0,
    0xf, 0xff, 0xdc, 0xce, 0xff, 0xfc, 0xcc, 0xff,
    0xf8, 0x0, 0x3, 0xef, 0xf9, 0x11, 0x0, 0xf,
    0xff, 0xff, 0xff, 0xff, 0xff, 0xff, 0xff, 0xf8,
    0x0, 0x2f, 0xff, 0xff, 0xff, 0xd2, 0xe, 0xee,
    0xef, 0xff, 0xff, 0xff, 0xfe, 0xee, 0xe7, 0x0,
    0xc, 0xff, 0xff, 0xff, 0xf1, 0x0, 0x0, 0xb,
    0xff, 0xff, 0xff, 0xd4, 0x0, 0x0, 0x0, 0x6,
    0xeb, 0xbc, 0xff, 0xe0, 0x0, 0x0, 0xbf, 0xff,
    0xff, 0xff, 0xff, 0xa1, 0x0, 0x0, 0x0, 0x0,
    0x6, 0xff, 0xb0, 0x0, 0x2d, 0xff, 0xfe, 0xff,
    0xff, 0xff, 0xfe, 0x50, 0x0, 0x0, 0x0, 0xb,
    0xff, 0x70, 0x7, 0xff, 0xff, 0x6a, 0xff, 0xd4,
    0xef, 0xff, 0xf9, 0x0, 0x0, 0x0, 0x1f, 0xff,
    0x36, 0xef, 0xff, 0xf6, 0xa, 0xff, 0xd0, 0x1a,
    0xff, 0xff, 0x90, 0x0, 0x0, 0x7f, 0xff, 0x4,
    0xff, 0xff, 0x50, 0xa, 0xff, 0xd0, 0x0, 0x5f,
    0xfe, 0x10, 0x0, 0x0, 0xef, 0xff, 0x90, 0x5f,
    0xb1, 0x0, 0xa, 0xff, 0xd0, 0x0, 0x3, 0xd2,
    0x0, 0x0, 0x9, 0xff, 0xff, 0xf9, 0x13, 0x0,
    0x0, 0x9, 0xff, 0xc0, 0x0, 0x0, 0x0, 0x0,
    0x0, 0x5f, 0xff, 0xdf, 0xff, 0xf9, 0x53, 0x0,
    0x0, 0x0, 0x0, 0x0, 0x11, 0x23, 0x42, 0x6,
    0xff, 0xfd, 0x7, 0xff, 0xff, 0xff, 0xff, 0xfe,
    0xef, 0xff, 0xff, 0xff, 0xff, 0xf1, 0x1f, 0xff,
    0xf3, 0x0, 0x5d, 0xff, 0xff, 0xff, 0xff, 0xff,
    0xff, 0xff, 0xff, 0xff, 0xb0, 0x3, 0xff, 0x50,
    0x0, 0x0, 0x49, 0xce, 0xff, 0xff, 0xff, 0xff,
    0xff, 0xff, 0xff, 0x60, 0x0, 0x44, 0x0, 0x0,
    0x0, 0x0, 0x0, 0x1, 0x22, 0x22, 0x22, 0x11,
    0x0, 0x0, 0x0,

    /* U+91CD "重" */
    0x0, 0x0, 0x0, 0x0, 0x0, 0x0, 0x0, 0x0,
    0x0, 0x0, 0x0, 0x21, 0x0, 0x0, 0x0, 0x0,
    0x0, 0x0, 0x0, 0x12, 0x23, 0x46, 0x78, 0xab,
    0xdf, 0xfb, 0x0, 0x0, 0x0, 0xb, 0xde, 0xef,
    0xff, 0xff, 0xff, 0xff, 0xff, 0xff, 0xff, 0xff,
    0x50, 0x0, 0x0, 0x9, 0xff, 0xff, 0xff, 0xff,
    0xff, 0xff, 0xff, 0xff, 0xff, 0xdb, 0x70, 0x0,
    0x0, 0x5, 0xff, 0xee, 0xdd, 0xcc, 0xef, 0xff,
    0x76, 0x43, 0x10, 0x0, 0x0, 0x0, 0x0, 0x0,
    0x0, 0x0, 0x0, 0x0, 0xbf, 0xfe, 0x0, 0x0,
    0x0, 0x0, 0x0, 0x0, 0x3f, 0xff, 0xff, 0xff,
    0xff, 0xff, 0xff, 0xff, 0xff, 0xff, 0xff, 0xff,
    0xff, 0xfb, 0x3f, 0xff, 0xff, 0xff, 0xff, 0xff,
    0xff, 0xff, 0xff, 0xff, 0xff, 0xff, 0xff, 0xfb,
    0x2c, 0xcc, 0xcc, 0xcc, 0xcc, 0xcc, 0xff, 0xff,
    0xcc, 0xcc, 0xcc, 0xcc, 0xcc, 0xc8, 0x0, 0x0,
    0x33, 0x33, 0x33, 0x33, 0xcf, 0xfe, 0x33, 0x33,
    0x33, 0x33, 0x20, 0x0, 0x0, 0x3, 0xff, 0xff,
    0xff, 0xff, 0xff, 0xff, 0xff, 0xff, 0xff, 0xff,
    0xd0, 0x0, 0x0, 0x3, 0xff, 0xff, 0xff, 0xff,
    0xff, 0xff, 0xff, 0xff, 0xff, 0xff, 0xd0, 0x0,
    0x0, 0x3, 0xff, 0xf6, 0x22, 0x22, 0xcf, 0xfe,
    0x22, 0x22, 0x2d, 0xff, 0xd0, 0x0, 0x0, 0x3,
    0xff, 0xf8, 0x44, 0x44, 0xdf, 0xfe, 0x44, 0x44,
    0x4e, 0xff, 0xd0, 0x0, 0x0, 0x3, 0xff, 0xff,
    0xff, 0xff, 0xff, 0xff, 0xff, 0xff, 0xff, 0xff,
    0xd0, 0x0, 0x0, 0x3, 0xff, 0xfe, 0xdd, 0xdd,
    0xff, 0xff, 0xdd, 0xdd, 0xdf, 0xff, 0xd0, 0x0,
    0x0, 0x3, 0xff, 0xf4, 0x0, 0x0, 0xbf, 0xfe,
    0x0, 0x0, 0xd, 0xff, 0xd0, 0x0, 0x0, 0x3,
    0xff, 0xff, 0xff, 0xff, 0xff, 0xff, 0xff, 0xff,
    0xff, 0xff, 0xd0, 0x0, 0x0, 0x3, 0xff, 0xff,
    0xff, 0xff, 0xff, 0xff, 0xff, 0xff, 0xff, 0xff,
    0xd0, 0x0, 0x0, 0x1, 0x55, 0x55, 0x55, 0x55,
    0xdf, 0xfe, 0x55, 0x55, 0x55, 0x55, 0x40, 0x0,
    0x0, 0x1, 0x11, 0x11, 0x11, 0x11, 0xcf, 0xfe,
    0x11, 0x11, 0x11, 0x11, 0x11, 0x0, 0x0, 0x2f,
    0xff, 0xff, 0xff, 0xff, 0xff, 0xff, 0xff, 0xff,
    0xff, 0xff, 0xff, 0x0, 0x0, 0x2f, 0xff, 0xff,
    0xff, 0xff, 0xff, 0xff, 0xff, 0xff, 0xff, 0xff,
    0xff, 0x0, 0x0, 0x1a, 0xaa, 0xaa, 0xaa, 0xaa,
    0xef, 0xff, 0xaa, 0xaa, 0xaa, 0xaa, 0xa9, 0x0,
    0x0, 0x0, 0x0, 0x0, 0x0, 0x0, 0xbf, 0xfe,
    0x0, 0x0, 0x0, 0x0, 0x0, 0x0, 0x6f, 0xff,
    0xff, 0xff, 0xff, 0xff, 0xff, 0xff, 0xff, 0xff,
    0xff, 0xff, 0xff, 0xfe, 0x6f, 0xff, 0xff, 0xff,
    0xff, 0xff, 0xff, 0xff, 0xff, 0xff, 0xff, 0xff,
    0xff, 0xfe, 0x5d, 0xdd, 0xdd, 0xdd, 0xdd, 0xdd,
    0xdd, 0xdd, 0xdd, 0xdd, 0xdd, 0xdd, 0xdd, 0xdc,

    /* U+92B7 "銷" */
    0x0, 0x0, 0x0, 0x82, 0x0, 0x0, 0x0, 0x0,
    0x0, 0x7, 0x77, 0x20, 0x0, 0x0, 0x0, 0x0,
    0x0, 0x8f, 0xfd, 0x10, 0x0, 0x5, 0x30, 0x0,
    0xff, 0xf5, 0x0, 0x67, 0x20, 0x0, 0x0, 0x1f,
    0xff, 0xe1, 0x0, 0x4d, 0xfd, 0x0, 0xf, 0xff,
    0x50, 0xe, 0xff, 0xa0, 0x0, 0xb, 0xff, 0xff,
    0xd2, 0x5, 0xff, 0xf7, 0x0, 0xff, 0xf5, 0x4,
    0xff, 0xf7, 0x0, 0x7, 0xff, 0xff, 0xff, 0xe3,
    0xc, 0xff, 0xf1, 0xf, 0xff, 0x50, 0xbf, 0xfe,
    0x0, 0x5, 0xff, 0xfe, 0x8f, 0xff, 0xf4, 0x3f,
    0xff, 0x90, 0xff, 0xf5, 0x3f, 0xff, 0x80, 0x4,
    0xff, 0xff, 0x40, 0x6f, 0xff, 0xf0, 0xdf, 0xfe,
    0x1f, 0xff, 0x5a, 0xff, 0xe0, 0x3, 0xff, 0xff,
    0x90, 0x0, 0x5f, 0xf8, 0x7, 0xf8, 0x10, 0xff,
    0xf5, 0x17, 0xd6, 0x0, 0xe, 0xff, 0xff, 0xff,
    0xff, 0xed, 0x1, 0x22, 0x11, 0x2f, 0xff, 0x61,
    0x11, 0x11, 0x0, 0x8f, 0xff, 0xff, 0xff, 0xfa,
    0x0, 0xef, 0xff, 0xff, 0xff, 0xff, 0xff, 0xff,
    0xf0, 0x2, 0xde, 0xff, 0xff, 0xff, 0xa0, 0xe,
    0xff, 0xff, 0xff, 0xff, 0xff, 0xff, 0xff, 0x0,
    0x0, 0x0, 0x8f, 0xfa, 0x0, 0x0, 0xef, 0xff,
    0xff, 0xff, 0xff, 0xff, 0xff, 0xf0, 0x0, 0x0,
    0x7, 0xff, 0xa0, 0x0, 0xe, 0xff, 0x70, 0x0,
    0x0, 0x0, 0x6f, 0xff, 0x0, 0xaf, 0xff, 0xff,
    0xff, 0xff, 0xe0, 0xef, 0xf6, 0x3c, 0x83, 0x0,
    0x6, 0xff, 0xf0, 0xa, 0xff, 0xff, 0xff, 0xff,
    0xfe, 0xe, 0xff, 0x7d, 0xff, 0xfe, 0x82, 0x6f,
    0xff, 0x0, 0xaf, 0xff, 0xff, 0xff, 0xff, 0xe0,
    0xef, 0xf8, 0x9e, 0xff, 0xff, 0xf7, 0xff, 0xf0,
    0x1, 0x11, 0x18, 0xff, 0xa1, 0x11, 0xe, 0xff,
    0x60, 0x4, 0xaf, 0xf8, 0x6f, 0xff, 0x0, 0x15,
    0x80, 0x7f, 0xfa, 0x1d, 0x93, 0xef, 0xf6, 0x0,
    0x0, 0x29, 0x6, 0xff, 0xf0, 0x6, 0xff, 0x17,
    0xff, 0xa3, 0xff, 0x6e, 0xff, 0x60, 0x0, 0x3,
    0x7b, 0xff, 0xff, 0x0, 0x3f, 0xf5, 0x7f, 0xfa,
    0x6f, 0xf2, 0xff, 0xf7, 0x58, 0xcf, 0xff, 0xff,
    0xff, 0xf0, 0x0, 0xff, 0x87, 0xff, 0xaa, 0xfd,
    0xf, 0xff, 0xff, 0xff, 0xff, 0xff, 0xff, 0xff,
    0x0, 0xd, 0xfb, 0x7f, 0xfa, 0xdf, 0x80, 0xff,
    0xfb, 0xff, 0xff, 0xfb, 0x78, 0xff, 0xf0, 0x0,
    0xaf, 0xd7, 0xff, 0xa9, 0xe3, 0xf, 0xff, 0x4f,
    0xc8, 0x40, 0x0, 0x6f, 0xff, 0x0, 0x3, 0x30,
    0x7f, 0xfc, 0x8b, 0xe5, 0xff, 0xf1, 0x0, 0x0,
    0x0, 0x6, 0xff, 0xf0, 0x2, 0x57, 0xae, 0xff,
    0xff, 0xff, 0x8f, 0xff, 0x0, 0x0, 0x0, 0x0,
    0x6f, 0xff, 0x0, 0xff, 0xff, 0xff, 0xff, 0xff,
    0xfc, 0xff, 0xd0, 0x0, 0x1, 0x44, 0x4a, 0xff,
    0xe0, 0xb, 0xff, 0xff, 0xfe, 0xb7, 0x30, 0xcf,
    0xf9, 0x0, 0x0, 0xf, 0xff, 0xff, 0xfc, 0x0,
    0x8f, 0xd9, 0x62, 0x0, 0x0, 0xc, 0xff, 0x40,
    0x0, 0x0, 0xaf, 0xff, 0xff, 0x70, 0x1, 0x10,
    0x0, 0x0, 0x0, 0x0, 0x7, 0xd0, 0x0, 0x0,
    0x6, 0xff, 0xea, 0x60, 0x0, 0x0, 0x0, 0x0,
    0x0, 0x0, 0x0, 0x1, 0x0, 0x0, 0x0, 0x0,
    0x0, 0x0, 0x0,

    /* U+9304 "錄" */
    0x0, 0x0, 0x0, 0x72, 0x0, 0x0, 0x0, 0x1,
    0x75, 0x30, 0x0, 0x0, 0x0, 0x0, 0x0, 0x0,
    0x0, 0x6, 0xff, 0x90, 0x0, 0x0, 0x4, 0xff,
    0xf1, 0x0, 0x0, 0x0, 0x0, 0x0, 0x0, 0x0,
    0xe, 0xff, 0xc0, 0x0, 0x0, 0x8, 0xff, 0xd0,
    0x0, 0x0, 0x10, 0x0, 0x0, 0x0, 0x0, 0xaf,
    0xff, 0xfc, 0x10, 0x0, 0xc, 0xff, 0xff, 0xff,
    0xff, 0xff, 0x80, 0x0, 0x0, 0x6, 0xff, 0xff,
    0xff, 0xd1, 0x0, 0xf, 0xff, 0xff, 0xff, 0xff,
    0xff, 0x70, 0x0, 0x0, 0x5f, 0xff, 0x74, 0xff,
    0xfd, 0x10, 0x3f, 0xff, 0xcb, 0xbb, 0xcf, 0xff,
    0x40, 0x0, 0x5, 0xff, 0xfb, 0x0, 0x5f, 0xff,
    0xd1, 0x8f, 0xfe, 0x0, 0x0, 0x3f, 0xff, 0x10,
    0x0, 0x3f, 0xff, 0xe1, 0x0, 0x5, 0xff, 0xe2,
    0xcf, 0xfe, 0x99, 0x99, 0xbf, 0xfe, 0x0, 0x0,
    0xf, 0xff, 0xff, 0xff, 0xff, 0xaf, 0x31, 0xff,
    0xff, 0xff, 0xff, 0xff, 0xfa, 0x0, 0x0, 0xa,
    0xff, 0xff, 0xff, 0xff, 0x41, 0x5, 0xff, 0xff,
    0xff, 0xff, 0xff, 0xf7, 0x0, 0x0, 0x5, 0x3e,
    0xff, 0xff, 0xff, 0x40, 0x0, 0x11, 0x11, 0x11,
    0x12, 0xff, 0xf4, 0x0, 0x0, 0x0, 0x0, 0xa,
    0xff, 0x40, 0x0, 0x79, 0x99, 0x99, 0x99, 0x9a,
    0xff, 0xfa, 0x99, 0x90, 0x0, 0x0, 0xa, 0xff,
    0x30, 0x0, 0xbf, 0xff, 0xff, 0xff, 0xff, 0xff,
    0xff, 0xff, 0xf0, 0x8, 0xee, 0xef, 0xff, 0xfe,
    0xec, 0xbf, 0xff, 0xff, 0xff, 0xff, 0xff, 0xff,
    0xff, 0xf0, 0x9, 0xff, 0xff, 0xff, 0xff, 0xfd,
    0x46, 0x76, 0x66, 0x8f, 0xff, 0x76, 0x66, 0x76,
    0x60, 0x9, 0xff, 0xff, 0xff, 0xff, 0xfd, 0x4,
    0xe8, 0x0, 0x3f, 0xff, 0x0, 0x2, 0xe5, 0x0,
    0x1, 0x12, 0x1b, 0xff, 0x52, 0x21, 0x4f, 0xff,
    0x60, 0x3f, 0xff, 0x0, 0x1d, 0xff, 0x70, 0x5,
    0xbb, 0xa, 0xff, 0x32, 0xfc, 0x2b, 0xff, 0xf3,
    0x3f, 0xff, 0x0, 0xcf, 0xff, 0x30, 0x7, 0xff,
    0xa, 0xff, 0x35, 0xff, 0x1, 0xef, 0xfa, 0x3f,
    0xff, 0xa, 0xff, 0xf3, 0x0, 0x4, 0xff, 0x3a,
    0xff, 0x38, 0xfb, 0x0, 0x4f, 0xa0, 0x3f, 0xff,
    0x3, 0xff, 0x30, 0x0, 0x1, 0xff, 0x6a, 0xff,
    0x3b, 0xf7, 0x0, 0x4, 0x32, 0x3f, 0xff, 0x0,
    0x93, 0x0, 0x0, 0x0, 0xef, 0x9a, 0xff, 0x4e,
    0xf2, 0x0, 0x7, 0xf9, 0x3f, 0xff, 0x1b, 0xfa,
    0x0, 0x0, 0x0, 0xcc, 0x6a, 0xff, 0x45, 0x80,
    0x2, 0xcf, 0xfe, 0x4f, 0xff, 0x8f, 0xff, 0xd2,
    0x0, 0x0, 0x0, 0xa, 0xff, 0x76, 0x99, 0x7f,
    0xff, 0xfa, 0x4f, 0xff, 0x19, 0xff, 0xff, 0x50,
    0x2, 0x57, 0xae, 0xff, 0xff, 0xff, 0xff, 0xff,
    0x70, 0x3f, 0xff, 0x0, 0x6f, 0xff, 0xf3, 0xf,
    0xff, 0xff, 0xff, 0xff, 0xff, 0x9f, 0xe3, 0x0,
    0x4f, 0xff, 0x0, 0x4, 0xef, 0x90, 0xb, 0xff,
    0xff, 0xff, 0xeb, 0x74, 0x1a, 0x10, 0xdf, 0xff,
    0xfe, 0x0, 0x0, 0x2a, 0x0, 0x8, 0xfd, 0xa7,
    0x41, 0x0, 0x0, 0x0, 0x0, 0x7f, 0xff, 0xfa,
    0x0, 0x0, 0x0, 0x0, 0x1, 0x0, 0x0, 0x0,
    0x0, 0x0, 0x0, 0x0, 0x3f, 0xfd, 0x90, 0x0,
    0x0, 0x0, 0x0, 0x0, 0x0, 0x0, 0x0, 0x0,
    0x0, 0x0, 0x0, 0x0, 0x0, 0x0, 0x0, 0x0,
    0x0, 0x0,

    /* U+958B "開" */
    0x47, 0x77, 0x77, 0x77, 0x77, 0x77, 0x10, 0x77,
    0x77, 0x77, 0x77, 0x77, 0x77, 0x9f, 0xff, 0xff,
    0xff, 0xff, 0xff, 0x20, 0xef, 0xff, 0xff, 0xff,
    0xff, 0xfe, 0x9f, 0xff, 0xff, 0xff, 0xff, 0xff,
    0x20, 0xef, 0xff, 0xff, 0xff, 0xff, 0xfe, 0x9f,
    0xfe, 0x0, 0x0, 0x4f, 0xff, 0x20, 0xef, 0xf8,
    0x0, 0x0, 0xaf, 0xfe, 0x9f, 0xff, 0x33, 0x33,
    0x6f, 0xff, 0x20, 0xef, 0xf9, 0x33, 0x33, 0xbf,
    0xfe, 0x9f, 0xff, 0xff, 0xff, 0xff, 0xff, 0x20,
    0xef, 0xff, 0xff, 0xff, 0xff, 0xfe, 0x9f, 0xff,
    0xff, 0xff, 0xff, 0xff, 0x20, 0xef, 0xff, 0xff,
    0xff, 0xff, 0xfe, 0x9f, 0xfe, 0x11, 0x11, 0x4f,
    0xff, 0x20, 0xef, 0xf8, 0x11, 0x11, 0xaf, 0xfe,
    0x9f, 0xfe, 0x0, 0x0, 0x4f, 0xff, 0x20, 0xef,
    0xf7, 0x0, 0x0, 0x9f, 0xfe, 0x9f, 0xff, 0xff,
    0xff, 0xff, 0xff, 0x20, 0xef, 0xff, 0xff, 0xff,
    0xff, 0xfe, 0x9f, 0xff, 0xff, 0xff, 0xff, 0xff,
    0x20, 0xef, 0xff, 0xff, 0xff, 0xff, 0xfe, 0x9f,
    0xff, 0x88, 0x88, 0x88, 0x88, 0x10, 0x99, 0x99,
    0x99, 0x99, 0xdf, 0xfe, 0x9f, 0xfe, 0x0, 0x0,
    0x0, 0x0, 0x0, 0x0, 0x0, 0x0, 0x0, 0x9f,
    0xfe, 0x9f, 0xfe, 0x1, 0xff, 0xff, 0xff, 0xff,
    0xff, 0xff, 0xff, 0x60, 0x9f, 0xfe, 0x9f, 0xfe,
    0x1, 0xff, 0xff, 0xff, 0xff, 0xff, 0xff, 0xff,
    0x60, 0x9f, 0xfe, 0x9f, 0xfe, 0x1, 0xcc, 0xef,
    0xfe, 0xcc, 0xef, 0xfe, 0xcc, 0x50, 0x9f, 0xfe,
    0x9f, 0xfe, 0x0, 0x0, 0x6f, 0xfa, 0x0, 0x9f,
    0xf9, 0x0, 0x0, 0x9f, 0xfe, 0x9f, 0xfe, 0x0,
    0x0, 0x7f, 0xfa, 0x0, 0x9f, 0xf9, 0x0, 0x0,
    0x9f, 0xfe, 0x9f, 0xfe, 0x9, 0xff, 0xff, 0xff,
    0xff, 0xff, 0xff, 0xff, 0xe0, 0x9f, 0xfe, 0x9f,
    0xfe, 0x9, 0xff, 0xff, 0xff, 0xff, 0xff, 0xff,
    0xff, 0xe0, 0x9f, 0xfe, 0x9f, 0xfe, 0x8, 0xee,
    0xff, 0xff, 0xee, 0xff, 0xff, 0xee, 0xd0, 0x9f,
    0xfe, 0x9f, 0xfe, 0x0, 0x0, 0xbf, 0xf7, 0x0,
    0x9f, 0xf9, 0x0, 0x0, 0x9f, 0xfe, 0x9f, 0xfe,
    0x0, 0x1, 0xff, 0xf3, 0x0, 0x9f, 0xf9, 0x0,
    0x0, 0x9f, 0xfe, 0x9f, 0xfe, 0x0, 0x7, 0xff,
    0xe0, 0x0, 0x9f, 0xf9, 0x0, 0x0, 0xaf, 0xfe,
    0x9f, 0xfe, 0x0, 0x3f, 0xff, 0x80, 0x0, 0x9f,
    0xf9, 0x38, 0x78, 0xef, 0xfe, 0x9f, 0xfe, 0x3,
    0xff, 0xfe, 0x0, 0x0, 0x9f, 0xf9, 0x2f, 0xff,
    0xff, 0xfc, 0x9f, 0xfe, 0x1, 0xcf, 0xf4, 0x0,
    0x0, 0x9f, 0xf9, 0xc, 0xff, 0xff, 0xf5, 0x9f,
    0xfe, 0x0, 0xc, 0x50, 0x0, 0x0, 0x13, 0x31,
    0x8, 0xff, 0xe9, 0x40, 0x11, 0x11, 0x0, 0x0,
    0x0, 0x0, 0x0, 0x0, 0x0, 0x0, 0x0, 0x0,
    0x0,

    /* U+9650 "限" */
    0x33, 0x33, 0x33, 0x34, 0x10, 0x3, 0x33, 0x33,
    0x33, 0x33, 0x33, 0x33, 0x20, 0xe, 0xff, 0xff,
    0xff, 0xfe, 0x60, 0xff, 0xff, 0xff, 0xff, 0xff,
    0xff, 0xf9, 0x0, 0xef, 0xff, 0xff, 0xff, 0xff,
    0xf, 0xff, 0xff, 0xff, 0xff, 0xff, 0xff, 0x90,
    0xe, 0xff, 0xff, 0xff, 0xff, 0xa0, 0xff, 0xfe,
    0xdd, 0xdd, 0xdd, 0xff, 0xf9, 0x0, 0xef, 0xf3,
    0x0, 0xff, 0xf5, 0xf, 0xff, 0x70, 0x0, 0x0,
    0xe, 0xff, 0x90, 0xe, 0xff, 0x30, 0x3f, 0xff,
    0x0, 0xff, 0xf7, 0x0, 0x0, 0x0, 0xef, 0xf9,
    0x0, 0xef, 0xf3, 0x7, 0xff, 0xb0, 0xf, 0xff,
    0xed, 0xdd, 0xdd, 0xdf, 0xff, 0x90, 0xe, 0xff,
    0x30, 0xcf, 0xf5, 0x0, 0xff, 0xff, 0xff, 0xff,
    0xff, 0xff, 0xf9, 0x0, 0xef, 0xf3, 0xf, 0xff,
    0x0, 0xf, 0xff, 0xff, 0xff, 0xff, 0xff, 0xff,
    0x90, 0xe, 0xff, 0x35, 0xff, 0xb0, 0x0, 0xff,
    0xf8, 0x0, 0x0, 0x0, 0xef, 0xf9, 0x0, 0xef,
    0xf3, 0x5f, 0xfe, 0x10, 0xf, 0xff, 0x70, 0x0,
    0x0, 0xe, 0xff, 0x90, 0xe, 0xff, 0x30, 0xaf,
    0xf9, 0x0, 0xff, 0xfa, 0x55, 0x55, 0x55, 0xff,
    0xf9, 0x0, 0xef, 0xf3, 0x2, 0xff, 0xf1, 0xf,
    0xff, 0xff, 0xff, 0xff, 0xff, 0xff, 0x90, 0xe,
    0xff, 0x30, 0xc, 0xff, 0x60, 0xff, 0xff, 0xff,
    0xff, 0xff, 0xff, 0xf9, 0x0, 0xef, 0xf3, 0x0,
    0x8f, 0xf9, 0xf, 0xff, 0xec, 0xef, 0xfe, 0xcc,
    0xcc, 0x70, 0xe, 0xff, 0x30, 0x6, 0xff, 0xb0,
    0xff, 0xf7, 0x8, 0xff, 0xa0, 0x0, 0x86, 0x0,
    0xef, 0xf3, 0x0, 0x7f, 0xfb, 0xf, 0xff, 0x70,
    0x3f, 0xff, 0x10, 0x9f, 0xf6, 0xe, 0xff, 0x33,
    0x4e, 0xff, 0x90, 0xff, 0xf7, 0x0, 0xef, 0xf8,
    0xcf, 0xff, 0xf1, 0xef, 0xf3, 0xdf, 0xff, 0xf6,
    0xf, 0xff, 0x70, 0x9, 0xff, 0xff, 0xff, 0xd2,
    0xe, 0xff, 0x38, 0xff, 0xfc, 0x0, 0xff, 0xf7,
    0x0, 0x3f, 0xff, 0xff, 0x80, 0x0, 0xef, 0xf3,
    0x5c, 0xc7, 0x10, 0xf, 0xff, 0x70, 0x0, 0xcf,
    0xff, 0x60, 0x0, 0xe, 0xff, 0x30, 0x0, 0x0,
    0x0, 0xff, 0xf7, 0x0, 0x4, 0xff, 0xfe, 0x10,
    0x0, 0xef, 0xf3, 0x0, 0x0, 0x0, 0xf, 0xff,
    0x70, 0x37, 0x7c, 0xff, 0xfc, 0x0, 0xe, 0xff,
    0x30, 0x0, 0x0, 0x4, 0xff, 0xfe, 0xff, 0xfb,
    0x2f, 0xff, 0xfd, 0x30, 0xef, 0xf3, 0x0, 0x0,
    0x0, 0xaf, 0xff, 0xff, 0xff, 0xb0, 0x5f, 0xff,
    0xff, 0x8e, 0xff, 0x30, 0x0, 0x0, 0x2f, 0xff,
    0xff, 0xff, 0xfa, 0x0, 0x8f, 0xff, 0xf5, 0xef,
    0xf3, 0x0, 0x0, 0x0, 0x9f, 0xff, 0xd9, 0x40,
    0x0, 0x0, 0x6f, 0xf8, 0xe, 0xff, 0x30, 0x0,
    0x0, 0x2, 0xd7, 0x20, 0x0, 0x0, 0x0, 0x0,
    0x3b, 0x0, 0x0, 0x0, 0x0, 0x0, 0x0, 0x0,
    0x0, 0x0, 0x0, 0x0, 0x0, 0x0, 0x0, 0x0,

    /* U+9664 "除" */
    0x0, 0x0, 0x0, 0x0, 0x0, 0x0, 0x0, 0x0,
    0x0, 0x96, 0x0, 0x0, 0x0, 0x0, 0x0, 0x33,
    0x33, 0x33, 0x42, 0x0, 0x0, 0x0, 0x0, 0x6f,
    0xff, 0x30, 0x0, 0x0, 0x0, 0xf, 0xff, 0xff,
    0xff, 0xf8, 0x10, 0x0, 0x0, 0x2f, 0xff, 0xe0,
    0x0, 0x0, 0x0, 0x0, 0xff, 0xff, 0xff, 0xff,
    0xf3, 0x0, 0x0, 0x1d, 0xff, 0xff, 0xa0, 0x0,
    0x0, 0x0, 0xf, 0xff, 0xff, 0xff, 0xfe, 0x0,
    0x0, 0x1d, 0xff, 0xff, 0xff, 0xb0, 0x0, 0x0,
    0x0, 0xff, 0xf1, 0xa, 0xff, 0x90, 0x0, 0x1c,
    0xff, 0xf8, 0x9f, 0xff, 0xc1, 0x0, 0x0, 0xf,
    0xff, 0x10, 0xef, 0xf5, 0x0, 0x3e, 0xff, 0xfa,
    0x0, 0xaf, 0xff, 0xe5, 0x0, 0x0, 0xff, 0xf1,
    0x1f, 0xff, 0x0, 0x7f, 0xff, 0xfb, 0x0, 0x0,
    0xbf, 0xff, 0xfa, 0x10, 0xf, 0xff, 0x15, 0xff,
    0xb4, 0xdf, 0xff, 0xfa, 0x0, 0x0, 0x0, 0xaf,
    0xff, 0xff, 0x50, 0xff, 0xf1, 0x9f, 0xf5, 0x6f,
    0xff, 0xfa, 0x22, 0x22, 0x22, 0x22, 0xaf, 0xff,
    0xb0, 0xf, 0xff, 0x1d, 0xff, 0x10, 0x6f, 0xff,
    0xff, 0xff, 0xff, 0xff, 0xff, 0xfe, 0xe1, 0x0,
    0xff, 0xf1, 0xef, 0xf2, 0x0, 0x65, 0xff, 0xff,
    0xff, 0xff, 0xff, 0xfe, 0x13, 0x0, 0xf, 0xff,
    0x16, 0xff, 0xc0, 0x0, 0x3e, 0xee, 0xef, 0xff,
    0xfe, 0xee, 0xd0, 0x0, 0x0, 0xff, 0xf1, 0xe,
    0xff, 0x30, 0x0, 0x0, 0x0, 0x6f, 0xff, 0x0,
    0x0, 0x0, 0x0, 0xf, 0xff, 0x10, 0x8f, 0xf8,
    0x0, 0x0, 0x0, 0x6, 0xff, 0xf0, 0x0, 0x0,
    0x0, 0x0, 0xff, 0xf1, 0x6, 0xff, 0xc6, 0xaa,
    0xaa, 0xaa, 0xcf, 0xff, 0xaa, 0xaa, 0xaa, 0x80,
    0xf, 0xff, 0x10, 0x4f, 0xfd, 0xaf, 0xff, 0xff,
    0xff, 0xff, 0xff, 0xff, 0xff, 0xfd, 0x0, 0xff,
    0xf1, 0x4, 0xff, 0xea, 0xff, 0xff, 0xff, 0xff,
    0xff, 0xff, 0xff, 0xff, 0xd0, 0xf, 0xff, 0x44,
    0xbf, 0xfc, 0x58, 0x88, 0x88, 0x8b, 0xff, 0xf9,
    0x88, 0x88, 0x87, 0x0, 0xff, 0xf8, 0xff, 0xff,
    0x90, 0x3, 0x40, 0x0, 0x6f, 0xff, 0x0, 0x27,
    0x0, 0x0, 0xf, 0xff, 0x3f, 0xff, 0xe1, 0x0,
    0xdf, 0xf8, 0x6, 0xff, 0xf1, 0x9f, 0xf6, 0x0,
    0x0, 0xff, 0xf1, 0xdc, 0x92, 0x0, 0x7f, 0xff,
    0x30, 0x6f, 0xff, 0x9, 0xff, 0xf2, 0x0, 0xf,
    0xff, 0x10, 0x0, 0x0, 0x1e, 0xff, 0xb0, 0x6,
    0xff, 0xf0, 0xd, 0xff, 0xd0, 0x0, 0xff, 0xf1,
    0x0, 0x0, 0xc, 0xff, 0xf2, 0x0, 0x6f, 0xff,
    0x0, 0x3f, 0xff, 0x70, 0xf, 0xff, 0x10, 0x0,
    0x9, 0xff, 0xf9, 0x0, 0x6, 0xff, 0xf0, 0x0,
    0x9f, 0xff, 0x10, 0xff, 0xf1, 0x0, 0x1, 0xdf,
    0xfd, 0x3, 0x32, 0x9f, 0xff, 0x0, 0x1, 0xff,
    0xf5, 0xf, 0xff, 0x10, 0x0, 0x0, 0xaf, 0x20,
    0xaf, 0xff, 0xff, 0xd0, 0x0, 0x8, 0xb2, 0x0,
    0xff, 0xf1, 0x0, 0x0, 0x0, 0x20, 0x4, 0xff,
    0xff, 0xf9, 0x0, 0x0, 0x0, 0x0, 0xf, 0xff,
    0x10, 0x0, 0x0, 0x0, 0x0, 0xf, 0xfe, 0xb6,
    0x0, 0x0, 0x0, 0x0, 0x0,

    /* U+96D9 "雙" */
    0x0, 0x0, 0x3, 0x10, 0x0, 0x12, 0x0, 0x0,
    0x0, 0x31, 0x0, 0x0, 0x10, 0x0, 0x0, 0x0,
    0x0, 0x2f, 0xfb, 0x3c, 0xfd, 0x0, 0x0, 0x1,
    0xff, 0xc3, 0xbf, 0xd0, 0x0, 0x0, 0x0, 0x0,
    0x9f, 0xf9, 0x1f, 0xff, 0x40, 0x0, 0x9, 0xff,
    0xa1, 0xff, 0xf4, 0x0, 0x0, 0x0, 0x1, 0xff,
    0xf7, 0x4d, 0xff, 0xc4, 0x40, 0x1f, 0xff, 0x84,
    0xdf, 0xfc, 0x44, 0x20, 0x0, 0x9, 0xff, 0xff,
    0xff, 0xff, 0xff, 0xf0, 0xaf, 0xff, 0xff, 0xff,
    0xff, 0xff, 0x90, 0x0, 0x4f, 0xff, 0xff, 0xff,
    0xff, 0xff, 0xf6, 0xff, 0xff, 0xff, 0xff, 0xff,
    0xff, 0x90, 0x2, 0xef, 0xff, 0xc0, 0xf, 0xfd,
    0x0, 0x3f, 0xff, 0xfe, 0x1, 0xff, 0xc0, 0x0,
    0x0, 0xd, 0xff, 0xff, 0xff, 0xff, 0xff, 0xff,
    0xff, 0xff, 0xff, 0xff, 0xff, 0xff, 0xfd, 0x0,
    0x4, 0xff, 0xff, 0xff, 0xff, 0xff, 0xff, 0xef,
    0xff, 0xff, 0xff, 0xff, 0xff, 0xfd, 0x0, 0x0,
    0x76, 0xff, 0xc0, 0xf, 0xfd, 0x0, 0xb, 0x6f,
    0xfe, 0x1, 0xff, 0xc0, 0x0, 0x0, 0x0, 0x3,
    0xff, 0xfe, 0xff, 0xff, 0xee, 0x60, 0x1f, 0xff,
    0xef, 0xff, 0xfe, 0xed, 0x0, 0x0, 0x3, 0xff,
    0xff, 0xff, 0xff, 0xff, 0x60, 0x1f, 0xff, 0xff,
    0xff, 0xff, 0xfd, 0x0, 0x0, 0x3, 0xff, 0xd2,
    0x2f, 0xfe, 0x22, 0x10, 0x1f, 0xfe, 0x23, 0xff,
    0xd2, 0x22, 0x0, 0x0, 0x3, 0xff, 0xd4, 0x4f,
    0xfe, 0x44, 0x41, 0x1f, 0xff, 0x45, 0xff, 0xd4,
    0x44, 0x40, 0x0, 0x3, 0xff, 0xff, 0xff, 0xff,
    0xff, 0xf3, 0x1f, 0xff, 0xff, 0xff, 0xff, 0xff,
    0xf0, 0x0, 0x3, 0xff, 0xff, 0xff, 0xff, 0xff,
    0xf3, 0x1f, 0xff, 0xff, 0xff, 0xff, 0xff, 0xf0,
    0x0, 0x0, 0x0, 0x0, 0x0, 0x0, 0x0, 0x0,
    0x0, 0x0, 0x0, 0x0, 0x0, 0x0, 0x0, 0x0,
    0xd, 0xff, 0xff, 0xff, 0xff, 0xff, 0xff, 0xff,
    0xff, 0xff, 0xff, 0x91, 0x0, 0x0, 0x0, 0xd,
    0xff, 0xff, 0xff, 0xff, 0xff, 0xff, 0xff, 0xff,
    0xff, 0xff, 0xfd, 0x0, 0x0, 0x0, 0xd, 0xee,
    0xef, 0xff, 0xfe, 0xee, 0xee, 0xee, 0xee, 0xff,
    0xff, 0xf3, 0x0, 0x0, 0x0, 0x0, 0x0, 0x4e,
    0xff, 0xf8, 0x0, 0x0, 0x0, 0x9, 0xff, 0xff,
    0x50, 0x0, 0x0, 0x0, 0x0, 0x0, 0x9, 0xff,
    0xff, 0xd5, 0x0, 0x5, 0xdf, 0xff, 0xf7, 0x0,
    0x0, 0x0, 0x0, 0x0, 0x0, 0x0, 0x7f, 0xff,
    0xff, 0xe8, 0xdf, 0xff, 0xfe, 0x40, 0x0, 0x0,
    0x0, 0x0, 0x0, 0x0, 0x0, 0x2, 0xcf, 0xff,
    0xff, 0xff, 0xff, 0xc1, 0x0, 0x0, 0x0, 0x0,
    0x0, 0x0, 0x0, 0x14, 0x7a, 0xdf, 0xff, 0xff,
    0xff, 0xff, 0xfe, 0xb8, 0x54, 0x20, 0x0, 0x3,
    0xab, 0xdf, 0xff, 0xff, 0xff, 0xff, 0xff, 0xff,
    0xff, 0xff, 0xff, 0xff, 0xff, 0xb0, 0x1, 0xef,
    0xff, 0xff, 0xff, 0xff, 0xea, 0x63, 0x7c, 0xff,
    0xff, 0xff, 0xff, 0xfe, 0x10, 0x0, 0x8f, 0xff,
    0xff, 0xeb, 0x72, 0x0, 0x0, 0x0, 0x4, 0x9b,
    0xef, 0xff, 0xf6, 0x0, 0x0, 0x29, 0x75, 0x20,
    0x0, 0x0, 0x0, 0x0, 0x0, 0x0, 0x0, 0x0,
    0x25, 0x70, 0x0,

    /* U+9707 "震" */
    0x0, 0x1, 0x99, 0x99, 0x99, 0x99, 0x99, 0x99,
    0x99, 0x99, 0x99, 0x99, 0x99, 0x0, 0x0, 0x0,
    0x2, 0xff, 0xff, 0xff, 0xff, 0xff, 0xff, 0xff,
    0xff, 0xff, 0xff, 0xff, 0x10, 0x0, 0x0, 0x2,
    0xff, 0xff, 0xff, 0xff, 0xff, 0xff, 0xff, 0xff,
    0xff, 0xff, 0xff, 0x10, 0x0, 0x0, 0x11, 0x11,
    0x11, 0x11, 0x11, 0x1e, 0xff, 0xa1, 0x11, 0x11,
    0x11, 0x11, 0x11, 0x0, 0x2, 0xff, 0xff, 0xff,
    0xff, 0xff, 0xff, 0xff, 0xff, 0xff, 0xff, 0xff,
    0xff, 0xff, 0x20, 0x2, 0xff, 0xff, 0xff, 0xff,
    0xff, 0xff, 0xff, 0xff, 0xff, 0xff, 0xff, 0xff,
    0xff, 0x20, 0x2, 0xff, 0xf2, 0x7e, 0xb9, 0x51,
    0xe, 0xff, 0xa0, 0x26, 0xae, 0xf5, 0x5f, 0xff,
    0x20, 0x2, 0xff, 0xf2, 0xdf, 0xff, 0xfe, 0xe,
    0xff, 0x92, 0xff, 0xff, 0xfb, 0x5f, 0xff, 0x20,
    0x2, 0xff, 0xf2, 0x2, 0x59, 0xe9, 0xe, 0xff,
    0x91, 0x9b, 0x74, 0x0, 0x4f, 0xff, 0x20, 0x0,
    0x33, 0x32, 0x46, 0x8b, 0xdf, 0x2e, 0xff, 0x97,
    0xff, 0xeb, 0x73, 0x13, 0x33, 0x0, 0x0, 0x0,
    0xe, 0xff, 0xff, 0xff, 0x3e, 0xff, 0x9a, 0xff,
    0xff, 0xff, 0xb0, 0x0, 0x0, 0x0, 0x0, 0x8,
    0xff, 0xea, 0x62, 0xe, 0xff, 0x90, 0x3, 0x6a,
    0xef, 0x70, 0x0, 0x0, 0x0, 0x2, 0x79, 0xd9,
    0x77, 0x77, 0x77, 0x77, 0x77, 0x77, 0x77, 0x7b,
    0x97, 0x74, 0x0, 0x0, 0x5, 0xff, 0xff, 0xff,
    0xff, 0xff, 0xff, 0xff, 0xff, 0xff, 0xff, 0xff,
    0xf8, 0x0, 0x0, 0x5, 0xff, 0xff, 0xff, 0xff,
    0xff, 0xff, 0xff, 0xff, 0xff, 0xff, 0xff, 0xf8,
    0x0, 0x0, 0x5, 0xff, 0xf4, 0x33, 0x33, 0x33,
    0x33, 0x33, 0x33, 0x33, 0x33, 0x33, 0x0, 0x0,
    0x0, 0x5, 0xff, 0xff, 0xff, 0xff, 0xff, 0xff,
    0xff, 0xff, 0xff, 0xff, 0xff, 0x0, 0x0, 0x0,
    0x6, 0xff, 0xfd, 0xdd, 0xdd, 0xdd, 0xdd, 0xdd,
    0xdd, 0xdd, 0xdd, 0xdd, 0x0, 0x0, 0x0, 0x6,
    0xff, 0xf4, 0x44, 0x44, 0x44, 0x44, 0x44, 0x44,
    0x44, 0x44, 0x44, 0x44, 0x30, 0x0, 0x9, 0xff,
    0xff, 0xff, 0xff, 0xff, 0xff, 0xff, 0xff, 0xff,
    0xff, 0xff, 0xff, 0xb0, 0x0, 0xb, 0xff, 0xff,
    0xff, 0xff, 0xff, 0xff, 0xff, 0xff, 0xff, 0xff,
    0xff, 0xff, 0xb0, 0x0, 0xf, 0xff, 0x80, 0x9f,
    0xfe, 0x0, 0x5, 0xff, 0xf5, 0x0, 0x2b, 0xfd,
    0x50, 0x0, 0x0, 0x6f, 0xff, 0x30, 0x8f, 0xfe,
    0x0, 0x0, 0x7f, 0xff, 0xa6, 0xef, 0xfd, 0x40,
    0x0, 0x0, 0xdf, 0xfe, 0x0, 0xbf, 0xfe, 0x1,
    0x46, 0x8c, 0xff, 0xff, 0xff, 0xa1, 0x0, 0x0,
    0x9, 0xff, 0xf8, 0x8, 0xff, 0xff, 0xff, 0xff,
    0xf3, 0x4e, 0xff, 0xff, 0xff, 0xdc, 0xa1, 0x3f,
    0xff, 0xe0, 0xb, 0xff, 0xff, 0xff, 0xff, 0xf2,
    0x0, 0x6d, 0xff, 0xff, 0xff, 0x70, 0x5, 0xff,
    0x50, 0x3, 0xff, 0xfe, 0xc9, 0x64, 0x10, 0x0,
    0x0, 0x26, 0xac, 0xfd, 0x0, 0x0, 0x47, 0x0,
    0x0, 0x85, 0x10, 0x0, 0x0, 0x0, 0x0, 0x0,
    0x0, 0x0, 0x0, 0x0,

    /* U+97F3 "音" */
    0x0, 0x0, 0x0, 0x0, 0x0, 0x1, 0x58, 0xb7,
    0x0, 0x0, 0x0, 0x0, 0x0, 0x0, 0x0, 0x0,
    0x0, 0x0, 0x0, 0x1, 0xff, 0xfe, 0x0, 0x0,
    0x0, 0x0, 0x0, 0x0, 0x0, 0x0, 0x0, 0x0,
    0x0, 0x0, 0xbf, 0xff, 0x70, 0x0, 0x0, 0x0,
    0x0, 0x0, 0x0, 0x9f, 0xff, 0xff, 0xff, 0xff,
    0xff, 0xff, 0xff, 0xff, 0xff, 0xff, 0xff, 0x50,
    0x0, 0x9f, 0xff, 0xff, 0xff, 0xff, 0xff, 0xff,
    0xff, 0xff, 0xff, 0xff, 0xff, 0x50, 0x0, 0x9f,
    0xff, 0xff, 0xff, 0xff, 0xff, 0xff, 0xff, 0xff,
    0xff, 0xff, 0xff, 0x50, 0x0, 0x11, 0x11, 0x7b,
    0xee, 0x21, 0x11, 0x11, 0x11, 0x7f, 0xea, 0x61,
    0x11, 0x0, 0x0, 0x0, 0x0, 0x9f, 0xff, 0x60,
    0x0, 0x0, 0x0, 0xbf, 0xff, 0x70, 0x0, 0x0,
    0x0, 0x0, 0x0, 0x3f, 0xff, 0xd0, 0x0, 0x0,
    0x1, 0xff, 0xfe, 0x0, 0x0, 0x0, 0x3, 0x33,
    0x33, 0x3e, 0xff, 0xf4, 0x33, 0x33, 0x38, 0xff,
    0xfa, 0x33, 0x33, 0x32, 0x4f, 0xff, 0xff, 0xff,
    0xff, 0xff, 0xff, 0xff, 0xff, 0xff, 0xff, 0xff,
    0xff, 0xfb, 0x4f, 0xff, 0xff, 0xff, 0xff, 0xff,
    0xff, 0xff, 0xff, 0xff, 0xff, 0xff, 0xff, 0xfb,
    0x4f, 0xff, 0xff, 0xff, 0xff, 0xff, 0xff, 0xff,
    0xff, 0xff, 0xff, 0xff, 0xff, 0xfb, 0x0, 0x0,
    0x0, 0x0, 0x0, 0x0, 0x0, 0x0, 0x0, 0x0,
    0x0, 0x0, 0x0, 0x0, 0x0, 0x0, 0x0, 0x0,
    0x0, 0x0, 0x0, 0x0, 0x0, 0x0, 0x0, 0x0,
    0x0, 0x0, 0x0, 0x0, 0x8f, 0xff, 0xff, 0xff,
    0xff, 0xff, 0xff, 0xff, 0xff, 0xff, 0x50, 0x0,
    0x0, 0x0, 0x8f, 0xff, 0xff, 0xff, 0xff, 0xff,
    0xff, 0xff, 0xff, 0xff, 0x50, 0x0, 0x0, 0x0,
    0x8f, 0xff, 0xee, 0xee, 0xee, 0xee, 0xee, 0xee,
    0xff, 0xff, 0x50, 0x0, 0x0, 0x0, 0x8f, 0xff,
    0x0, 0x0, 0x0, 0x0, 0x0, 0x0, 0x7f, 0xff,
    0x50, 0x0, 0x0, 0x0, 0x8f, 0xff, 0x10, 0x0,
    0x0, 0x0, 0x0, 0x0, 0x7f, 0xff, 0x50, 0x0,
    0x0, 0x0, 0x8f, 0xff, 0xff, 0xff, 0xff, 0xff,
    0xff, 0xff, 0xff, 0xff, 0x50, 0x0, 0x0, 0x0,
    0x8f, 0xff, 0xff, 0xff, 0xff, 0xff, 0xff, 0xff,
    0xff, 0xff, 0x50, 0x0, 0x0, 0x0, 0x8f, 0xff,
    0xba, 0xaa, 0xaa, 0xaa, 0xaa, 0xaa, 0xdf, 0xff,
    0x50, 0x0, 0x0, 0x0, 0x8f, 0xff, 0x0, 0x0,
    0x0, 0x0, 0x0, 0x0, 0x7f, 0xff, 0x50, 0x0,
    0x0, 0x0, 0x8f, 0xff, 0x21, 0x11, 0x11, 0x11,
    0x11, 0x11, 0x7f, 0xff, 0x50, 0x0, 0x0, 0x0,
    0x8f, 0xff, 0xff, 0xff, 0xff, 0xff, 0xff, 0xff,
    0xff, 0xff, 0x50, 0x0, 0x0, 0x0, 0x8f, 0xff,
    0xff, 0xff, 0xff, 0xff, 0xff, 0xff, 0xff, 0xff,
    0x50, 0x0, 0x0, 0x0, 0x8f, 0xff, 0xee, 0xee,
    0xee, 0xee, 0xee, 0xee, 0xff, 0xff, 0x50, 0x0,
    0x0, 0x0, 0x8f, 0xff, 0x0, 0x0, 0x0, 0x0,
    0x0, 0x0, 0x7f, 0xff, 0x50, 0x0,

    /* U+9801 "頁" */
    0x0, 0x11, 0x11, 0x11, 0x11, 0x11, 0x11, 0x11,
    0x11, 0x11, 0x11, 0x11, 0x11, 0x10, 0x0, 0xe,
    0xff, 0xff, 0xff, 0xff, 0xff, 0xff, 0xff, 0xff,
    0xff, 0xff, 0xff, 0xff, 0x40, 0x0, 0xef, 0xff,
    0xff, 0xff, 0xff, 0xff, 0xff, 0xff, 0xff, 0xff,
    0xff, 0xff, 0xf4, 0x0, 0xe, 0xff, 0xff, 0xff,
    0xff, 0xff, 0xff, 0xff, 0xff, 0xff, 0xff, 0xff,
    0xff, 0x40, 0x0, 0x22, 0x22, 0x22, 0x22, 0x22,
    0x8f, 0xff, 0xc2, 0x22, 0x22, 0x22, 0x22, 0x20,
    0x0, 0x0, 0x0, 0x0, 0x0, 0x0, 0x9, 0xff,
    0xf6, 0x0, 0x0, 0x0, 0x0, 0x0, 0x0, 0x0,
    0x0, 0x5f, 0xff, 0xff, 0xff, 0xff, 0xff, 0xff,
    0xff, 0xff, 0xff, 0xf2, 0x0, 0x0, 0x0, 0x5,
    0xff, 0xff, 0xff, 0xff, 0xff, 0xff, 0xff, 0xff,
    0xff, 0xff, 0x20, 0x0, 0x0, 0x0, 0x5f, 0xff,
    0xdb, 0xbb, 0xbb, 0xbb, 0xbb, 0xbb, 0xbf, 0xff,
    0xf2, 0x0, 0x0, 0x0, 0x5, 0xff, 0xf6, 0x0,
    0x0, 0x0, 0x0, 0x0, 0x0, 0xcf, 0xff, 0x20,
    0x0, 0x0, 0x0, 0x5f, 0xff, 0xc9, 0x99, 0x99,
    0x99, 0x99, 0x99, 0x9e, 0xff, 0xf2, 0x0, 0x0,
    0x0, 0x5, 0xff, 0xff, 0xff, 0xff, 0xff, 0xff,
    0xff, 0xff, 0xff, 0xff, 0x20, 0x0, 0x0, 0x0,
    0x5f, 0xff, 0xff, 0xff, 0xff, 0xff, 0xff, 0xff,
    0xff, 0xff, 0xf2, 0x0, 0x0, 0x0, 0x5, 0xff,
    0xf6, 0x0, 0x0, 0x0, 0x0, 0x0, 0x0, 0xcf,
    0xff, 0x20, 0x0, 0x0, 0x0, 0x5f, 0xff, 0xb8,
    0x88, 0x88, 0x88, 0x88, 0x88, 0x8e, 0xff, 0xf2,
    0x0, 0x0, 0x0, 0x5, 0xff, 0xff, 0xff, 0xff,
    0xff, 0xff, 0xff, 0xff, 0xff, 0xff, 0x20, 0x0,
    0x0, 0x0, 0x5f, 0xff, 0xff, 0xff, 0xff, 0xff,
    0xff, 0xff, 0xff, 0xff, 0xf2, 0x0, 0x0, 0x0,
    0x5, 0xff, 0xf7, 0x0, 0x0, 0x0, 0x0, 0x0,
    0x0, 0xcf, 0xff, 0x20, 0x0, 0x0, 0x0, 0x5f,
    0xff, 0x70, 0x0, 0x0, 0x0, 0x0, 0x0, 0xc,
    0xff, 0xf2, 0x0, 0x0, 0x0, 0x5, 0xff, 0xff,
    0xff, 0xff, 0xff, 0xff, 0xff, 0xff, 0xff, 0xff,
    0x20, 0x0, 0x0, 0x0, 0x5f, 0xff, 0xff, 0xff,
    0xff, 0xff, 0xff, 0xff, 0xff, 0xff, 0xf2, 0x0,
    0x0, 0x0, 0x3, 0xbb, 0xbb, 0xef, 0xbb, 0xbb,
    0xbb, 0xbd, 0xfb, 0xbb, 0xbb, 0x10, 0x0, 0x0,
    0x0, 0x0, 0x4, 0xcf, 0xfa, 0x0, 0x0, 0x3,
    0xef, 0xd8, 0x20, 0x0, 0x0, 0x0, 0x0, 0x2,
    0x7d, 0xff, 0xff, 0xfd, 0x10, 0x5, 0xff, 0xff,
    0xff, 0xc5, 0x0, 0x0, 0x2, 0x8d, 0xff, 0xff,
    0xff, 0xfb, 0x30, 0x0, 0x6, 0xcf, 0xff, 0xff,
    0xfe, 0x81, 0x0, 0x8f, 0xff, 0xff, 0xff, 0x93,
    0x0, 0x0, 0x0, 0x0, 0x39, 0xff, 0xff, 0xff,
    0xf3, 0x0, 0xaf, 0xff, 0xb6, 0x10, 0x0, 0x0,
    0x0, 0x0, 0x0, 0x1, 0x8f, 0xff, 0xc2, 0x0,
    0x0, 0x96, 0x10, 0x0, 0x0, 0x0, 0x0, 0x0,
    0x0, 0x0, 0x0, 0x18, 0x70, 0x0,

    /* U+9806 "順" */
    0x0, 0x11, 0x10, 0x0, 0x0, 0x34, 0x40, 0x11,
    0x11, 0x11, 0x11, 0x11, 0x11, 0x11, 0x0, 0x0,
    0xcf, 0xf1, 0x0, 0x0, 0xcf, 0xf1, 0xef, 0xff,
    0xff, 0xff, 0xff, 0xff, 0xff, 0x70, 0x0, 0xcf,
    0xf1, 0x0, 0x0, 0xcf, 0xf1, 0xef, 0xff, 0xff,
    0xff, 0xff, 0xff, 0xff, 0x70, 0x0, 0xcf, 0xf1,
    0x8f, 0xe0, 0xcf, 0xf1, 0xef, 0xff, 0xff, 0xff,
    0xff, 0xff, 0xff, 0x70, 0x0, 0xcf, 0xf1, 0x8f,
    0xe0, 0xcf, 0xf1, 0x0, 0x0, 0xa, 0xff, 0xf1,
    0x0, 0x0, 0x0, 0x0, 0xcf, 0xf1, 0x8f, 0xe0,
    0xcf, 0xf1, 0x0, 0x0, 0xc, 0xff, 0xb0, 0x0,
    0x0, 0x0, 0x0, 0xcf, 0xf1, 0x8f, 0xe0, 0xcf,
    0xf1, 0x2f, 0xff, 0xff, 0xff, 0xff, 0xff, 0xfa,
    0x0, 0x0, 0xcf, 0xf1, 0x8f, 0xe0, 0xcf, 0xf1,
    0x2f, 0xff, 0xff, 0xff, 0xff, 0xff, 0xfa, 0x0,
    0x0, 0xcf, 0xf1, 0x8f, 0xe0, 0xcf, 0xf1, 0x2f,
    0xff, 0x99, 0x99, 0x99, 0xef, 0xfa, 0x0, 0x0,
    0xcf, 0xf1, 0x8f, 0xe0, 0xcf, 0xf1, 0x2f, 0xff,
    0x0, 0x0, 0x0, 0xbf, 0xfa, 0x0, 0x0, 0xcf,
    0xf1, 0x8f, 0xe0, 0xcf, 0xf1, 0x2f, 0xff, 0x87,
    0x77, 0x77, 0xdf, 0xfa, 0x0, 0x0, 0xcf, 0xf1,
    0x8f, 0xe0, 0xcf, 0xf1, 0x2f, 0xff, 0xff, 0xff,
    0xff, 0xff, 0xfa, 0x0, 0x0, 0xcf, 0xf1, 0x8f,
    0xe0, 0xcf, 0xf1, 0x2f, 0xff, 0xff, 0xff, 0xff,
    0xff, 0xfa, 0x0, 0x0, 0xcf, 0xf1, 0x8f, 0xe0,
    0xcf, 0xf1, 0x2f, 0xff, 0x0, 0x0, 0x0, 0xbf,
    0xfa, 0x0, 0x0, 0xcf, 0xf1, 0x8f, 0xe0, 0xcf,
    0xf1, 0x2f, 0xff, 0x21, 0x11, 0x11, 0xbf, 0xfa,
    0x0, 0x0, 0xdf, 0xf1, 0x8f, 0xe0, 0xcf, 0xf1,
    0x2f, 0xff, 0xff, 0xff, 0xff, 0xff, 0xfa, 0x0,
    0x0, 0xef, 0xf0, 0x8f, 0xe0, 0xcf, 0xf1, 0x2f,
    0xff, 0xff, 0xff, 0xff, 0xff, 0xfa, 0x0, 0x0,
    0xef, 0xf0, 0x8f, 0xe0, 0xcf, 0xf1, 0x2f, 0xff,
    0x65, 0x55, 0x55, 0xdf, 0xfa, 0x0, 0x0, 0xff,
    0xf0, 0x8f, 0xe0, 0xcf, 0xf1, 0x2f, 0xff, 0x0,
    0x0, 0x0, 0xbf, 0xfa, 0x0, 0x0, 0xff, 0xe0,
    0x8f, 0xe0, 0xcf, 0xf1, 0x2f, 0xff, 0xba, 0xaa,
    0xaa, 0xef, 0xfa, 0x0, 0x1, 0xff, 0xd0, 0x8f,
    0xe0, 0xcf, 0xf1, 0x2f, 0xff, 0xff, 0xff, 0xff,
    0xff, 0xfa, 0x0, 0x4, 0xff, 0xb0, 0x8f, 0xe0,
    0xcf, 0xf1, 0x2f, 0xff, 0xff, 0xff, 0xff, 0xff,
    0xfa, 0x0, 0x7, 0xff, 0x80, 0x8f, 0xe0, 0xcf,
    0xf1, 0x0, 0x8, 0x70, 0x0, 0x2, 0x92, 0x0,
    0x0, 0xa, 0xff, 0x50, 0x6b, 0xb0, 0xcf, 0xf1,
    0x0, 0xaf, 0xfc, 0x20, 0x7f, 0xff, 0x50, 0x0,
    0xf, 0xff, 0x20, 0x0, 0x0, 0xcf, 0xf1, 0x5e,
    0xff, 0xfe, 0x20, 0x7f, 0xff, 0xf9, 0x0, 0x5f,
    0xfc, 0x0, 0x0, 0x0, 0xcf, 0xfc, 0xff, 0xff,
    0xb1, 0x0, 0x3, 0xef, 0xff, 0xb0, 0x7, 0xf6,
    0x0, 0x0, 0x0, 0xbd, 0xda, 0xff, 0xe6, 0x0,
    0x0, 0x0, 0x1d, 0xff, 0x90, 0x0, 0x60, 0x0,
    0x0, 0x0, 0x0, 0x0, 0xb8, 0x0, 0x0, 0x0,
    0x0, 0x1, 0xb4, 0x0,

    /* U+9808 "須" */
    0x0, 0x0, 0x0, 0x5, 0x93, 0x0, 0x0, 0x0,
    0x0, 0x0, 0x0, 0x0, 0x0, 0x0, 0x0, 0x0,
    0x0, 0x0, 0x3f, 0xff, 0xc3, 0xff, 0xff, 0xff,
    0xff, 0xff, 0xff, 0xff, 0xff, 0xe0, 0x0, 0x0,
    0x5, 0xff, 0xff, 0x91, 0xff, 0xff, 0xff, 0xff,
    0xff, 0xff, 0xff, 0xff, 0xe0, 0x0, 0x0, 0x8f,
    0xff, 0xfa, 0x1, 0xff, 0xff, 0xff, 0xff, 0xff,
    0xff, 0xff, 0xff, 0xe0, 0x0, 0x3d, 0xff, 0xff,
    0x90, 0x0, 0x0, 0x0, 0x0, 0xdf, 0xff, 0x10,
    0x0, 0x0, 0x0, 0xa, 0xff, 0xff, 0xf7, 0x0,
    0x0, 0x7, 0x88, 0x88, 0xff, 0xfe, 0x88, 0x88,
    0x87, 0x0, 0x4, 0xff, 0xfe, 0x40, 0x0, 0x0,
    0xd, 0xff, 0xff, 0xff, 0xff, 0xff, 0xff, 0xfe,
    0x0, 0x0, 0x3f, 0xa1, 0x0, 0x0, 0x0, 0xd,
    0xff, 0xff, 0xff, 0xff, 0xff, 0xff, 0xfe, 0x0,
    0x0, 0x1, 0x0, 0x0, 0x75, 0x0, 0xd, 0xff,
    0x81, 0x11, 0x11, 0x11, 0xaf, 0xfe, 0x0, 0x0,
    0x0, 0x0, 0x6, 0xff, 0xe7, 0xd, 0xff, 0x70,
    0x0, 0x0, 0x0, 0x9f, 0xfe, 0x0, 0x0, 0x0,
    0x0, 0x5f, 0xff, 0xf5, 0xd, 0xff, 0xff, 0xff,
    0xff, 0xff, 0xff, 0xfe, 0x0, 0x0, 0x0, 0x6,
    0xff, 0xff, 0x80, 0xd, 0xff, 0xff, 0xff, 0xff,
    0xff, 0xff, 0xfe, 0x0, 0x0, 0x0, 0xaf, 0xff,
    0xf9, 0x0, 0xd, 0xff, 0xc8, 0x88, 0x88, 0x88,
    0xcf, 0xfe, 0x0, 0x0, 0x4d, 0xff, 0xff, 0x90,
    0x0, 0xd, 0xff, 0x70, 0x0, 0x0, 0x0, 0x9f,
    0xfe, 0x0, 0x6, 0xff, 0xff, 0xf8, 0x0, 0x0,
    0xd, 0xff, 0xb6, 0x66, 0x66, 0x66, 0xcf, 0xfe,
    0x0, 0x0, 0xbf, 0xff, 0x50, 0x0, 0x0, 0xd,
    0xff, 0xff, 0xff, 0xff, 0xff, 0xff, 0xfe, 0x0,
    0x0, 0xc, 0xd2, 0x0, 0x0, 0x0, 0xd, 0xff,
    0xff, 0xff, 0xff, 0xff, 0xff, 0xfe, 0x0, 0x0,
    0x1, 0x0, 0x0, 0x3f, 0xb5, 0xd, 0xff, 0x80,
    0x0, 0x0, 0x0, 0xaf, 0xfe, 0x0, 0x0, 0x0,
    0x0, 0x0, 0xdf, 0xff, 0x7d, 0xff, 0x80, 0x0,
    0x0, 0x0, 0x9f, 0xfe, 0x0, 0x0, 0x0, 0x0,
    0xb, 0xff, 0xfc, 0xd, 0xff, 0xff, 0xff, 0xff,
    0xff, 0xff, 0xfe, 0x0, 0x0, 0x0, 0x0, 0xbf,
    0xff, 0xf2, 0xd, 0xff, 0xff, 0xff, 0xff, 0xff,
    0xff, 0xfe, 0x0, 0x0, 0x0, 0x1c, 0xff, 0xff,
    0x40, 0x8, 0x99, 0xc9, 0x99, 0x99, 0x9a, 0x99,
    0x98, 0x0, 0x0, 0x5, 0xef, 0xff, 0xf5, 0x0,
    0x0, 0x1a, 0xf9, 0x0, 0x0, 0x5e, 0xb2, 0x0,
    0x0, 0x2, 0xbf, 0xff, 0xff, 0x50, 0x0, 0x17,
    0xff, 0xff, 0xd1, 0x8, 0xff, 0xff, 0x80, 0x0,
    0xb, 0xff, 0xff, 0xe3, 0x0, 0x3a, 0xff, 0xff,
    0xfe, 0x40, 0x1, 0xaf, 0xff, 0xfe, 0x40, 0x0,
    0xcf, 0xfc, 0x10, 0x3, 0xff, 0xff, 0xff, 0x80,
    0x0, 0x0, 0x4, 0xef, 0xff, 0xf5, 0x0, 0x1e,
    0x60, 0x0, 0x0, 0x4f, 0xfe, 0x71, 0x0, 0x0,
    0x0, 0x0, 0x1a, 0xff, 0x80, 0x0, 0x0, 0x0,
    0x0, 0x0, 0x6, 0x50, 0x0, 0x0, 0x0, 0x0,
    0x0, 0x0, 0x64, 0x0,

    /* U+9810 "預" */
    0x0, 0x0, 0x0, 0x0, 0x0, 0x0, 0x1, 0x11,
    0x11, 0x11, 0x11, 0x11, 0x11, 0x11, 0x0, 0xd,
    0xff, 0xff, 0xff, 0xff, 0xfd, 0x3e, 0xff, 0xff,
    0xff, 0xff, 0xff, 0xff, 0xff, 0x60, 0xd, 0xff,
    0xff, 0xff, 0xff, 0xff, 0xff, 0xff, 0xff, 0xff,
    0xff, 0xff, 0xff, 0xff, 0x60, 0xd, 0xff, 0xff,
    0xff, 0xff, 0xff, 0x8d, 0xee, 0xee, 0xff, 0xff,
    0xfe, 0xee, 0xee, 0x60, 0x1, 0x11, 0x11, 0x13,
    0xef, 0xfc, 0x0, 0x0, 0x0, 0x4f, 0xff, 0x90,
    0x0, 0x0, 0x0, 0x0, 0x9, 0x60, 0xc, 0xff,
    0xf2, 0x0, 0x0, 0x0, 0x7f, 0xff, 0x40, 0x0,
    0x0, 0x0, 0x0, 0x8f, 0xfe, 0xbf, 0xff, 0x50,
    0x0, 0xdf, 0xff, 0xff, 0xff, 0xff, 0xff, 0xf8,
    0x0, 0x1, 0xef, 0xff, 0xff, 0xf7, 0x0, 0x0,
    0xdf, 0xff, 0xff, 0xff, 0xff, 0xff, 0xf8, 0x0,
    0x0, 0x7, 0xef, 0xff, 0xf7, 0x0, 0x0, 0xdf,
    0xfb, 0x88, 0x88, 0x88, 0xff, 0xf8, 0x0, 0x0,
    0x0, 0x1a, 0xff, 0xff, 0x70, 0x0, 0xdf, 0xf6,
    0x0, 0x0, 0x0, 0xdf, 0xf8, 0x0, 0x35, 0x55,
    0x55, 0xaf, 0xff, 0x76, 0x40, 0xdf, 0xfb, 0x88,
    0x88, 0x88, 0xff, 0xf8, 0x0, 0x8f, 0xff, 0xff,
    0xff, 0xff, 0xff, 0xfd, 0xdf, 0xff, 0xff, 0xff,
    0xff, 0xff, 0xf8, 0x0, 0x8f, 0xff, 0xff, 0xff,
    0xff, 0xff, 0xf8, 0xdf, 0xff, 0xee, 0xee, 0xee,
    0xff, 0xf8, 0x0, 0x7c, 0xcc, 0xcf, 0xff, 0xec,
    0xff, 0xf4, 0xdf, 0xf6, 0x0, 0x0, 0x0, 0xdf,
    0xf8, 0x0, 0x0, 0x0, 0xe, 0xff, 0x80, 0xef,
    0xf0, 0xdf, 0xf9, 0x55, 0x55, 0x55, 0xef, 0xf8,
    0x0, 0x0, 0x0, 0xe, 0xff, 0x82, 0xff, 0xb0,
    0xdf, 0xff, 0xff, 0xff, 0xff, 0xff, 0xf8, 0x0,
    0x0, 0x0, 0xe, 0xff, 0x87, 0xff, 0x50, 0xdf,
    0xff, 0xff, 0xff, 0xff, 0xff, 0xf8, 0x0, 0x0,
    0x0, 0xe, 0xff, 0x84, 0xad, 0x0, 0xdf, 0xf7,
    0x11, 0x11, 0x11, 0xef, 0xf8, 0x0, 0x0, 0x0,
    0xe, 0xff, 0x80, 0x0, 0x0, 0xdf, 0xf6, 0x0,
    0x0, 0x0, 0xdf, 0xf8, 0x0, 0x0, 0x0, 0xe,
    0xff, 0x80, 0x0, 0x0, 0xdf, 0xff, 0xff, 0xff,
    0xff, 0xff, 0xf8, 0x0, 0x0, 0x0, 0xe, 0xff,
    0x80, 0x0, 0x0, 0xdf, 0xff, 0xff, 0xff, 0xff,
    0xff, 0xf8, 0x0, 0x0, 0x0, 0xe, 0xff, 0x80,
    0x0, 0x0, 0x8a, 0xaa, 0xaa, 0xaa, 0xaa, 0xaa,
    0xa5, 0x0, 0x0, 0x0, 0xe, 0xff, 0x80, 0x0,
    0x0, 0x0, 0x8b, 0x10, 0x0, 0xa, 0xb1, 0x0,
    0x0, 0x0, 0x0, 0xe, 0xff, 0x80, 0x0, 0x0,
    0x1b, 0xff, 0xf6, 0x3, 0xdf, 0xfe, 0x30, 0x0,
    0x4, 0x66, 0x6f, 0xff, 0x80, 0x0, 0x18, 0xff,
    0xff, 0xf5, 0x1, 0xbf, 0xff, 0xf6, 0x0, 0x5,
    0xff, 0xff, 0xff, 0x70, 0x8, 0xff, 0xff, 0xfd,
    0x20, 0x0, 0x8, 0xff, 0xff, 0x80, 0x0, 0xff,
    0xff, 0xff, 0x10, 0x6, 0xff, 0xfe, 0x70, 0x0,
    0x0, 0x0, 0x6f, 0xff, 0xa0, 0x0, 0xbf, 0xfd,
    0x92, 0x0, 0x0, 0x7f, 0x70, 0x0, 0x0, 0x0,
    0x0, 0x5, 0xe5, 0x0, 0x0, 0x0, 0x0, 0x0,
    0x0, 0x0, 0x0, 0x0, 0x0, 0x0, 0x0, 0x0,
    0x0, 0x0, 0x0,

    /* U+9996 "首" */
    0x0, 0x0, 0x0, 0x2, 0x70, 0x0, 0x0, 0x0,
    0x0, 0x5, 0x30, 0x0, 0x0, 0x0, 0x0, 0x0,
    0x3, 0xbf, 0xf9, 0x0, 0x0, 0x0, 0x0, 0x2f,
    0xff, 0xc3, 0x0, 0x0, 0x0, 0x0, 0x2, 0xff,
    0xff, 0x70, 0x0, 0x0, 0x0, 0x9f, 0xff, 0xb0,
    0x0, 0x0, 0x0, 0x0, 0x0, 0x5f, 0xff, 0xf3,
    0x0, 0x0, 0x3, 0xff, 0xfe, 0x10, 0x0, 0x0,
    0x25, 0x55, 0x55, 0x5c, 0xff, 0xd6, 0x55, 0x55,
    0x5d, 0xff, 0xf9, 0x55, 0x55, 0x55, 0x5f, 0xff,
    0xff, 0xff, 0xff, 0xff, 0xff, 0xff, 0xff, 0xff,
    0xff, 0xff, 0xff, 0xfd, 0x5f, 0xff, 0xff, 0xff,
    0xff, 0xff, 0xff, 0xff, 0xff, 0xff, 0xff, 0xff,
    0xff, 0xfd, 0x5f, 0xff, 0xff, 0xff, 0xff, 0xff,
    0xff, 0xff, 0xff, 0xff, 0xff, 0xff, 0xff, 0xfd,
    0x0, 0x0, 0x0, 0x0, 0x0, 0x0, 0xff, 0xff,
    0x30, 0x0, 0x0, 0x0, 0x0, 0x0, 0x0, 0x1,
    0x22, 0x22, 0x22, 0x26, 0xff, 0xfd, 0x22, 0x22,
    0x22, 0x22, 0x10, 0x0, 0x0, 0x5, 0xff, 0xff,
    0xff, 0xff, 0xff, 0xff, 0xff, 0xff, 0xff, 0xff,
    0xa0, 0x0, 0x0, 0x5, 0xff, 0xff, 0xff, 0xff,
    0xff, 0xff, 0xff, 0xff, 0xff, 0xff, 0xa0, 0x0,
    0x0, 0x5, 0xff, 0xff, 0xff, 0xff, 0xff, 0xff,
    0xff, 0xff, 0xff, 0xff, 0xa0, 0x0, 0x0, 0x5,
    0xff, 0xf3, 0x0, 0x0, 0x0, 0x0, 0x0, 0x0,
    0xf, 0xff, 0xa0, 0x0, 0x0, 0x5, 0xff, 0xf5,
    0x11, 0x11, 0x11, 0x11, 0x11, 0x11, 0x2f, 0xff,
    0xa0, 0x0, 0x0, 0x5, 0xff, 0xff, 0xff, 0xff,
    0xff, 0xff, 0xff, 0xff, 0xff, 0xff, 0xa0, 0x0,
    0x0, 0x5, 0xff, 0xff, 0xff, 0xff, 0xff, 0xff,
    0xff, 0xff, 0xff, 0xff, 0xa0, 0x0, 0x0, 0x5,
    0xff, 0xfb, 0xaa, 0xaa, 0xaa, 0xaa, 0xaa, 0xaa,
    0xaf, 0xff, 0xa0, 0x0, 0x0, 0x5, 0xff, 0xf3,
    0x0, 0x0, 0x0, 0x0, 0x0, 0x0, 0xf, 0xff,
    0xa0, 0x0, 0x0, 0x5, 0xff, 0xfc, 0xbb, 0xbb,
    0xbb, 0xbb, 0xbb, 0xbb, 0xbf, 0xff, 0xa0, 0x0,
    0x0, 0x5, 0xff, 0xff, 0xff, 0xff, 0xff, 0xff,
    0xff, 0xff, 0xff, 0xff, 0xa0, 0x0, 0x0, 0x5,
    0xff, 0xff, 0xff, 0xff, 0xff, 0xff, 0xff, 0xff,
    0xff, 0xff, 0xa0, 0x0, 0x0, 0x5, 0xff, 0xf4,
    0x0, 0x0, 0x0, 0x0, 0x0, 0x0, 0x1f, 0xff,
    0xa0, 0x0, 0x0, 0x5, 0xff, 0xf3, 0x0, 0x0,
    0x0, 0x0, 0x0, 0x0, 0xf, 0xff, 0xa0, 0x0,
    0x0, 0x5, 0xff, 0xff, 0xff, 0xff, 0xff, 0xff,
    0xff, 0xff, 0xff, 0xff, 0xa0, 0x0, 0x0, 0x5,
    0xff, 0xff, 0xff, 0xff, 0xff, 0xff, 0xff, 0xff,
    0xff, 0xff, 0xa0, 0x0, 0x0, 0x5, 0xff, 0xff,
    0xff, 0xff, 0xff, 0xff, 0xff, 0xff, 0xff, 0xff,
    0xa0, 0x0, 0x0, 0x5, 0xff, 0xf5, 0x22, 0x22,
    0x22, 0x22, 0x22, 0x22, 0x3f, 0xff, 0xa0, 0x0,
    0x0, 0x5, 0xff, 0xf3, 0x0, 0x0, 0x0, 0x0,
    0x0, 0x0, 0xf, 0xff, 0xa0, 0x0,

    /* U+FF1F "？" */
    0x0, 0x0, 0x17, 0xac, 0xdb, 0x95, 0x0, 0x0,
    0x0, 0x1a, 0xff, 0xff, 0xff, 0xff, 0xd5, 0x0,
    0x4, 0xff, 0xff, 0xff, 0xff, 0xff, 0xff, 0x50,
    0x4f, 0xff, 0xff, 0xdb, 0xcf, 0xff, 0xff, 0xf2,
    0x1c, 0xff, 0xb2, 0x0, 0x0, 0x8f, 0xff, 0xf8,
    0x0, 0xb8, 0x0, 0x0, 0x0, 0xb, 0xff, 0xfb,
    0x0, 0x0, 0x0, 0x0, 0x0, 0x8, 0xff, 0xfb,
    0x0, 0x0, 0x0, 0x0, 0x0, 0xc, 0xff, 0xf7,
    0x0, 0x0, 0x0, 0x0, 0x0, 0x8f, 0xff, 0xe0,
    0x0, 0x0, 0x0, 0x0, 0xa, 0xff, 0xfd, 0x20,
    0x0, 0x0, 0x0, 0x1, 0xcf, 0xff, 0xc1, 0x0,
    0x0, 0x0, 0x0, 0xc, 0xff, 0xfa, 0x0, 0x0,
    0x0, 0x0, 0x0, 0xbf, 0xff, 0x90, 0x0, 0x0,
    0x0, 0x0, 0x2, 0xff, 0xfe, 0x0, 0x0, 0x0,
    0x0, 0x0, 0x3, 0xff, 0xfa, 0x0, 0x0, 0x0,
    0x0, 0x0, 0x1, 0x44, 0x42, 0x0, 0x0, 0x0,
    0x0, 0x0, 0x0, 0x0, 0x0, 0x0, 0x0, 0x0,
    0x0, 0x0, 0x0, 0x0, 0x0, 0x0, 0x0, 0x0,
    0x0, 0x0, 0x1, 0xbf, 0xd4, 0x0, 0x0, 0x0,
    0x0, 0x0, 0xb, 0xff, 0xff, 0x10, 0x0, 0x0,
    0x0, 0x0, 0xe, 0xff, 0xff, 0x40, 0x0, 0x0,
    0x0, 0x0, 0xc, 0xff, 0xff, 0x20, 0x0, 0x0,
    0x0, 0x0, 0x3, 0xef, 0xf7, 0x0, 0x0, 0x0,
    0x0, 0x0, 0x0, 0x3, 0x10, 0x0, 0x0, 0x0
};


/*---------------------
 *  GLYPH DESCRIPTION
 *--------------------*/

static const lv_font_fmt_txt_glyph_dsc_t glyph_dsc[] = {
    {.bitmap_index = 0, .adv_w = 0, .box_w = 0, .box_h = 0, .ofs_x = 0, .ofs_y = 0} /* id = 0 reserved */,
    {.bitmap_index = 0, .adv_w = 109, .box_w = 0, .box_h = 0, .ofs_x = 0, .ofs_y = 0},
    {.bitmap_index = 0, .adv_w = 178, .box_w = 7, .box_h = 23, .ofs_x = 2, .ofs_y = 0},
    {.bitmap_index = 81, .adv_w = 276, .box_w = 13, .box_h = 11, .ofs_x = 2, .ofs_y = 13},
    {.bitmap_index = 153, .adv_w = 283, .box_w = 16, .box_h = 22, .ofs_x = 1, .ofs_y = 0},
    {.bitmap_index = 329, .adv_w = 283, .box_w = 15, .box_h = 29, .ofs_x = 1, .ofs_y = -4},
    {.bitmap_index = 547, .adv_w = 462, .box_w = 28, .box_h = 22, .ofs_x = 0, .ofs_y = 0},
    {.bitmap_index = 855, .adv_w = 355, .box_w = 22, .box_h = 22, .ofs_x = 0, .ofs_y = 0},
    {.bitmap_index = 1097, .adv_w = 156, .box_w = 6, .box_h = 11, .ofs_x = 2, .ofs_y = 13},
    {.bitmap_index = 1130, .adv_w = 181, .box_w = 8, .box_h = 31, .ofs_x = 2, .ofs_y = -6},
    {.bitmap_index = 1254, .adv_w = 181, .box_w = 8, .box_h = 31, .ofs_x = 1, .ofs_y = -6},
    {.bitmap_index = 1378, .adv_w = 243, .box_w = 13, .box_h = 12, .ofs_x = 1, .ofs_y = 12},
    {.bitmap_index = 1456, .adv_w = 283, .box_w = 16, .box_h = 16, .ofs_x = 1, .ofs_y = 3},
    {.bitmap_index = 1584, .adv_w = 156, .box_w = 8, .box_h = 13, .ofs_x = 1, .ofs_y = -7},
    {.bitmap_index = 1636, .adv_w = 178, .box_w = 9, .box_h = 4, .ofs_x = 1, .ofs_y = 7},
    {.bitmap_index = 1654, .adv_w = 156, .box_w = 6, .box_h = 6, .ofs_x = 2, .ofs_y = 0},
    {.bitmap_index = 1672, .adv_w = 186, .box_w = 11, .box_h = 29, .ofs_x = 0, .ofs_y = -5},
    {.bitmap_index = 1832, .adv_w = 283, .box_w = 16, .box_h = 22, .ofs_x = 1, .ofs_y = 0},
    {.bitmap_index = 2008, .adv_w = 283, .box_w = 14, .box_h = 22, .ofs_x = 2, .ofs_y = 0},
    {.bitmap_index = 2162, .adv_w = 283, .box_w = 16, .box_h = 22, .ofs_x = 1, .ofs_y = 0},
    {.bitmap_index = 2338, .adv_w = 283, .box_w = 17, .box_h = 22, .ofs_x = 0, .ofs_y = 0},
    {.bitmap_index = 2525, .adv_w = 283, .box_w = 17, .box_h = 22, .ofs_x = 0, .ofs_y = 0},
    {.bitmap_index = 2712, .adv_w = 283, .box_w = 17, .box_h = 22, .ofs_x = 0, .ofs_y = 0},
    {.bitmap_index = 2899, .adv_w = 283, .box_w = 16, .box_h = 22, .ofs_x = 1, .ofs_y = 0},
    {.bitmap_index = 3075, .adv_w = 283, .box_w = 16, .box_h = 22, .ofs_x = 1, .ofs_y = 0},
    {.bitmap_index = 3251, .adv_w = 283, .box_w = 16, .box_h = 22, .ofs_x = 1, .ofs_y = 0},
    {.bitmap_index = 3427, .adv_w = 283, .box_w = 16, .box_h = 22, .ofs_x = 1, .ofs_y = 0},
    {.bitmap_index = 3603, .adv_w = 156, .box_w = 6, .box_h = 17, .ofs_x = 2, .ofs_y = 0},
    {.bitmap_index = 3654, .adv_w = 156, .box_w = 8, .box_h = 24, .ofs_x = 1, .ofs_y = -7},
    {.bitmap_index = 3750, .adv_w = 283, .box_w = 16, .box_h = 16, .ofs_x = 1, .ofs_y = 3},
    {.bitmap_index = 3878, .adv_w = 283, .box_w = 16, .box_h = 11, .ofs_x = 1, .ofs_y = 6},
    {.bitmap_index = 3966, .adv_w = 283, .box_w = 16, .box_h = 16, .ofs_x = 1, .ofs_y = 3},
    {.bitmap_index = 4094, .adv_w = 247, .box_w = 13, .box_h = 24, .ofs_x = 1, .ofs_y = 0},
    {.bitmap_index = 4250, .adv_w = 483, .box_w = 28, .box_h = 28, .ofs_x = 1, .ofs_y = -6},
    {.bitmap_index = 4642, .adv_w = 308, .box_w = 21, .box_h = 22, .ofs_x = -1, .ofs_y = 0},
    {.bitmap_index = 4873, .adv_w = 327, .box_w = 18, .box_h = 22, .ofs_x = 2, .ofs_y = 0},
    {.bitmap_index = 5071, .adv_w = 315, .box_w = 18, .box_h = 22, .ofs_x = 1, .ofs_y = 0},
    {.bitmap_index = 5269, .adv_w = 343, .box_w = 18, .box_h = 22, .ofs_x = 2, .ofs_y = 0},
    {.bitmap_index = 5467, .adv_w = 295, .box_w = 15, .box_h = 22, .ofs_x = 2, .ofs_y = 0},
    {.bitmap_index = 5632, .adv_w = 281, .box_w = 15, .box_h = 22, .ofs_x = 2, .ofs_y = 0},
    {.bitmap_index = 5797, .adv_w = 344, .box_w = 19, .box_h = 22, .ofs_x = 1, .ofs_y = 0},
    {.bitmap_index = 6006, .adv_w = 363, .box_w = 18, .box_h = 22, .ofs_x = 2, .ofs_y = 0},
    {.bitmap_index = 6204, .adv_w = 158, .box_w = 6, .box_h = 22, .ofs_x = 2, .ofs_y = 0},
    {.bitmap_index = 6270, .adv_w = 273, .box_w = 15, .box_h = 22, .ofs_x = 0, .ofs_y = 0},
    {.bitmap_index = 6435, .adv_w = 329, .box_w = 19, .box_h = 22, .ofs_x = 2, .ofs_y = 0},
    {.bitmap_index = 6644, .adv_w = 277, .box_w = 15, .box_h = 22, .ofs_x = 2, .ofs_y = 0},
    {.bitmap_index = 6809, .adv_w = 409, .box_w = 21, .box_h = 22, .ofs_x = 2, .ofs_y = 0},
    {.bitmap_index = 7040, .adv_w = 360, .box_w = 18, .box_h = 22, .ofs_x = 2, .ofs_y = 0},
    {.bitmap_index = 7238, .adv_w = 370, .box_w = 21, .box_h = 22, .ofs_x = 1, .ofs_y = 0},
    {.bitmap_index = 7469, .adv_w = 320, .box_w = 17, .box_h = 22, .ofs_x = 2, .ofs_y = 0},
    {.bitmap_index = 7656, .adv_w = 370, .box_w = 22, .box_h = 28, .ofs_x = 1, .ofs_y = -6},
    {.bitmap_index = 7964, .adv_w = 327, .box_w = 18, .box_h = 22, .ofs_x = 2, .ofs_y = 0},
    {.bitmap_index = 8162, .adv_w = 300, .box_w = 17, .box_h = 22, .ofs_x = 1, .ofs_y = 0},
    {.bitmap_index = 8349, .adv_w = 300, .box_w = 18, .box_h = 22, .ofs_x = 0, .ofs_y = 0},
    {.bitmap_index = 8547, .adv_w = 359, .box_w = 18, .box_h = 22, .ofs_x = 2, .ofs_y = 0},
    {.bitmap_index = 8745, .adv_w = 297, .box_w = 20, .box_h = 22, .ofs_x = -1, .ofs_y = 0},
    {.bitmap_index = 8965, .adv_w = 439, .box_w = 27, .box_h = 22, .ofs_x = 0, .ofs_y = 0},
    {.bitmap_index = 9262, .adv_w = 301, .box_w = 19, .box_h = 22, .ofs_x = 0, .ofs_y = 0},
    {.bitmap_index = 9471, .adv_w = 278, .box_w = 19, .box_h = 22, .ofs_x = -1, .ofs_y = 0},
    {.bitmap_index = 9680, .adv_w = 294, .box_w = 17, .box_h = 22, .ofs_x = 1, .ofs_y = 0},
    {.bitmap_index = 9867, .adv_w = 181, .box_w = 7, .box_h = 29, .ofs_x = 3, .ofs_y = -5},
    {.bitmap_index = 9969, .adv_w = 186, .box_w = 12, .box_h = 29, .ofs_x = 0, .ofs_y = -5},
    {.bitmap_index = 10143, .adv_w = 181, .box_w = 8, .box_h = 29, .ofs_x = 1, .ofs_y = -5},
    {.bitmap_index = 10259, .adv_w = 283, .box_w = 15, .box_h = 14, .ofs_x = 1, .ofs_y = 9},
    {.bitmap_index = 10364, .adv_w = 272, .box_w = 17, .box_h = 3, .ofs_x = 0, .ofs_y = -5},
    {.bitmap_index = 10390, .adv_w = 300, .box_w = 9, .box_h = 9, .ofs_x = 3, .ofs_y = 19},
    {.bitmap_index = 10431, .adv_w = 284, .box_w = 15, .box_h = 17, .ofs_x = 1, .ofs_y = 0},
    {.bitmap_index = 10559, .adv_w = 309, .box_w = 16, .box_h = 24, .ofs_x = 2, .ofs_y = 0},
    {.bitmap_index = 10751, .adv_w = 253, .box_w = 14, .box_h = 17, .ofs_x = 1, .ofs_y = 0},
    {.bitmap_index = 10870, .adv_w = 309, .box_w = 16, .box_h = 24, .ofs_x = 1, .ofs_y = 0},
    {.bitmap_index = 11062, .adv_w = 279, .box_w = 16, .box_h = 17, .ofs_x = 1, .ofs_y = 0},
    {.bitmap_index = 11198, .adv_w = 179, .box_w = 13, .box_h = 24, .ofs_x = 0, .ofs_y = 0},
    {.bitmap_index = 11354, .adv_w = 287, .box_w = 17, .box_h = 23, .ofs_x = 1, .ofs_y = -6},
    {.bitmap_index = 11550, .adv_w = 307, .box_w = 16, .box_h = 24, .ofs_x = 2, .ofs_y = 0},
    {.bitmap_index = 11742, .adv_w = 146, .box_w = 6, .box_h = 24, .ofs_x = 2, .ofs_y = 0},
    {.bitmap_index = 11814, .adv_w = 147, .box_w = 10, .box_h = 30, .ofs_x = -2, .ofs_y = -6},
    {.bitmap_index = 11964, .adv_w = 290, .box_w = 16, .box_h = 24, .ofs_x = 2, .ofs_y = 0},
    {.bitmap_index = 12156, .adv_w = 151, .box_w = 7, .box_h = 24, .ofs_x = 2, .ofs_y = 0},
    {.bitmap_index = 12240, .adv_w = 463, .box_w = 25, .box_h = 17, .ofs_x = 2, .ofs_y = 0},
    {.bitmap_index = 12453, .adv_w = 308, .box_w = 16, .box_h = 17, .ofs_x = 2, .ofs_y = 0},
    {.bitmap_index = 12589, .adv_w = 300, .box_w = 17, .box_h = 17, .ofs_x = 1, .ofs_y = 0},
    {.bitmap_index = 12734, .adv_w = 309, .box_w = 16, .box_h = 23, .ofs_x = 2, .ofs_y = -6},
    {.bitmap_index = 12918, .adv_w = 309, .box_w = 16, .box_h = 23, .ofs_x = 1, .ofs_y = -6},
    {.bitmap_index = 13102, .adv_w = 209, .box_w = 12, .box_h = 17, .ofs_x = 2, .ofs_y = 0},
    {.bitmap_index = 13204, .adv_w = 238, .box_w = 14, .box_h = 17, .ofs_x = 0, .ofs_y = 0},
    {.bitmap_index = 13323, .adv_w = 202, .box_w = 13, .box_h = 22, .ofs_x = 0, .ofs_y = 0},
    {.bitmap_index = 13466, .adv_w = 306, .box_w = 15, .box_h = 17, .ofs_x = 2, .ofs_y = 0},
    {.bitmap_index = 13594, .adv_w = 276, .box_w = 17, .box_h = 17, .ofs_x = 0, .ofs_y = 0},
    {.bitmap_index = 13739, .adv_w = 414, .box_w = 26, .box_h = 17, .ofs_x = 0, .ofs_y = 0},
    {.bitmap_index = 13960, .adv_w = 270, .box_w = 17, .box_h = 17, .ofs_x = 0, .ofs_y = 0},
    {.bitmap_index = 14105, .adv_w = 276, .box_w = 17, .box_h = 23, .ofs_x = 0, .ofs_y = -6},
    {.bitmap_index = 14301, .adv_w = 245, .box_w = 14, .box_h = 17, .ofs_x = 1, .ofs_y = 0},
    {.bitmap_index = 14420, .adv_w = 181, .box_w = 9, .box_h = 29, .ofs_x = 1, .ofs_y = -5},
    {.bitmap_index = 14551, .adv_w = 142, .box_w = 3, .box_h = 34, .ofs_x = 3, .ofs_y = -8},
    {.bitmap_index = 14602, .adv_w = 181, .box_w = 10, .box_h = 29, .ofs_x = 1, .ofs_y = -5},
    {.bitmap_index = 14747, .adv_w = 283, .box_w = 16, .box_h = 6, .ofs_x = 1, .ofs_y = 8},
    {.bitmap_index = 14795, .adv_w = 480, .box_w = 28, .box_h = 5, .ofs_x = 1, .ofs_y = 9},
    {.bitmap_index = 14865, .adv_w = 480, .box_w = 28, .box_h = 28, .ofs_x = 1, .ofs_y = -2},
    {.bitmap_index = 15257, .adv_w = 480, .box_w = 28, .box_h = 27, .ofs_x = 1, .ofs_y = -3},
    {.bitmap_index = 15635, .adv_w = 480, .box_w = 26, .box_h = 29, .ofs_x = 2, .ofs_y = -3},
    {.bitmap_index = 16012, .adv_w = 480, .box_w = 28, .box_h = 23, .ofs_x = 1, .ofs_y = -1},
    {.bitmap_index = 16334, .adv_w = 480, .box_w = 28, .box_h = 30, .ofs_x = 1, .ofs_y = -4},
    {.bitmap_index = 16754, .adv_w = 480, .box_w = 29, .box_h = 29, .ofs_x = 1, .ofs_y = -3},
    {.bitmap_index = 17175, .adv_w = 480, .box_w = 30, .box_h = 29, .ofs_x = 0, .ofs_y = -3},
    {.bitmap_index = 17610, .adv_w = 480, .box_w = 29, .box_h = 29, .ofs_x = 0, .ofs_y = -3},
    {.bitmap_index = 18031, .adv_w = 480, .box_w = 29, .box_h = 29, .ofs_x = 0, .ofs_y = -3},
    {.bitmap_index = 18452, .adv_w = 480, .box_w = 29, .box_h = 30, .ofs_x = 0, .ofs_y = -4},
    {.bitmap_index = 18887, .adv_w = 480, .box_w = 30, .box_h = 29, .ofs_x = 0, .ofs_y = -3},
    {.bitmap_index = 19322, .adv_w = 480, .box_w = 28, .box_h = 30, .ofs_x = 1, .ofs_y = -4},
    {.bitmap_index = 19742, .adv_w = 480, .box_w = 28, .box_h = 29, .ofs_x = 1, .ofs_y = -3},
    {.bitmap_index = 20148, .adv_w = 480, .box_w = 26, .box_h = 29, .ofs_x = 2, .ofs_y = -3},
    {.bitmap_index = 20525, .adv_w = 480, .box_w = 30, .box_h = 30, .ofs_x = 0, .ofs_y = -4},
    {.bitmap_index = 20975, .adv_w = 480, .box_w = 28, .box_h = 30, .ofs_x = 0, .ofs_y = -4},
    {.bitmap_index = 21395, .adv_w = 480, .box_w = 29, .box_h = 29, .ofs_x = 0, .ofs_y = -4},
    {.bitmap_index = 21816, .adv_w = 480, .box_w = 29, .box_h = 30, .ofs_x = 0, .ofs_y = -4},
    {.bitmap_index = 22251, .adv_w = 480, .box_w = 30, .box_h = 30, .ofs_x = 0, .ofs_y = -4},
    {.bitmap_index = 22701, .adv_w = 480, .box_w = 30, .box_h = 27, .ofs_x = 0, .ofs_y = -3},
    {.bitmap_index = 23106, .adv_w = 480, .box_w = 29, .box_h = 30, .ofs_x = 1, .ofs_y = -4},
    {.bitmap_index = 23541, .adv_w = 480, .box_w = 27, .box_h = 30, .ofs_x = 0, .ofs_y = -4},
    {.bitmap_index = 23946, .adv_w = 480, .box_w = 26, .box_h = 28, .ofs_x = 2, .ofs_y = -3},
    {.bitmap_index = 24310, .adv_w = 480, .box_w = 30, .box_h = 29, .ofs_x = 0, .ofs_y = -3},
    {.bitmap_index = 24745, .adv_w = 480, .box_w = 30, .box_h = 30, .ofs_x = 0, .ofs_y = -4},
    {.bitmap_index = 25195, .adv_w = 480, .box_w = 30, .box_h = 30, .ofs_x = 0, .ofs_y = -4},
    {.bitmap_index = 25645, .adv_w = 480, .box_w = 29, .box_h = 30, .ofs_x = 1, .ofs_y = -4},
    {.bitmap_index = 26080, .adv_w = 480, .box_w = 29, .box_h = 29, .ofs_x = 0, .ofs_y = -3},
    {.bitmap_index = 26501, .adv_w = 480, .box_w = 25, .box_h = 29, .ofs_x = 3, .ofs_y = -3},
    {.bitmap_index = 26864, .adv_w = 480, .box_w = 28, .box_h = 29, .ofs_x = 0, .ofs_y = -4},
    {.bitmap_index = 27270, .adv_w = 480, .box_w = 28, .box_h = 26, .ofs_x = 2, .ofs_y = -2},
    {.bitmap_index = 27634, .adv_w = 480, .box_w = 28, .box_h = 27, .ofs_x = 1, .ofs_y = -3},
    {.bitmap_index = 28012, .adv_w = 480, .box_w = 29, .box_h = 30, .ofs_x = 0, .ofs_y = -4},
    {.bitmap_index = 28447, .adv_w = 480, .box_w = 30, .box_h = 29, .ofs_x = 0, .ofs_y = -3},
    {.bitmap_index = 28882, .adv_w = 480, .box_w = 29, .box_h = 29, .ofs_x = 1, .ofs_y = -3},
    {.bitmap_index = 29303, .adv_w = 480, .box_w = 29, .box_h = 29, .ofs_x = 0, .ofs_y = -3},
    {.bitmap_index = 29724, .adv_w = 480, .box_w = 30, .box_h = 30, .ofs_x = 0, .ofs_y = -4},
    {.bitmap_index = 30174, .adv_w = 480, .box_w = 30, .box_h = 28, .ofs_x = 0, .ofs_y = -3},
    {.bitmap_index = 30594, .adv_w = 480, .box_w = 30, .box_h = 30, .ofs_x = 0, .ofs_y = -4},
    {.bitmap_index = 31044, .adv_w = 480, .box_w = 30, .box_h = 29, .ofs_x = 0, .ofs_y = -3},
    {.bitmap_index = 31479, .adv_w = 480, .box_w = 30, .box_h = 30, .ofs_x = 0, .ofs_y = -4},
    {.bitmap_index = 31929, .adv_w = 480, .box_w = 28, .box_h = 30, .ofs_x = 1, .ofs_y = -4},
    {.bitmap_index = 32349, .adv_w = 480, .box_w = 29, .box_h = 29, .ofs_x = 0, .ofs_y = -3},
    {.bitmap_index = 32770, .adv_w = 480, .box_w = 30, .box_h = 30, .ofs_x = 0, .ofs_y = -4},
    {.bitmap_index = 33220, .adv_w = 480, .box_w = 30, .box_h = 29, .ofs_x = 0, .ofs_y = -3},
    {.bitmap_index = 33655, .adv_w = 480, .box_w = 30, .box_h = 29, .ofs_x = 0, .ofs_y = -3},
    {.bitmap_index = 34090, .adv_w = 480, .box_w = 30, .box_h = 30, .ofs_x = 0, .ofs_y = -4},
    {.bitmap_index = 34540, .adv_w = 480, .box_w = 28, .box_h = 30, .ofs_x = 1, .ofs_y = -4},
    {.bitmap_index = 34960, .adv_w = 480, .box_w = 28, .box_h = 29, .ofs_x = 1, .ofs_y = -3},
    {.bitmap_index = 35366, .adv_w = 480, .box_w = 30, .box_h = 29, .ofs_x = 0, .ofs_y = -3},
    {.bitmap_index = 35801, .adv_w = 480, .box_w = 30, .box_h = 29, .ofs_x = 0, .ofs_y = -3},
    {.bitmap_index = 36236, .adv_w = 480, .box_w = 29, .box_h = 29, .ofs_x = 0, .ofs_y = -3},
    {.bitmap_index = 36657, .adv_w = 480, .box_w = 29, .box_h = 29, .ofs_x = 0, .ofs_y = -3},
    {.bitmap_index = 37078, .adv_w = 480, .box_w = 28, .box_h = 29, .ofs_x = 1, .ofs_y = -3},
    {.bitmap_index = 37484, .adv_w = 480, .box_w = 29, .box_h = 28, .ofs_x = 0, .ofs_y = -3},
    {.bitmap_index = 37890, .adv_w = 480, .box_w = 28, .box_h = 29, .ofs_x = 2, .ofs_y = -3},
    {.bitmap_index = 38296, .adv_w = 480, .box_w = 29, .box_h = 30, .ofs_x = 0, .ofs_y = -4},
    {.bitmap_index = 38731, .adv_w = 480, .box_w = 30, .box_h = 30, .ofs_x = 0, .ofs_y = -4},
    {.bitmap_index = 39181, .adv_w = 480, .box_w = 28, .box_h = 29, .ofs_x = 1, .ofs_y = -3},
    {.bitmap_index = 39587, .adv_w = 480, .box_w = 30, .box_h = 29, .ofs_x = 0, .ofs_y = -3},
    {.bitmap_index = 40022, .adv_w = 480, .box_w = 30, .box_h = 30, .ofs_x = 0, .ofs_y = -4},
    {.bitmap_index = 40472, .adv_w = 480, .box_w = 30, .box_h = 28, .ofs_x = 0, .ofs_y = -4},
    {.bitmap_index = 40892, .adv_w = 480, .box_w = 28, .box_h = 28, .ofs_x = 0, .ofs_y = -4},
    {.bitmap_index = 41284, .adv_w = 480, .box_w = 30, .box_h = 29, .ofs_x = 0, .ofs_y = -4},
    {.bitmap_index = 41719, .adv_w = 480, .box_w = 27, .box_h = 30, .ofs_x = 2, .ofs_y = -4},
    {.bitmap_index = 42124, .adv_w = 480, .box_w = 22, .box_h = 27, .ofs_x = 4, .ofs_y = -3},
    {.bitmap_index = 42421, .adv_w = 480, .box_w = 28, .box_h = 29, .ofs_x = 0, .ofs_y = -3},
    {.bitmap_index = 42827, .adv_w = 480, .box_w = 29, .box_h = 29, .ofs_x = 0, .ofs_y = -3},
    {.bitmap_index = 43248, .adv_w = 480, .box_w = 30, .box_h = 30, .ofs_x = 0, .ofs_y = -4},
    {.bitmap_index = 43698, .adv_w = 480, .box_w = 28, .box_h = 29, .ofs_x = 1, .ofs_y = -3},
    {.bitmap_index = 44104, .adv_w = 480, .box_w = 29, .box_h = 29, .ofs_x = 1, .ofs_y = -3},
    {.bitmap_index = 44525, .adv_w = 480, .box_w = 29, .box_h = 29, .ofs_x = 0, .ofs_y = -3},
    {.bitmap_index = 44946, .adv_w = 480, .box_w = 29, .box_h = 29, .ofs_x = 0, .ofs_y = -3},
    {.bitmap_index = 45367, .adv_w = 480, .box_w = 29, .box_h = 30, .ofs_x = 1, .ofs_y = -4},
    {.bitmap_index = 45802, .adv_w = 480, .box_w = 30, .box_h = 29, .ofs_x = 0, .ofs_y = -3},
    {.bitmap_index = 46237, .adv_w = 480, .box_w = 30, .box_h = 29, .ofs_x = 0, .ofs_y = -3},
    {.bitmap_index = 46672, .adv_w = 480, .box_w = 28, .box_h = 29, .ofs_x = 1, .ofs_y = -3},
    {.bitmap_index = 47078, .adv_w = 480, .box_w = 30, .box_h = 30, .ofs_x = 0, .ofs_y = -4},
    {.bitmap_index = 47528, .adv_w = 480, .box_w = 29, .box_h = 29, .ofs_x = 1, .ofs_y = -3},
    {.bitmap_index = 47949, .adv_w = 480, .box_w = 29, .box_h = 30, .ofs_x = 1, .ofs_y = -4},
    {.bitmap_index = 48384, .adv_w = 480, .box_w = 29, .box_h = 29, .ofs_x = 0, .ofs_y = -3},
    {.bitmap_index = 48805, .adv_w = 480, .box_w = 30, .box_h = 30, .ofs_x = 0, .ofs_y = -4},
    {.bitmap_index = 49255, .adv_w = 480, .box_w = 29, .box_h = 30, .ofs_x = 1, .ofs_y = -4},
    {.bitmap_index = 49690, .adv_w = 480, .box_w = 30, .box_h = 29, .ofs_x = 0, .ofs_y = -3},
    {.bitmap_index = 50125, .adv_w = 480, .box_w = 30, .box_h = 29, .ofs_x = 0, .ofs_y = -3},
    {.bitmap_index = 50560, .adv_w = 480, .box_w = 30, .box_h = 29, .ofs_x = 0, .ofs_y = -3},
    {.bitmap_index = 50995, .adv_w = 480, .box_w = 30, .box_h = 29, .ofs_x = 0, .ofs_y = -3},
    {.bitmap_index = 51430, .adv_w = 480, .box_w = 28, .box_h = 28, .ofs_x = 1, .ofs_y = -2},
    {.bitmap_index = 51822, .adv_w = 480, .box_w = 29, .box_h = 30, .ofs_x = 0, .ofs_y = -4},
    {.bitmap_index = 52257, .adv_w = 480, .box_w = 30, .box_h = 30, .ofs_x = 0, .ofs_y = -4},
    {.bitmap_index = 52707, .adv_w = 480, .box_w = 26, .box_h = 29, .ofs_x = 2, .ofs_y = -4},
    {.bitmap_index = 53084, .adv_w = 480, .box_w = 27, .box_h = 29, .ofs_x = 2, .ofs_y = -4},
    {.bitmap_index = 53476, .adv_w = 480, .box_w = 29, .box_h = 29, .ofs_x = 1, .ofs_y = -3},
    {.bitmap_index = 53897, .adv_w = 480, .box_w = 30, .box_h = 29, .ofs_x = 0, .ofs_y = -3},
    {.bitmap_index = 54332, .adv_w = 480, .box_w = 30, .box_h = 28, .ofs_x = 0, .ofs_y = -3},
    {.bitmap_index = 54752, .adv_w = 480, .box_w = 28, .box_h = 29, .ofs_x = 1, .ofs_y = -3},
    {.bitmap_index = 55158, .adv_w = 480, .box_w = 29, .box_h = 28, .ofs_x = 0, .ofs_y = -3},
    {.bitmap_index = 55564, .adv_w = 480, .box_w = 30, .box_h = 28, .ofs_x = 0, .ofs_y = -3},
    {.bitmap_index = 55984, .adv_w = 480, .box_w = 30, .box_h = 28, .ofs_x = 0, .ofs_y = -3},
    {.bitmap_index = 56404, .adv_w = 480, .box_w = 30, .box_h = 29, .ofs_x = 0, .ofs_y = -4},
    {.bitmap_index = 56839, .adv_w = 480, .box_w = 28, .box_h = 29, .ofs_x = 1, .ofs_y = -3},
    {.bitmap_index = 57245, .adv_w = 480, .box_w = 16, .box_h = 24, .ofs_x = 7, .ofs_y = -1}
};

/*---------------------
 *  CHARACTER MAPPING
 *--------------------*/

static const uint16_t unicode_list_1[] = {
    0x0, 0xa, 0xb, 0x2d, 0x8c, 0xae, 0xe4, 0x1dd,
    0x23c, 0x25c, 0x299, 0x332, 0x348, 0x371, 0x3fa, 0x406,
    0x429, 0x436, 0x4d5, 0x4dd, 0x5d6, 0x5f2, 0x60d, 0x8de,
    0xbcb, 0xd58, 0xd9a, 0xdb6, 0xe0d, 0xe1a, 0xe40, 0xff2,
    0x1073, 0x108f, 0x10a6, 0x110f, 0x1197, 0x11a9, 0x11c5, 0x11eb,
    0x1262, 0x1430, 0x144b, 0x1507, 0x16a4, 0x1748, 0x1778, 0x17b0,
    0x17b9, 0x186e, 0x192a, 0x195f, 0x1b75, 0x1c19, 0x1d65, 0x1d77,
    0x1dd4, 0x1f88, 0x2005, 0x2096, 0x2321, 0x2406, 0x25a9, 0x2728,
    0x274c, 0x2884, 0x28ee, 0x29e5, 0x2aba, 0x2c31, 0x2d2c, 0x2f00,
    0x2f50, 0x3205, 0x3246, 0x327d, 0x33f4, 0x3407, 0x385f, 0x3ac2,
    0x3c2d, 0x3c9e, 0x3caa, 0x3ccb, 0x3efd, 0x41d4, 0x421a, 0x421f,
    0x43cd, 0x44b7, 0x4504, 0x478b, 0x4850, 0x4864, 0x48d9, 0x4907,
    0x49f3, 0x4a01, 0x4a06, 0x4a08, 0x4a10, 0x4b96, 0xb11f
};

/*Collect the unicode lists and glyph_id offsets*/
static const lv_font_fmt_txt_cmap_t cmaps[] =
{
    {
        .range_start = 32, .range_length = 95, .glyph_id_start = 1,
        .unicode_list = NULL, .glyph_id_ofs_list = NULL, .list_length = 0, .type = LV_FONT_FMT_TXT_CMAP_FORMAT0_TINY
    },
    {
        .range_start = 19968, .range_length = 45344, .glyph_id_start = 96,
        .unicode_list = unicode_list_1, .glyph_id_ofs_list = NULL, .list_length = 103, .type = LV_FONT_FMT_TXT_CMAP_SPARSE_TINY
    }
};

/*-----------------
 *    KERNING
 *----------------*/


/*Map glyph_ids to kern left classes*/
static const uint8_t kern_left_class_mapping[] =
{
    0, 0, 0, 1, 0, 0, 0, 0,
    1, 2, 0, 0, 0, 3, 4, 3,
    5, 0, 0, 0, 0, 0, 0, 0,
    0, 0, 0, 6, 6, 0, 0, 0,
    0, 0, 7, 8, 9, 10, 11, 12,
    13, 0, 0, 14, 15, 16, 0, 0,
    10, 17, 10, 18, 19, 20, 21, 22,
    23, 24, 25, 26, 2, 27, 0, 0,
    0, 0, 28, 29, 30, 0, 31, 32,
    33, 34, 0, 0, 35, 36, 34, 34,
    29, 29, 37, 38, 39, 40, 37, 41,
    42, 43, 44, 45, 2, 0, 0, 0,
    0, 0, 0, 0, 0, 0, 0, 0,
    0, 0, 0, 0, 0, 0, 0, 0,
    0, 0, 0, 0, 0, 0, 0, 0,
    0, 0, 0, 0, 0, 0, 0, 0,
    0, 0, 0, 0, 0, 0, 0, 0,
    0, 0, 0, 0, 0, 0, 0, 0,
    0, 0, 0, 0, 0, 0, 0, 0,
    0, 0, 0, 0, 0, 0, 0, 0,
    0, 0, 0, 0, 0, 0, 0, 0,
    0, 0, 0, 0, 0, 0, 0, 0,
    0, 0, 0, 0, 0, 0, 0, 0,
    0, 0, 0, 0, 0, 0, 0, 0,
    0, 0, 0, 0, 0, 0, 0
};

/*Map glyph_ids to kern right classes*/
static const uint8_t kern_right_class_mapping[] =
{
    0, 0, 1, 2, 0, 0, 0, 0,
    2, 0, 3, 4, 0, 5, 6, 7,
    8, 0, 0, 0, 0, 0, 0, 0,
    0, 0, 0, 9, 10, 0, 0, 0,
    11, 0, 12, 0, 13, 0, 0, 0,
    13, 0, 0, 14, 0, 0, 0, 0,
    13, 0, 13, 0, 15, 16, 17, 18,
    19, 20, 21, 22, 0, 23, 3, 0,
    0, 0, 24, 0, 25, 25, 25, 26,
    27, 0, 28, 29, 0, 0, 30, 30,
    25, 30, 25, 30, 31, 32, 33, 34,
    35, 36, 37, 38, 0, 0, 3, 0,
    0, 0, 0, 0, 0, 0, 0, 0,
    0, 0, 0, 0, 0, 0, 0, 0,
    0, 0, 0, 0, 0, 0, 0, 0,
    0, 0, 0, 0, 0, 0, 0, 0,
    0, 0, 0, 0, 0, 0, 0, 0,
    0, 0, 0, 0, 0, 0, 0, 0,
    0, 0, 0, 0, 0, 0, 0, 0,
    0, 0, 0, 0, 0, 0, 0, 0,
    0, 0, 0, 0, 0, 0, 0, 0,
    0, 0, 0, 0, 0, 0, 0, 0,
    0, 0, 0, 0, 0, 0, 0, 0,
    0, 0, 0, 0, 0, 0, 0, 0,
    0, 0, 0, 0, 0, 0, 0
};

/*Kern values between classes*/
static const int8_t kern_class_values[] =
{
    0, 0, 0, 0, -70, 0, -70, 0,
    0, 0, 0, -37, 0, -59, -6, 0,
    0, 0, 0, -6, 0, 0, 0, 0,
    -11, 0, 0, 0, 0, 0, -11, 0,
    0, 0, 0, 0, 0, 0, 0, 0,
    0, 0, 0, 0, 0, 0, 0, 0,
    0, 0, 0, -11, 0, 0, 0, 0,
    0, 0, 0, 0, 0, 0, 0, 0,
    0, 0, 44, 0, 0, 0, 0, 0,
    0, 0, 0, 0, 0, -65, 0, -87,
    0, 0, 0, 0, 0, 0, 0, 0,
    0, 0, 0, -54, -14, -40, -20, 0,
    -58, 0, 0, 0, -6, 0, 0, 0,
    18, 0, 0, -32, 0, -29, -17, 0,
    -11, 0, 0, 0, 0, 0, 0, 0,
    0, 0, 0, 0, 0, 0, 0, -11,
    -13, -29, 0, -11, -6, -19, -40, -11,
    0, 0, 0, 0, 0, 0, 0, 0,
    0, -12, 0, -8, 0, -9, 0, 0,
    0, 0, 0, 0, 0, 0, 0, 0,
    0, 0, 0, -22, -6, -44, 0, 0,
    0, 0, 0, 0, 0, 0, 0, -15,
    -11, 0, -6, 7, 7, 0, 0, 0,
    -11, 0, 0, 0, 0, 0, 0, 0,
    0, -19, 0, 0, 0, 0, 0, 0,
    0, 0, 0, 0, 0, 0, 0, 0,
    0, 0, -18, 0, 0, 0, 0, 0,
    0, 0, 2, 0, 0, 0, 0, 0,
    0, 0, 0, 0, 0, -37, 0, -47,
    0, 0, 0, 0, 0, 0, -18, -1,
    -6, 0, 0, -37, -7, -9, 0, -2,
    -9, -2, -22, 9, 0, -6, 0, 0,
    0, 0, 9, -9, -1, -8, -4, -4,
    -8, 0, 0, 0, 0, -16, 0, 0,
    0, 0, 0, 0, 0, 0, 0, -10,
    -9, -15, 0, -6, -4, -4, -9, -4,
    0, 0, 0, 0, 0, 0, 0, 0,
    0, -6, 0, -9, -6, -6, -9, 0,
    0, 0, 0, 0, 0, -18, 0, 0,
    0, 0, 0, 0, -19, -6, -15, -8,
    -9, -4, -4, -4, -8, -6, 0, 0,
    0, 0, -11, 0, 0, 0, 0, -19,
    -6, -9, -6, 0, -9, 0, 0, 0,
    0, -14, 0, 0, 0, -8, 0, 0,
    0, -6, 0, -27, 0, -15, 0, -6,
    -1, -13, -11, -11, 0, 0, 0, 0,
    0, 0, 0, 0, 0, 0, 0, 0,
    0, -9, 0, -8, 0, 0, 0, 0,
    0, 0, 0, 0, 0, 0, 0, 0,
    0, 0, 0, 0, 0, 0, 0, 0,
    0, 0, 0, 0, -6, 0, 0, 0,
    0, 0, 0, -15, 0, -6, 0, -22,
    -6, 0, 0, 0, 0, 0, -48, 0,
    -48, -29, 0, 0, 0, -21, -6, -73,
    -14, 0, 0, -2, -2, -15, -5, -16,
    0, -20, -9, 0, -15, 0, 0, -11,
    -14, -6, -10, -17, -13, -18, -13, -25,
    0, 0, 0, -13, 0, 0, 0, 0,
    0, 0, 0, -4, 0, 0, 0, -11,
    0, -9, -4, 0, 0, 0, 0, 0,
    0, 0, 0, 0, 0, 0, 0, 0,
    0, 0, 0, 0, 0, 0, 0, 0,
    0, 0, -15, 0, -15, 0, 0, 0,
    0, 0, 0, -22, 0, 0, 0, 0,
    0, 0, 0, 0, 0, 0, 0, 0,
    0, 0, 0, 0, 0, 0, 0, 0,
    0, 0, 0, 0, 0, -17, 0, -22,
    0, -25, 0, 0, 0, 0, -8, -6,
    -14, 0, -9, -13, -9, -9, -6, 0,
    -13, 0, 0, 0, -8, 0, 0, 0,
    -6, 0, 0, -26, -7, -17, -13, -13,
    -17, -9, 0, -69, 0, -91, 0, -25,
    0, 0, 0, 0, -25, -2, -18, 0,
    -14, -65, -19, -43, -32, 0, -45, 0,
    -44, 0, -7, -9, -4, 0, 0, 0,
    0, -14, -6, -26, -20, 0, -26, 0,
    0, 0, 0, 0, -69, -14, -69, -31,
    0, 0, 0, -27, 0, -78, -6, -9,
    0, 0, 0, -15, -6, -32, 0, -20,
    -12, 0, -11, 0, 0, 0, -6, 0,
    0, 0, 0, -9, 0, -11, 0, 0,
    0, -6, 0, -17, 0, 0, 0, 0,
    0, -4, 0, -8, -8, -9, 0, -4,
    1, -4, -6, -6, 0, -4, -6, 0,
    -4, 0, 0, 0, 0, 0, 0, 0,
    0, -8, 0, -8, 0, 0, 0, -7,
    0, 9, 0, 0, 0, 0, 0, 0,
    0, -9, -9, -11, 0, 0, 0, 0,
    -9, 0, 0, 0, 0, 0, 0, 0,
    0, 0, 0, -15, 0, 0, 0, 0,
    0, -6, 0, 0, 0, 0, -62, -36,
    -62, -40, -11, -11, 0, -22, -15, -67,
    -16, 0, 0, 0, 0, -11, -9, -25,
    0, -36, -40, -8, -36, 0, 0, -24,
    -32, -8, -24, -14, -14, -16, -14, -36,
    0, 0, 0, 0, -13, 0, -13, -11,
    0, 0, 0, -7, 0, -29, -6, 0,
    0, -4, 0, -6, -9, 0, 0, -4,
    0, 0, -6, 0, 0, 0, -4, 0,
    0, 0, 0, -8, 0, 0, 0, 0,
    0, 0, -40, -11, -40, -18, 0, 0,
    0, -9, -6, -36, -6, 0, -6, 6,
    0, 0, 0, -11, 0, -17, -10, 0,
    -11, 0, 0, -11, -9, 0, -16, -5,
    -5, -10, -5, -12, 0, 0, 0, 0,
    -20, -6, -20, -8, 0, 0, 0, 0,
    -1, -28, -1, 0, 0, 0, 0, 0,
    0, -1, 0, -7, 0, 0, -3, 0,
    0, 0, 0, 0, 0, 0, 0, 0,
    0, -6, 0, -6, 0, -6, 0, -19,
    0, 0, 0, 0, 0, -2, -13, -6,
    -9, -11, -6, 0, 0, 0, 0, 0,
    0, -6, -8, -13, 0, 0, 0, 0,
    0, -13, -6, -13, -9, -6, -13, -9,
    0, 0, 0, 0, -58, -40, -58, -29,
    -18, -18, -8, -9, -9, -54, -10, -9,
    -6, 0, 0, 0, 0, -12, 0, -40,
    -28, 0, -33, 0, 0, -22, -28, -24,
    -20, -9, -15, -20, -9, -29, 0, 0,
    0, 0, 0, -14, 0, 0, 0, 0,
    0, -1, -11, -14, -16, 0, -6, -1,
    -1, 0, -9, -7, 0, -7, -9, -11,
    -7, 0, 0, 0, 0, -9, -9, -7,
    -7, -15, -7, 0, 0, 0, 0, 0,
    0, 0, 0, 0, 0, 0, 0, 0,
    0, 0, 0, -39, -11, -25, -11, 0,
    -36, 0, 0, 0, 0, 0, 14, 0,
    36, 0, 0, 0, 0, -11, -6, 0,
    3, 0, 0, 0, 0, -25, 0, 0,
    0, 0, 0, 0, -15, 0, 0, 0,
    0, -15, 0, -13, -4, 0, -15, 0,
    0, 0, 0, 0, 0, 0, 0, 0,
    0, -9, 0, 0, 0, 0, 0, 0,
    0, -11, 0, -7, -6, 1, -6, 0,
    0, 0, -15, 0, 0, 0, 0, -32,
    0, -11, 0, -4, -29, 0, -18, -7,
    0, -2, 0, 0, 0, 0, -2, -13,
    0, -4, -4, -13, -4, -6, 0, 0,
    0, 0, 0, -17, 0, 0, 0, 0,
    0, 0, 0, 0, 0, -11, 0, -9,
    0, 0, -15, 0, 0, -6, -14, 0,
    -6, 0, 0, 0, 0, -6, 0, 1,
    1, 0, 1, 0, 0, 0, 0, -14,
    0, 6, 0, 0, 0, 0, -8, 0,
    0, -11, -11, -15, 0, -13, -6, 0,
    -18, 0, -17, -7, 0, -2, -6, 0,
    0, 0, 0, -6, 0, -2, -2, -8,
    -2, -3, 3, 22, 22, 0, -33, -9,
    -33, -3, 0, 0, 12, 0, 0, 0,
    0, 24, 0, 34, 24, 14, 27, 0,
    22, -11, -6, 0, -7, 0, -6, 0,
    -4, 0, 0, 3, 0, -4, 0, -9,
    0, 0, 3, -14, 0, 0, 0, 18,
    0, 0, -24, 0, 0, 0, 0, -18,
    0, 0, 0, 0, -9, 0, 0, -10,
    -9, 0, 0, 0, 24, 0, 0, 0,
    0, -4, -4, 0, 4, -9, 0, 0,
    0, -14, 0, 0, 0, 0, 0, 0,
    -8, 0, 0, 0, 0, -15, 0, -6,
    0, 0, -13, 0, 0, 0, 0, 0,
    0, 0, 0, 0, 0, 0, 0, 0,
    0, 0, 0, 0, 0, 0, 0, -11,
    3, -40, 3, 0, 3, 3, -15, 0,
    0, 0, 0, -26, 0, 0, 0, 0,
    -9, 0, 0, -6, -14, 0, -6, 0,
    -6, 0, 0, -17, -9, 0, 0, -8,
    0, -8, 0, 0, 0, 0, 0, 0,
    0, 0, 0, 0, 0, 0, 0, 0,
    0, 0, 0, 0, 0, 0, 0, 0,
    0, 0, 0, 0, 0, 0, 6, 0,
    0, 0, 0, 0, 0, 0, 0, 0,
    0, 0, 0, -9, 0, 0, 0, 0,
    0, 0, 0, 0, 0, 0, 0, -11,
    0, -9, 0, 0, -16, 0, 0, 0,
    0, 0, 0, 0, 0, 0, 0, 0,
    0, 0, 0, 0, 0, 0, 0, 0,
    0, 0, -43, -15, -43, -14, 7, 7,
    0, -9, 0, -37, 0, 0, 0, 0,
    0, 0, 0, -6, 3, -15, -6, 0,
    -6, 0, 0, 0, -4, 0, 0, 7,
    5, 0, 7, -4, 0, 0, 0, -19,
    0, 6, 0, 0, 0, 0, -12, 0,
    0, 0, 0, -15, 0, -6, 0, 0,
    -11, 0, 0, 0, 0, 0, 0, 0,
    0, 0, 0, -11, 0, 0, 0, 0,
    0, 0, 0, 0, 0, 0, -4, -18,
    -4, 0, 3, 3, -18, 0, 0, 0,
    0, -9, 0, 0, 0, 0, -4, 0,
    0, -11, -9, 0, -6, 0, 0, 0,
    -6, -11, 0, 0, 0, -7, 0, 0,
    0, 0, 0, -6, -29, -8, -29, -11,
    0, 0, 0, -7, 0, -22, 0, -11,
    0, -5, 0, 0, -9, -6, 0, -11,
    -4, 0, 0, 0, -6, 0, 0, 0,
    0, 0, 0, 0, 0, -15, 0, 0,
    0, -6, -39, 0, -39, -2, 0, 0,
    0, -4, 0, -16, 0, -15, 0, -5,
    0, -9, -15, 0, 0, -6, -4, 0,
    0, 0, -6, 0, 0, 0, 0, 0,
    0, 0, 0, -13, -9, 0, 0, -12,
    8, -9, -8, 0, 0, 8, 0, 0,
    -6, 0, -4, -14, 0, -10, 0, -6,
    -20, 0, 0, -6, -13, 0, 0, 0,
    0, 0, 0, -15, 0, 0, 0, 0,
    -6, 0, 0, 0, 0, 0, -29, 0,
    -29, -3, 0, 0, 0, 0, 0, -22,
    0, -11, 0, -4, 0, -4, -8, 0,
    0, -11, -4, 0, 0, 0, -6, 0,
    0, 0, 0, 0, 0, -9, 0, -15,
    0, 0, 0, 0, 0, -13, 0, 0,
    0, 0, 0, 0, 0, 0, 0, -12,
    0, 0, 0, 0, -11, 0, 0, -9,
    -6, 0, -1, 0, 0, 0, 0, 0,
    -6, -4, 0, 0, -4, 0
};


/*Collect the kern class' data in one place*/
static const lv_font_fmt_txt_kern_classes_t kern_classes =
{
    .class_pair_values   = kern_class_values,
    .left_class_mapping  = kern_left_class_mapping,
    .right_class_mapping = kern_right_class_mapping,
    .left_class_cnt      = 45,
    .right_class_cnt     = 38,
};

/*--------------------
 *  ALL CUSTOM DATA
 *--------------------*/

#if LVGL_VERSION_MAJOR == 8
/*Store all the custom data of the font*/
static  lv_font_fmt_txt_glyph_cache_t cache;
#endif

#if LVGL_VERSION_MAJOR >= 8
static const lv_font_fmt_txt_dsc_t font_dsc = {
#else
static lv_font_fmt_txt_dsc_t font_dsc = {
#endif
    .glyph_bitmap = glyph_bitmap,
    .glyph_dsc = glyph_dsc,
    .cmaps = cmaps,
    .kern_dsc = &kern_classes,
    .kern_scale = 16,
    .cmap_num = 2,
    .bpp = 4,
    .kern_classes = 1,
    .bitmap_format = 0,
#if LVGL_VERSION_MAJOR == 8
    .cache = &cache
#endif
};



/*-----------------
 *  PUBLIC FONT
 *----------------*/

/*Initialize a public general font descriptor*/
#if LVGL_VERSION_MAJOR >= 8
const lv_font_t font_tc_30 = {
#else
lv_font_t font_tc_30 = {
#endif
    .get_glyph_dsc = lv_font_get_glyph_dsc_fmt_txt,    /*Function pointer to get glyph's data*/
    .get_glyph_bitmap = lv_font_get_bitmap_fmt_txt,    /*Function pointer to get glyph's bitmap*/
    .line_height = 36,          /*The maximum line height required by the font*/
    .base_line = 8,             /*Baseline measured from the bottom of the line*/
#if !(LVGL_VERSION_MAJOR == 6 && LVGL_VERSION_MINOR == 0)
    .subpx = LV_FONT_SUBPX_NONE,
#endif
#if LV_VERSION_CHECK(7, 4, 0) || LVGL_VERSION_MAJOR >= 8
    .underline_position = -4,
    .underline_thickness = 2,
#endif
    .dsc = &font_dsc,          /*The custom font data. Will be accessed by `get_glyph_bitmap/dsc` */
#if LV_VERSION_CHECK(8, 2, 0) || LVGL_VERSION_MAJOR >= 9
    .fallback = NULL,
#endif
    .user_data = NULL,
};



#endif /*#if FONT_TC_30*/

